date,merchant_id,product,category,orders,units_sold,revenue,expenses,inventory
2026-03-20,M001,Bluetooth Speaker,Electronics,10,11,24200.00,17182.00,59
2026-03-20,M001,Phone Case,Accessories,18,25,6250.00,3500.00,295
2026-03-20,M001,Power Bank,Electronics,10,11,16500.00,11550.00,99
2026-03-20,M001,Screen Guard,Accessories,9,10,1500.00,780.00,370
2026-03-20,M001,Smart Watch,Electronics,9,11,28600.00,20592.00,79
2026-03-20,M001,USB-C Cable,Accessories,6,9,3150.00,1827.00,251
2026-03-20,M001,Wireless Earbuds,Electronics,18,19,34200.00,23940.00,131
2026-03-20,M002,Atta 5kg,Grocery,12,13,3380.00,2771.60,187
2026-03-20,M002,Biscuits Pack,Snacks,21,30,1800.00,1332.00,270
2026-03-20,M002,Cooking Oil 1L,Grocery,24,31,4495.00,3775.80,149
2026-03-20,M002,Detergent 1kg,Household,5,5,600.00,468.00,205
2026-03-20,M002,Milk Powder 500g,Grocery,1,1,290.00,232.00,119
2026-03-20,M002,Rice 5kg,Grocery,23,25,8500.00,7055.00,135
2026-03-20,M002,Sugar 1kg,Grocery,12,15,720.00,619.20,225
2026-03-20,M002,Tea Powder 500g,Beverages,13,15,3300.00,2475.00,135
2026-03-20,M003,Cold Coffee,Beverages,31,38,4560.00,1732.80,222
2026-03-20,M003,Cookies,Snacks,6,8,480.00,172.80,212
2026-03-20,M003,Filter Coffee,Beverages,14,22,1100.00,374.00,298
2026-03-20,M003,Masala Chai,Beverages,31,43,1720.00,550.40,357
2026-03-20,M003,Samosa,Food,13,20,500.00,150.00,360
2026-03-20,M003,Veg Sandwich,Food,12,12,1320.00,554.40,188
2026-03-20,M004,Cotton Kurta,Apparel,18,20,17980.00,9349.60,120
2026-03-20,M004,Denim Jeans,Apparel,14,17,24650.00,13557.50,93
2026-03-20,M004,Formal Shirt,Apparel,7,8,8800.00,4752.00,112
2026-03-20,M004,Saree,Ethnic Wear,8,9,19800.00,11484.00,81
2026-03-20,M004,Scarf,Accessories,9,11,3850.00,1771.00,149
2026-03-20,M004,T-Shirt,Apparel,10,13,6487.00,3243.50,187
2026-03-21,M001,Bluetooth Speaker,Electronics,4,5,11000.00,7810.00,54
2026-03-21,M001,Phone Case,Accessories,15,21,5250.00,2940.00,274
2026-03-21,M001,Power Bank,Electronics,14,15,22500.00,15750.00,84
2026-03-21,M001,Screen Guard,Accessories,11,14,2100.00,1092.00,356
2026-03-21,M001,Smart Watch,Electronics,8,8,20800.00,14976.00,71
2026-03-21,M001,USB-C Cable,Accessories,4,7,2450.00,1421.00,244
2026-03-21,M001,Wireless Earbuds,Electronics,9,9,16200.00,11340.00,122
2026-03-21,M002,Atta 5kg,Grocery,30,37,9620.00,7888.40,150
2026-03-21,M002,Biscuits Pack,Snacks,30,43,2580.00,1909.20,227
2026-03-21,M002,Cooking Oil 1L,Grocery,22,29,3961.25,3532.20,120
2026-03-21,M002,Detergent 1kg,Household,11,14,1580.20,1310.40,191
2026-03-21,M002,Milk Powder 500g,Grocery,5,7,2030.00,1624.00,112
2026-03-21,M002,Rice 5kg,Grocery,31,36,12240.00,10159.20,99
2026-03-21,M002,Sugar 1kg,Grocery,18,26,1248.00,1073.28,199
2026-03-21,M002,Tea Powder 500g,Beverages,25,29,6380.00,4785.00,106
2026-03-21,M003,Cold Coffee,Beverages,22,26,3120.00,1185.60,196
2026-03-21,M003,Cookies,Snacks,10,11,660.00,237.60,201
2026-03-21,M003,Filter Coffee,Beverages,25,35,1532.27,595.00,263
2026-03-21,M003,Masala Chai,Beverages,27,45,1800.00,576.00,312
2026-03-21,M003,Samosa,Food,10,19,475.00,142.50,341
2026-03-21,M003,Veg Sandwich,Food,22,29,3190.00,1339.80,159
2026-03-21,M004,Cotton Kurta,Apparel,25,32,28768.00,14959.36,88
2026-03-21,M004,Denim Jeans,Apparel,10,12,17400.00,9570.00,81
2026-03-21,M004,Formal Shirt,Apparel,11,13,11618.46,7722.00,99
2026-03-21,M004,Saree,Ethnic Wear,12,12,26400.00,15312.00,69
2026-03-21,M004,Scarf,Accessories,3,4,1400.00,644.00,145
2026-03-21,M004,T-Shirt,Apparel,16,22,10978.00,5489.00,165
2026-03-22,M001,Bluetooth Speaker,Electronics,4,4,8800.00,6248.00,50
2026-03-22,M001,Phone Case,Accessories,12,14,3500.00,1960.00,260
2026-03-22,M001,Power Bank,Electronics,6,7,10500.00,7350.00,77
2026-03-22,M001,Screen Guard,Accessories,8,10,1500.00,780.00,346
2026-03-22,M001,Smart Watch,Electronics,5,6,15600.00,11232.00,65
2026-03-22,M001,USB-C Cable,Accessories,8,12,4200.00,2436.00,232
2026-03-22,M001,Wireless Earbuds,Electronics,15,17,30600.00,21420.00,105
2026-03-22,M002,Atta 5kg,Grocery,19,22,5720.00,4690.40,128
2026-03-22,M002,Biscuits Pack,Snacks,19,28,1680.00,1243.20,199
2026-03-22,M002,Cooking Oil 1L,Grocery,14,16,2320.00,1948.80,104
2026-03-22,M002,Detergent 1kg,Household,10,14,1680.00,1310.40,177
2026-03-22,M002,Milk Powder 500g,Grocery,5,6,1740.00,1392.00,106
2026-03-22,M002,Rice 5kg,Grocery,15,19,6460.00,5361.80,80
2026-03-22,M002,Sugar 1kg,Grocery,8,10,480.00,412.80,189
2026-03-22,M002,Tea Powder 500g,Beverages,13,15,3300.00,2475.00,91
2026-03-22,M003,Cold Coffee,Beverages,23,27,3240.00,1231.20,169
2026-03-22,M003,Cookies,Snacks,6,6,360.00,129.60,195
2026-03-22,M003,Filter Coffee,Beverages,21,30,1500.00,510.00,233
2026-03-22,M003,Masala Chai,Beverages,27,42,1322.41,537.60,270
2026-03-22,M003,Samosa,Food,22,34,850.00,255.00,307
2026-03-22,M003,Veg Sandwich,Food,29,36,3415.68,1663.20,123
2026-03-22,M004,Cotton Kurta,Apparel,13,16,14384.00,7479.68,72
2026-03-22,M004,Denim Jeans,Apparel,13,16,23200.00,12760.00,65
2026-03-22,M004,Formal Shirt,Apparel,8,9,9900.00,5346.00,90
2026-03-22,M004,Saree,Ethnic Wear,11,13,28600.00,16588.00,56
2026-03-22,M004,Scarf,Accessories,10,12,4200.00,1932.00,133
2026-03-22,M004,T-Shirt,Apparel,18,24,11976.00,5988.00,141
2026-03-23,M001,Bluetooth Speaker,Electronics,5,7,15400.00,10934.00,43
2026-03-23,M001,Phone Case,Accessories,3,3,750.00,420.00,257
2026-03-23,M001,Power Bank,Electronics,10,10,15000.00,10500.00,67
2026-03-23,M001,Screen Guard,Accessories,7,10,1500.00,780.00,336
2026-03-23,M001,Smart Watch,Electronics,8,8,20800.00,14976.00,57
2026-03-23,M001,USB-C Cable,Accessories,3,5,1750.00,1015.00,227
2026-03-23,M001,Wireless Earbuds,Electronics,21,27,43471.74,34020.00,78
2026-03-23,M002,Atta 5kg,Grocery,19,22,5720.00,4690.40,106
2026-03-23,M002,Biscuits Pack,Snacks,14,19,1140.00,843.60,180
2026-03-23,M002,Cooking Oil 1L,Grocery,16,24,3480.00,2923.20,80
2026-03-23,M002,Detergent 1kg,Household,13,16,1920.00,1497.60,161
2026-03-23,M002,Milk Powder 500g,Grocery,6,7,1888.41,1624.00,99
2026-03-23,M002,Rice 5kg,Grocery,9,11,3740.00,3104.20,69
2026-03-23,M002,Sugar 1kg,Grocery,18,26,1248.00,1073.28,163
2026-03-23,M002,Tea Powder 500g,Beverages,9,14,3080.00,2310.00,77
2026-03-23,M003,Cold Coffee,Beverages,14,17,2040.00,775.20,152
2026-03-23,M003,Cookies,Snacks,8,12,720.00,259.20,183
2026-03-23,M003,Filter Coffee,Beverages,14,20,1000.00,340.00,213
2026-03-23,M003,Masala Chai,Beverages,32,47,1880.00,601.60,223
2026-03-23,M003,Samosa,Food,24,32,800.00,240.00,275
2026-03-23,M003,Veg Sandwich,Food,10,10,1100.00,462.00,113
2026-03-23,M004,Cotton Kurta,Apparel,5,5,4495.00,2337.40,67
2026-03-23,M004,Denim Jeans,Apparel,6,7,10150.00,5582.50,58
2026-03-23,M004,Formal Shirt,Apparel,6,7,7700.00,4158.00,83
2026-03-23,M004,Saree,Ethnic Wear,3,4,8800.00,5104.00,52
2026-03-23,M004,Scarf,Accessories,5,7,2450.00,1127.00,126
2026-03-23,M004,T-Shirt,Apparel,15,18,8982.00,4491.00,123
2026-03-24,M001,Bluetooth Speaker,Electronics,2,3,6600.00,4686.00,40
2026-03-24,M001,Phone Case,Accessories,9,12,3000.00,1680.00,245
2026-03-24,M001,Power Bank,Electronics,14,15,22500.00,15750.00,52
2026-03-24,M001,Screen Guard,Accessories,7,9,1350.00,702.00,327
2026-03-24,M001,Smart Watch,Electronics,6,6,15600.00,11232.00,51
2026-03-24,M001,USB-C Cable,Accessories,6,10,3500.00,2030.00,217
2026-03-24,M001,Wireless Earbuds,Electronics,13,14,25200.00,17640.00,64
2026-03-24,M002,Atta 5kg,Grocery,13,15,3900.00,3198.00,91
2026-03-24,M002,Biscuits Pack,Snacks,18,24,1440.00,1065.60,156
2026-03-24,M002,Cooking Oil 1L,Grocery,13,17,2465.00,2070.60,63
2026-03-24,M002,Detergent 1kg,Household,15,18,2160.00,1684.80,143
2026-03-24,M002,Milk Powder 500g,Grocery,2,2,530.80,464.00,97
2026-03-24,M002,Rice 5kg,Grocery,16,19,6460.00,5361.80,50
2026-03-24,M002,Sugar 1kg,Grocery,14,19,912.00,784.32,144
2026-03-24,M002,Tea Powder 500g,Beverages,6,7,1540.00,1155.00,70
2026-03-24,M003,Cold Coffee,Beverages,16,21,2520.00,957.60,131
2026-03-24,M003,Cookies,Snacks,12,15,900.00,324.00,168
2026-03-24,M003,Filter Coffee,Beverages,11,13,650.00,221.00,200
2026-03-24,M003,Masala Chai,Beverages,8,13,520.00,166.40,210
2026-03-24,M003,Samosa,Food,12,21,525.00,157.50,254
2026-03-24,M003,Veg Sandwich,Food,15,17,1870.00,785.40,96
2026-03-24,M004,Cotton Kurta,Apparel,7,9,8091.00,4207.32,58
2026-03-24,M004,Denim Jeans,Apparel,4,4,5800.00,3190.00,54
2026-03-24,M004,Formal Shirt,Apparel,3,3,3300.00,1782.00,80
2026-03-24,M004,Saree,Ethnic Wear,5,5,11000.00,6380.00,47
2026-03-24,M004,Scarf,Accessories,1,1,350.00,161.00,125
2026-03-24,M004,T-Shirt,Apparel,7,7,3493.00,1746.50,116
2026-03-25,M001,Bluetooth Speaker,Electronics,2,2,4400.00,3124.00,38
2026-03-25,M001,Phone Case,Accessories,15,16,3387.97,2240.00,229
2026-03-25,M001,Power Bank,Electronics,7,9,13500.00,9450.00,43
2026-03-25,M001,Screen Guard,Accessories,7,9,1350.00,702.00,318
2026-03-25,M001,Smart Watch,Electronics,5,5,13000.00,9360.00,46
2026-03-25,M001,USB-C Cable,Accessories,5,7,2450.00,1421.00,210
2026-03-25,M001,Wireless Earbuds,Electronics,14,20,36000.00,25200.00,44
2026-03-25,M002,Atta 5kg,Grocery,18,25,6500.00,5330.00,66
2026-03-25,M002,Biscuits Pack,Snacks,18,27,1620.00,1198.80,129
2026-03-25,M002,Cooking Oil 1L,Grocery,31,38,5510.00,4628.40,25
2026-03-25,M002,Detergent 1kg,Household,14,18,2160.00,1684.80,125
2026-03-25,M002,Milk Powder 500g,Grocery,4,5,1450.00,1160.00,92
2026-03-25,M002,Rice 5kg,Grocery,12,12,4080.00,3386.40,38
2026-03-25,M002,Sugar 1kg,Grocery,12,17,816.00,701.76,127
2026-03-25,M002,Tea Powder 500g,Beverages,13,14,3080.00,2310.00,56
2026-03-25,M003,Cold Coffee,Beverages,13,16,1920.00,729.60,115
2026-03-25,M003,Cookies,Snacks,4,6,360.00,129.60,162
2026-03-25,M003,Filter Coffee,Beverages,4,5,250.00,85.00,195
2026-03-25,M003,Masala Chai,Beverages,26,36,1440.00,460.80,174
2026-03-25,M003,Samosa,Food,13,17,425.00,127.50,237
2026-03-25,M003,Veg Sandwich,Food,18,22,2420.00,1016.40,74
2026-03-25,M004,Cotton Kurta,Apparel,11,13,11687.00,6077.24,45
2026-03-25,M004,Denim Jeans,Apparel,6,6,8700.00,4785.00,48
2026-03-25,M004,Formal Shirt,Apparel,3,4,4400.00,2376.00,76
2026-03-25,M004,Saree,Ethnic Wear,4,5,11000.00,6380.00,42
2026-03-25,M004,Scarf,Accessories,9,13,4550.00,2093.00,112
2026-03-25,M004,T-Shirt,Apparel,4,5,2495.00,1247.50,111
2026-03-26,M001,Bluetooth Speaker,Electronics,3,3,6600.00,4686.00,35
2026-03-26,M001,Phone Case,Accessories,15,21,5250.00,2940.00,208
2026-03-26,M001,Power Bank,Electronics,5,6,9000.00,6300.00,37
2026-03-26,M001,Screen Guard,Accessories,14,17,2550.00,1326.00,301
2026-03-26,M001,Smart Watch,Electronics,8,10,26000.00,18720.00,36
2026-03-26,M001,USB-C Cable,Accessories,4,6,2100.00,1218.00,204
2026-03-26,M001,Wireless Earbuds,Electronics,15,16,28800.00,20160.00,28
2026-03-26,M002,Atta 5kg,Grocery,14,15,3900.00,3198.00,51
2026-03-26,M002,Biscuits Pack,Snacks,24,30,1800.00,1332.00,99
2026-03-26,M002,Cooking Oil 1L,Grocery,25,25,3625.00,3045.00,0
2026-03-26,M002,Detergent 1kg,Household,20,23,2760.00,2152.80,102
2026-03-26,M002,Milk Powder 500g,Grocery,5,5,1450.00,1160.00,87
2026-03-26,M002,Rice 5kg,Grocery,25,28,9520.00,7901.60,10
2026-03-26,M002,Sugar 1kg,Grocery,9,13,624.00,536.64,114
2026-03-26,M002,Tea Powder 500g,Beverages,9,12,2640.00,1980.00,44
2026-03-26,M003,Cold Coffee,Beverages,17,20,2400.00,912.00,95
2026-03-26,M003,Cookies,Snacks,7,9,540.00,194.40,153
2026-03-26,M003,Filter Coffee,Beverages,30,45,2250.00,765.00,150
2026-03-26,M003,Masala Chai,Beverages,37,57,2280.00,729.60,117
2026-03-26,M003,Samosa,Food,13,17,425.00,127.50,220
2026-03-26,M003,Veg Sandwich,Food,10,11,1210.00,508.20,63
2026-03-26,M004,Cotton Kurta,Apparel,13,13,11687.00,6077.24,32
2026-03-26,M004,Denim Jeans,Apparel,5,6,8700.00,4785.00,42
2026-03-26,M004,Formal Shirt,Apparel,7,8,8800.00,4752.00,68
2026-03-26,M004,Saree,Ethnic Wear,5,5,11000.00,6380.00,37
2026-03-26,M004,Scarf,Accessories,5,6,2100.00,966.00,106
2026-03-26,M004,T-Shirt,Apparel,14,17,8483.00,4241.50,94
2026-03-27,M001,Bluetooth Speaker,Electronics,5,6,12248.00,9372.00,29
2026-03-27,M001,Phone Case,Accessories,16,19,4750.00,2660.00,189
2026-03-27,M001,Power Bank,Electronics,11,15,22500.00,15750.00,22
2026-03-27,M001,Screen Guard,Accessories,11,18,2700.00,1404.00,283
2026-03-27,M001,Smart Watch,Electronics,6,6,15600.00,11232.00,30
2026-03-27,M001,USB-C Cable,Accessories,6,7,2450.00,1421.00,197
2026-03-27,M001,Wireless Earbuds,Electronics,10,14,25200.00,17640.00,14
2026-03-27,M002,Atta 5kg,Grocery,20,23,5980.00,4903.60,28
2026-03-27,M002,Biscuits Pack,Snacks,26,29,1740.00,1287.60,70
2026-03-27,M002,Cooking Oil 1L,Grocery,22,26,3770.00,3166.80,174
2026-03-27,M002,Detergent 1kg,Household,13,16,1920.00,1497.60,86
2026-03-27,M002,Milk Powder 500g,Grocery,8,9,2610.00,2088.00,78
2026-03-27,M002,Rice 5kg,Grocery,37,48,16320.00,13545.60,152
2026-03-27,M002,Sugar 1kg,Grocery,17,20,960.00,825.60,94
2026-03-27,M002,Tea Powder 500g,Beverages,11,15,3300.00,2475.00,29
2026-03-27,M003,Cold Coffee,Beverages,22,28,3360.00,1276.80,67
2026-03-27,M003,Cookies,Snacks,12,13,780.00,280.80,140
2026-03-27,M003,Filter Coffee,Beverages,18,21,1050.00,357.00,129
2026-03-27,M003,Masala Chai,Beverages,33,49,1960.00,627.20,68
2026-03-27,M003,Samosa,Food,19,25,625.00,187.50,195
2026-03-27,M003,Veg Sandwich,Food,38,44,4840.00,2032.80,19
2026-03-27,M004,Cotton Kurta,Apparel,12,13,11687.00,6077.24,19
2026-03-27,M004,Denim Jeans,Apparel,5,5,7250.00,3987.50,37
2026-03-27,M004,Formal Shirt,Apparel,4,4,4400.00,2376.00,64
2026-03-27,M004,Saree,Ethnic Wear,5,7,15400.00,8932.00,30
2026-03-27,M004,Scarf,Accessories,2,4,1400.00,644.00,102
2026-03-27,M004,T-Shirt,Apparel,10,12,5988.00,2994.00,82
2026-03-28,M001,Bluetooth Speaker,Electronics,8,8,17600.00,12496.00,21
2026-03-28,M001,Phone Case,Accessories,14,16,4000.00,2240.00,173
2026-03-28,M001,Power Bank,Electronics,10,13,19500.00,13650.00,9
2026-03-28,M001,Screen Guard,Accessories,9,12,1800.00,936.00,271
2026-03-28,M001,Smart Watch,Electronics,16,18,46800.00,33696.00,12
2026-03-28,M001,USB-C Cable,Accessories,7,9,3150.00,1827.00,188
2026-03-28,M001,Wireless Earbuds,Electronics,11,11,19800.00,13860.00,3
2026-03-28,M002,Atta 5kg,Grocery,22,28,7280.00,5969.60,0
2026-03-28,M002,Biscuits Pack,Snacks,13,17,1020.00,754.80,53
2026-03-28,M002,Cooking Oil 1L,Grocery,29,35,5075.00,4263.00,139
2026-03-28,M002,Detergent 1kg,Household,19,21,2520.00,1965.60,65
2026-03-28,M002,Milk Powder 500g,Grocery,7,12,3480.00,2784.00,66
2026-03-28,M002,Rice 5kg,Grocery,10,14,4760.00,3950.80,138
2026-03-28,M002,Sugar 1kg,Grocery,20,26,1248.00,1073.28,68
2026-03-28,M002,Tea Powder 500g,Beverages,11,13,2860.00,2145.00,16
2026-03-28,M003,Cold Coffee,Beverages,19,24,2880.00,1094.40,43
2026-03-28,M003,Cookies,Snacks,9,12,720.00,259.20,128
2026-03-28,M003,Filter Coffee,Beverages,25,31,1550.00,527.00,98
2026-03-28,M003,Masala Chai,Beverages,27,34,1360.00,435.20,34
2026-03-28,M003,Samosa,Food,20,32,800.00,240.00,163
2026-03-28,M003,Veg Sandwich,Food,19,19,2090.00,877.80,0
2026-03-28,M004,Cotton Kurta,Apparel,11,13,11687.00,6077.24,6
2026-03-28,M004,Denim Jeans,Apparel,7,7,10150.00,5582.50,30
2026-03-28,M004,Formal Shirt,Apparel,12,15,16500.00,8910.00,49
2026-03-28,M004,Saree,Ethnic Wear,14,15,33000.00,19140.00,15
2026-03-28,M004,Scarf,Accessories,4,5,1750.00,805.00,97
2026-03-28,M004,T-Shirt,Apparel,23,29,14471.00,7235.50,53
2026-03-29,M001,Bluetooth Speaker,Electronics,2,2,4400.00,3124.00,19
2026-03-29,M001,Phone Case,Accessories,10,14,3500.00,1960.00,159
2026-03-29,M001,Power Bank,Electronics,9,9,13500.00,9450.00,0
2026-03-29,M001,Screen Guard,Accessories,9,11,1650.00,858.00,260
2026-03-29,M001,Smart Watch,Electronics,12,12,31200.00,22464.00,0
2026-03-29,M001,USB-C Cable,Accessories,7,9,3150.00,1827.00,179
2026-03-29,M001,Wireless Earbuds,Electronics,6,7,12600.00,8820.00,176
2026-03-29,M002,Atta 5kg,Grocery,18,22,5720.00,4690.40,218
2026-03-29,M002,Biscuits Pack,Snacks,12,17,1020.00,754.80,356
2026-03-29,M002,Cooking Oil 1L,Grocery,22,32,4640.00,3897.60,107
2026-03-29,M002,Detergent 1kg,Household,11,14,1680.00,1310.40,51
2026-03-29,M002,Milk Powder 500g,Grocery,11,13,3770.00,3016.00,53
2026-03-29,M002,Rice 5kg,Grocery,16,16,5440.00,4515.20,122
2026-03-29,M002,Sugar 1kg,Grocery,11,16,726.58,660.48,52
2026-03-29,M002,Tea Powder 500g,Beverages,6,6,1248.15,990.00,180
2026-03-29,M003,Cold Coffee,Beverages,23,26,3120.00,1185.60,17
2026-03-29,M003,Cookies,Snacks,10,16,960.00,345.60,112
2026-03-29,M003,Filter Coffee,Beverages,14,19,950.00,323.00,79
2026-03-29,M003,Masala Chai,Beverages,24,38,1520.00,486.40,416
2026-03-29,M003,Samosa,Food,16,23,575.00,172.50,140
2026-03-29,M004,Cotton Kurta,Apparel,10,12,10788.00,5609.76,154
2026-03-29,M004,Denim Jeans,Apparel,9,12,17400.00,9570.00,18
2026-03-29,M004,Formal Shirt,Apparel,8,9,9900.00,5346.00,40
2026-03-29,M004,Saree,Ethnic Wear,15,15,33000.00,19140.00,0
2026-03-29,M004,Scarf,Accessories,5,7,2450.00,1127.00,90
2026-03-29,M004,T-Shirt,Apparel,16,22,10978.00,5489.00,31
2026-03-30,M001,Bluetooth Speaker,Electronics,9,10,22000.00,15620.00,9
2026-03-30,M001,Phone Case,Accessories,6,8,1843.73,1120.00,151
2026-03-30,M001,Power Bank,Electronics,3,4,6000.00,4200.00,96
2026-03-30,M001,Screen Guard,Accessories,5,8,1200.00,624.00,252
2026-03-30,M001,Wireless Earbuds,Electronics,4,5,9000.00,6300.00,171
2026-03-30,M002,Atta 5kg,Grocery,22,26,6760.00,5543.20,192
2026-03-30,M002,Biscuits Pack,Snacks,6,8,480.00,355.20,348
2026-03-30,M002,Cooking Oil 1L,Grocery,15,21,3045.00,2557.80,86
2026-03-30,M002,Detergent 1kg,Household,13,15,1800.00,1404.00,36
2026-03-30,M002,Milk Powder 500g,Grocery,7,8,2320.00,1856.00,45
2026-03-30,M002,Rice 5kg,Grocery,12,15,5100.00,4233.00,107
2026-03-30,M002,Sugar 1kg,Grocery,22,26,1248.00,1073.28,26
2026-03-30,M002,Tea Powder 500g,Beverages,19,25,5500.00,4125.00,155
2026-03-30,M003,Cold Coffee,Beverages,16,20,2400.00,912.00,257
2026-03-30,M003,Cookies,Snacks,4,6,360.00,129.60,106
2026-03-30,M003,Filter Coffee,Beverages,15,24,1200.00,408.00,55
2026-03-30,M003,Masala Chai,Beverages,15,21,840.00,268.80,395
2026-03-30,M003,Samosa,Food,14,24,600.00,180.00,116
2026-03-30,M003,Veg Sandwich,Food,8,13,1430.00,600.60,197
2026-03-30,M004,Cotton Kurta,Apparel,6,8,7192.00,3739.84,146
2026-03-30,M004,Denim Jeans,Apparel,9,12,17400.00,9570.00,6
2026-03-30,M004,Formal Shirt,Apparel,8,8,8800.00,4752.00,32
2026-03-30,M004,Scarf,Accessories,6,7,2450.00,1127.00,83
2026-03-30,M004,T-Shirt,Apparel,8,11,5489.00,2744.50,20
2026-03-31,M001,Bluetooth Speaker,Electronics,5,5,11000.00,7810.00,4
2026-03-31,M001,Phone Case,Accessories,11,17,4250.00,2380.00,134
2026-03-31,M001,Power Bank,Electronics,10,12,18000.00,12600.00,84
2026-03-31,M001,Screen Guard,Accessories,8,12,1375.11,936.00,240
2026-03-31,M001,Smart Watch,Electronics,3,3,7800.00,5616.00,107
2026-03-31,M001,USB-C Cable,Accessories,8,9,3150.00,1827.00,170
2026-03-31,M001,Wireless Earbuds,Electronics,20,24,43200.00,30240.00,147
2026-03-31,M002,Atta 5kg,Grocery,12,16,4160.00,3411.20,176
2026-03-31,M002,Biscuits Pack,Snacks,21,32,1804.56,1420.80,316
2026-03-31,M002,Cooking Oil 1L,Grocery,15,21,3045.00,2557.80,65
2026-03-31,M002,Detergent 1kg,Household,8,8,960.00,748.80,258
2026-03-31,M002,Milk Powder 500g,Grocery,4,4,1160.00,928.00,41
2026-03-31,M002,Rice 5kg,Grocery,14,19,6460.00,5361.80,88
2026-03-31,M002,Sugar 1kg,Grocery,13,17,816.00,701.76,269
2026-03-31,M002,Tea Powder 500g,Beverages,12,16,3520.00,2640.00,139
2026-03-31,M003,Cold Coffee,Beverages,12,12,1440.00,547.20,245
2026-03-31,M003,Cookies,Snacks,8,12,631.07,259.20,94
2026-03-31,M003,Filter Coffee,Beverages,20,26,1300.00,442.00,369
2026-03-31,M003,Masala Chai,Beverages,29,43,1621.50,550.40,352
2026-03-31,M003,Samosa,Food,11,17,425.00,127.50,99
2026-03-31,M003,Veg Sandwich,Food,12,15,1650.00,693.00,182
2026-03-31,M004,Cotton Kurta,Apparel,6,8,7192.00,3739.84,138
2026-03-31,M004,Denim Jeans,Apparel,4,5,7250.00,3987.50,121
2026-03-31,M004,Formal Shirt,Apparel,1,1,1100.00,594.00,31
2026-03-31,M004,Saree,Ethnic Wear,6,7,15400.00,8932.00,93
2026-03-31,M004,Scarf,Accessories,6,10,3500.00,1610.00,73
2026-03-31,M004,T-Shirt,Apparel,9,10,4990.00,2495.00,230
2026-04-01,M001,Bluetooth Speaker,Electronics,3,3,6600.00,4686.00,81
2026-04-01,M001,Phone Case,Accessories,9,12,3000.00,1680.00,122
2026-04-01,M001,Power Bank,Electronics,11,12,18000.00,12600.00,72
2026-04-01,M001,Screen Guard,Accessories,8,10,1500.00,780.00,230
2026-04-01,M001,Smart Watch,Electronics,5,5,11786.66,9360.00,102
2026-04-01,M001,USB-C Cable,Accessories,9,12,4200.00,2436.00,158
2026-04-01,M001,Wireless Earbuds,Electronics,15,20,36000.00,25200.00,127
2026-04-01,M002,Atta 5kg,Grocery,40,50,13000.00,10660.00,126
2026-04-01,M002,Biscuits Pack,Snacks,17,23,1380.00,1021.20,293
2026-04-01,M002,Cooking Oil 1L,Grocery,23,32,4640.00,3897.60,33
2026-04-01,M002,Detergent 1kg,Household,13,16,1920.00,1497.60,242
2026-04-01,M002,Milk Powder 500g,Grocery,10,13,3770.00,3016.00,28
2026-04-01,M002,Rice 5kg,Grocery,12,13,4420.00,3668.60,75
2026-04-01,M002,Sugar 1kg,Grocery,16,23,1104.00,949.44,246
2026-04-01,M002,Tea Powder 500g,Beverages,20,26,5720.00,4290.00,113
2026-04-01,M003,Cold Coffee,Beverages,14,17,2040.00,775.20,228
2026-04-01,M003,Cookies,Snacks,4,4,240.00,86.40,90
2026-04-01,M003,Filter Coffee,Beverages,20,28,1400.00,476.00,341
2026-04-01,M003,Masala Chai,Beverages,27,38,1520.00,486.40,314
2026-04-01,M003,Samosa,Food,12,18,450.00,135.00,81
2026-04-01,M003,Veg Sandwich,Food,22,26,2860.00,1201.20,156
2026-04-01,M004,Cotton Kurta,Apparel,6,7,6293.00,3272.36,131
2026-04-01,M004,Denim Jeans,Apparel,10,11,15950.00,8772.50,110
2026-04-01,M004,Formal Shirt,Apparel,8,9,9900.00,5346.00,22
2026-04-01,M004,Saree,Ethnic Wear,7,7,15400.00,8932.00,86
2026-04-01,M004,Scarf,Accessories,3,4,1400.00,644.00,69
2026-04-01,M004,T-Shirt,Apparel,17,19,9481.00,4740.50,211
2026-04-02,M001,Bluetooth Speaker,Electronics,5,8,17600.00,12496.00,73
2026-04-02,M001,Phone Case,Accessories,7,10,2500.00,1400.00,112
2026-04-02,M001,Power Bank,Electronics,5,5,7500.00,5250.00,67
2026-04-02,M001,Screen Guard,Accessories,14,20,3000.00,1560.00,210
2026-04-02,M001,Smart Watch,Electronics,7,8,20800.00,14976.00,94
2026-04-02,M001,USB-C Cable,Accessories,5,8,2800.00,1624.00,150
2026-04-02,M001,Wireless Earbuds,Electronics,22,29,52200.00,36540.00,98
2026-04-02,M002,Atta 5kg,Grocery,32,44,11440.00,9380.80,82
2026-04-02,M002,Biscuits Pack,Snacks,38,58,3480.00,2575.20,235
2026-04-02,M002,Cooking Oil 1L,Grocery,31,33,4785.00,4019.40,0
2026-04-02,M002,Detergent 1kg,Household,13,15,1800.00,1404.00,227
2026-04-02,M002,Milk Powder 500g,Grocery,17,20,5800.00,4640.00,8
2026-04-02,M002,Rice 5kg,Grocery,25,28,9520.00,7901.60,47
2026-04-02,M002,Sugar 1kg,Grocery,28,40,1920.00,1651.20,206
2026-04-02,M002,Tea Powder 500g,Beverages,17,19,4180.00,3135.00,94
2026-04-02,M003,Cold Coffee,Beverages,18,20,2400.00,912.00,208
2026-04-02,M003,Cookies,Snacks,8,13,780.00,280.80,77
2026-04-02,M003,Filter Coffee,Beverages,19,25,1250.00,425.00,316
2026-04-02,M003,Masala Chai,Beverages,29,41,1640.00,524.80,273
2026-04-02,M003,Samosa,Food,25,37,925.00,277.50,444
2026-04-02,M003,Veg Sandwich,Food,18,22,2420.00,1016.40,134
2026-04-02,M004,Cotton Kurta,Apparel,10,13,11687.00,6077.24,118
2026-04-02,M004,Denim Jeans,Apparel,12,13,18850.00,10367.50,97
2026-04-02,M004,Formal Shirt,Apparel,5,5,5500.00,2970.00,147
2026-04-02,M004,Saree,Ethnic Wear,7,9,19800.00,11484.00,77
2026-04-02,M004,Scarf,Accessories,5,7,2450.00,1127.00,62
2026-04-02,M004,T-Shirt,Apparel,10,13,6487.00,3243.50,198
2026-04-03,M001,Bluetooth Speaker,Electronics,4,4,8800.00,6248.00,69
2026-04-03,M001,Phone Case,Accessories,16,25,6250.00,3500.00,87
2026-04-03,M001,Power Bank,Electronics,5,5,7500.00,5250.00,62
2026-04-03,M001,Screen Guard,Accessories,10,11,1650.00,858.00,199
2026-04-03,M001,Smart Watch,Electronics,16,18,46800.00,33696.00,76
2026-04-03,M001,USB-C Cable,Accessories,15,19,6650.00,3857.00,131
2026-04-03,M001,Wireless Earbuds,Electronics,13,15,27000.00,18900.00,83
2026-04-03,M002,Atta 5kg,Grocery,25,35,9100.00,7462.00,47
2026-04-03,M002,Biscuits Pack,Snacks,16,22,1320.00,976.80,213
2026-04-03,M002,Cooking Oil 1L,Grocery,41,55,7975.00,6699.00,145
2026-04-03,M002,Detergent 1kg,Household,16,19,2130.35,1778.40,208
2026-04-03,M002,Milk Powder 500g,Grocery,7,8,2320.00,1856.00,0
2026-04-03,M002,Rice 5kg,Grocery,27,33,11220.00,9312.60,14
2026-04-03,M002,Sugar 1kg,Grocery,39,51,2448.00,2105.28,155
2026-04-03,M002,Tea Powder 500g,Beverages,13,17,3740.00,2805.00,77
2026-04-03,M003,Cold Coffee,Beverages,24,29,3480.00,1322.40,179
2026-04-03,M003,Cookies,Snacks,7,9,540.00,194.40,68
2026-04-03,M003,Filter Coffee,Beverages,20,31,1550.00,527.00,285
2026-04-03,M003,Masala Chai,Beverages,31,46,1840.00,588.80,227
2026-04-03,M003,Samosa,Food,16,24,600.00,180.00,420
2026-04-03,M003,Veg Sandwich,Food,20,22,2420.00,1016.40,112
2026-04-03,M004,Cotton Kurta,Apparel,12,13,11687.00,6077.24,105
2026-04-03,M004,Denim Jeans,Apparel,7,8,11600.00,6380.00,89
2026-04-03,M004,Formal Shirt,Apparel,11,14,15400.00,8316.00,133
2026-04-03,M004,Saree,Ethnic Wear,11,12,26400.00,15312.00,65
2026-04-03,M004,Scarf,Accessories,4,6,2100.00,966.00,56
2026-04-03,M004,T-Shirt,Apparel,11,16,7984.00,3992.00,182
2026-04-04,M001,Bluetooth Speaker,Electronics,9,10,22000.00,15620.00,59
2026-04-04,M001,Phone Case,Accessories,21,29,7250.00,4060.00,58
2026-04-04,M001,Power Bank,Electronics,8,10,15000.00,10500.00,52
2026-04-04,M001,Screen Guard,Accessories,19,26,3900.00,2028.00,173
2026-04-04,M001,Smart Watch,Electronics,9,9,23400.00,16848.00,67
2026-04-04,M001,USB-C Cable,Accessories,6,6,1848.40,1218.00,125
2026-04-04,M001,Wireless Earbuds,Electronics,20,22,39600.00,27720.00,61
2026-04-04,M002,Atta 5kg,Grocery,25,33,8580.00,7035.60,14
2026-04-04,M002,Biscuits Pack,Snacks,28,41,2460.00,1820.40,172
2026-04-04,M002,Cooking Oil 1L,Grocery,22,29,3972.40,3532.20,116
2026-04-04,M002,Detergent 1kg,Household,15,18,2160.00,1684.80,190
2026-04-04,M002,Milk Powder 500g,Grocery,10,11,3190.00,2552.00,119
2026-04-04,M002,Rice 5kg,Grocery,14,14,4760.00,3950.80,0
2026-04-04,M002,Sugar 1kg,Grocery,16,23,1104.00,949.44,132
2026-04-04,M002,Tea Powder 500g,Beverages,18,21,4620.00,3465.00,56
2026-04-04,M003,Cold Coffee,Beverages,34,38,4560.00,1732.80,141
2026-04-04,M003,Cookies,Snacks,14,19,1140.00,410.40,49
2026-04-04,M003,Filter Coffee,Beverages,23,31,1146.69,527.00,254
2026-04-04,M003,Masala Chai,Beverages,23,35,1282.99,448.00,192
2026-04-04,M003,Samosa,Food,20,29,725.00,217.50,391
2026-04-04,M003,Veg Sandwich,Food,32,37,4070.00,1709.40,75
2026-04-04,M004,Cotton Kurta,Apparel,17,20,17980.00,9349.60,85
2026-04-04,M004,Denim Jeans,Apparel,4,4,5800.00,3190.00,85
2026-04-04,M004,Formal Shirt,Apparel,6,7,7700.00,4158.00,126
2026-04-04,M004,Saree,Ethnic Wear,16,19,41800.00,24244.00,46
2026-04-04,M004,Scarf,Accessories,12,16,5600.00,2576.00,40
2026-04-04,M004,T-Shirt,Apparel,18,21,10479.00,5239.50,161
2026-04-05,M001,Bluetooth Speaker,Electronics,11,12,26400.00,18744.00,47
2026-04-05,M001,Phone Case,Accessories,20,27,6750.00,3780.00,31
2026-04-05,M001,Power Bank,Electronics,7,9,13500.00,9450.00,43
2026-04-05,M001,Screen Guard,Accessories,6,6,900.00,468.00,167
2026-04-05,M001,Smart Watch,Electronics,9,9,23400.00,16848.00,58
2026-04-05,M001,USB-C Cable,Accessories,6,8,2800.00,1624.00,117
2026-04-05,M001,Wireless Earbuds,Electronics,9,12,21600.00,15120.00,49
2026-04-05,M002,Atta 5kg,Grocery,13,14,3640.00,2984.80,0
2026-04-05,M002,Biscuits Pack,Snacks,14,22,1320.00,976.80,150
2026-04-05,M002,Cooking Oil 1L,Grocery,23,33,4785.00,4019.40,83
2026-04-05,M002,Detergent 1kg,Household,17,22,2640.00,2059.20,168
2026-04-05,M002,Milk Powder 500g,Grocery,13,16,4640.00,3712.00,103
2026-04-05,M002,Rice 5kg,Grocery,23,27,9180.00,7619.40,163
2026-04-05,M002,Sugar 1kg,Grocery,20,28,1344.00,1155.84,104
2026-04-05,M002,Tea Powder 500g,Beverages,12,15,3300.00,2475.00,41
2026-04-05,M003,Cold Coffee,Beverages,27,35,4200.00,1596.00,106
2026-04-05,M003,Cookies,Snacks,10,11,660.00,237.60,38
2026-04-05,M003,Filter Coffee,Beverages,19,26,1300.00,442.00,228
2026-04-05,M003,Masala Chai,Beverages,29,40,1099.38,512.00,152
2026-04-05,M003,Samosa,Food,30,44,1100.00,330.00,347
2026-04-05,M003,Veg Sandwich,Food,28,32,3520.00,1478.40,43
2026-04-05,M004,Cotton Kurta,Apparel,20,23,20677.00,10752.04,62
2026-04-05,M004,Denim Jeans,Apparel,7,8,11600.00,6380.00,77
2026-04-05,M004,Formal Shirt,Apparel,10,11,12100.00,6534.00,115
2026-04-05,M004,Saree,Ethnic Wear,9,10,22000.00,12760.00,36
2026-04-05,M004,Scarf,Accessories,10,14,4900.00,2254.00,26
2026-04-05,M004,T-Shirt,Apparel,28,35,17465.00,8732.50,126
2026-04-06,M001,Bluetooth Speaker,Electronics,4,6,13200.00,9372.00,41
2026-04-06,M001,Phone Case,Accessories,11,15,3750.00,2100.00,356
2026-04-06,M001,Power Bank,Electronics,3,3,4500.00,3150.00,40
2026-04-06,M001,Screen Guard,Accessories,11,16,2400.00,1248.00,151
2026-04-06,M001,Smart Watch,Electronics,3,3,7800.00,5616.00,55
2026-04-06,M001,USB-C Cable,Accessories,4,6,2100.00,1218.00,111
2026-04-06,M001,Wireless Earbuds,Electronics,11,12,21600.00,15120.00,37
2026-04-06,M002,Atta 5kg,Grocery,28,34,8840.00,7248.80,206
2026-04-06,M002,Biscuits Pack,Snacks,23,35,2100.00,1554.00,115
2026-04-06,M002,Cooking Oil 1L,Grocery,23,28,4060.00,3410.40,55
2026-04-06,M002,Detergent 1kg,Household,24,31,3720.00,2901.60,137
2026-04-06,M002,Milk Powder 500g,Grocery,1,1,290.00,232.00,102
2026-04-06,M002,Rice 5kg,Grocery,4,4,1360.00,1128.80,159
2026-04-06,M002,Sugar 1kg,Grocery,7,10,455.65,412.80,94
2026-04-06,M002,Tea Powder 500g,Beverages,16,21,4620.00,3465.00,20
2026-04-06,M003,Cold Coffee,Beverages,10,12,1440.00,547.20,94
2026-04-06,M003,Cookies,Snacks,11,16,960.00,345.60,252
2026-04-06,M003,Filter Coffee,Beverages,15,23,1150.00,391.00,205
2026-04-06,M003,Masala Chai,Beverages,18,27,1080.00,345.60,125
2026-04-06,M003,Samosa,Food,15,22,550.00,165.00,325
2026-04-06,M003,Veg Sandwich,Food,9,10,1100.00,462.00,33
2026-04-06,M004,Cotton Kurta,Apparel,2,3,2697.00,1402.44,59
2026-04-06,M004,Denim Jeans,Apparel,11,14,20300.00,11165.00,63
2026-04-06,M004,Formal Shirt,Apparel,9,10,8893.40,5940.00,105
2026-04-06,M004,Saree,Ethnic Wear,1,1,2200.00,1276.00,35
2026-04-06,M004,Scarf,Accessories,2,3,1050.00,483.00,23
2026-04-06,M004,T-Shirt,Apparel,15,20,9980.00,4990.00,106
2026-04-07,M001,Bluetooth Speaker,Electronics,6,7,15400.00,10934.00,34
2026-04-07,M001,Phone Case,Accessories,10,14,3500.00,1960.00,342
2026-04-07,M001,Power Bank,Electronics,8,10,15000.00,10500.00,30
2026-04-07,M001,Screen Guard,Accessories,7,9,1350.00,702.00,142
2026-04-07,M001,Smart Watch,Electronics,5,5,13000.00,9360.00,50
2026-04-07,M001,USB-C Cable,Accessories,6,8,2800.00,1624.00,103
2026-04-07,M001,Wireless Earbuds,Electronics,10,10,18000.00,12600.00,27
2026-04-07,M002,Atta 5kg,Grocery,27,33,8580.00,7035.60,173
2026-04-07,M002,Biscuits Pack,Snacks,16,21,1260.00,932.40,94
2026-04-07,M002,Cooking Oil 1L,Grocery,20,27,3915.00,3288.60,28
2026-04-07,M002,Detergent 1kg,Household,12,15,1800.00,1404.00,122
2026-04-07,M002,Milk Powder 500g,Grocery,10,11,3190.00,2552.00,91
2026-04-07,M002,Rice 5kg,Grocery,20,24,8160.00,6772.80,135
2026-04-07,M002,Sugar 1kg,Grocery,10,16,768.00,660.48,78
2026-04-07,M002,Tea Powder 500g,Beverages,9,11,2420.00,1815.00,9
2026-04-07,M003,Cold Coffee,Beverages,19,23,2760.00,1048.80,71
2026-04-07,M003,Cookies,Snacks,5,8,480.00,172.80,244
2026-04-07,M003,Filter Coffee,Beverages,19,25,1250.00,425.00,180
2026-04-07,M003,Masala Chai,Beverages,31,49,1960.00,627.20,76
2026-04-07,M003,Samosa,Food,5,7,175.00,52.50,318
2026-04-07,M003,Veg Sandwich,Food,6,9,990.00,415.80,24
2026-04-07,M004,Cotton Kurta,Apparel,6,6,5394.00,2804.88,53
2026-04-07,M004,Denim Jeans,Apparel,9,11,15950.00,8772.50,52
2026-04-07,M004,Formal Shirt,Apparel,5,5,5500.00,2970.00,100
2026-04-07,M004,Saree,Ethnic Wear,5,5,11000.00,6380.00,30
2026-04-07,M004,Scarf,Accessories,2,4,1400.00,644.00,189
2026-04-07,M004,T-Shirt,Apparel,8,10,4579.92,2495.00,96
2026-04-08,M001,Bluetooth Speaker,Electronics,13,14,30800.00,21868.00,20
2026-04-08,M001,Phone Case,Accessories,17,26,6500.00,3640.00,316
2026-04-08,M001,Power Bank,Electronics,5,7,10500.00,7350.00,23
2026-04-08,M001,Screen Guard,Accessories,7,8,1095.51,624.00,134
2026-04-08,M001,Smart Watch,Electronics,5,5,13000.00,9360.00,45
2026-04-08,M001,USB-C Cable,Accessories,8,9,3150.00,1827.00,94
2026-04-08,M001,Wireless Earbuds,Electronics,18,22,39600.00,27720.00,5
2026-04-08,M002,Atta 5kg,Grocery,15,16,4160.00,3411.20,157
2026-04-08,M002,Biscuits Pack,Snacks,14,23,1380.00,1021.20,71
2026-04-08,M002,Cooking Oil 1L,Grocery,20,27,3616.66,3288.60,1
2026-04-08,M002,Detergent 1kg,Household,19,24,2880.00,2246.40,98
2026-04-08,M002,Milk Powder 500g,Grocery,7,10,2900.00,2320.00,81
2026-04-08,M002,Rice 5kg,Grocery,17,23,7820.00,6490.60,112
2026-04-08,M002,Sugar 1kg,Grocery,15,19,912.00,784.32,59
2026-04-08,M002,Tea Powder 500g,Beverages,4,6,1320.00,990.00,173
2026-04-08,M003,Cold Coffee,Beverages,14,17,2040.00,775.20,54
2026-04-08,M003,Cookies,Snacks,3,3,180.00,64.80,241
2026-04-08,M003,Filter Coffee,Beverages,16,28,1400.00,476.00,152
2026-04-08,M003,Masala Chai,Beverages,27,42,1680.00,537.60,34
2026-04-08,M003,Samosa,Food,8,10,250.00,75.00,308
2026-04-08,M003,Veg Sandwich,Food,9,11,1210.00,508.20,223
2026-04-08,M004,Cotton Kurta,Apparel,12,13,11687.00,6077.24,40
2026-04-08,M004,Denim Jeans,Apparel,4,4,5800.00,3190.00,48
2026-04-08,M004,Formal Shirt,Apparel,3,5,5500.00,2970.00,95
2026-04-08,M004,Saree,Ethnic Wear,1,1,2200.00,1276.00,29
2026-04-08,M004,Scarf,Accessories,5,7,2450.00,1127.00,182
2026-04-08,M004,T-Shirt,Apparel,7,8,3992.00,1996.00,88
2026-04-09,M001,Bluetooth Speaker,Electronics,9,10,22000.00,15620.00,10
2026-04-09,M001,Phone Case,Accessories,9,11,2750.00,1540.00,305
2026-04-09,M001,Power Bank,Electronics,7,9,13500.00,9450.00,14
2026-04-09,M001,Screen Guard,Accessories,8,11,1650.00,858.00,123
2026-04-09,M001,Smart Watch,Electronics,10,11,28600.00,20592.00,34
2026-04-09,M001,USB-C Cable,Accessories,7,9,3150.00,1827.00,85
2026-04-09,M001,Wireless Earbuds,Electronics,8,10,18000.00,12600.00,175
2026-04-09,M002,Atta 5kg,Grocery,28,35,9100.00,7462.00,122
2026-04-09,M002,Biscuits Pack,Snacks,16,24,1440.00,1065.60,47
2026-04-09,M002,Cooking Oil 1L,Grocery,18,23,3335.00,2801.40,178
2026-04-09,M002,Detergent 1kg,Household,11,13,1560.00,1216.80,85
2026-04-09,M002,Milk Powder 500g,Grocery,9,12,3480.00,2784.00,69
2026-04-09,M002,Rice 5kg,Grocery,21,28,9520.00,7901.60,84
2026-04-09,M002,Sugar 1kg,Grocery,13,23,1104.00,949.44,36
2026-04-09,M002,Tea Powder 500g,Beverages,18,22,4840.00,3630.00,151
2026-04-09,M003,Cold Coffee,Beverages,17,23,2760.00,1048.80,31
2026-04-09,M003,Cookies,Snacks,6,8,402.95,172.80,233
2026-04-09,M003,Filter Coffee,Beverages,17,21,1050.00,357.00,131
2026-04-09,M003,Masala Chai,Beverages,24,31,1240.00,396.80,3
2026-04-09,M003,Samosa,Food,17,27,675.00,202.50,281
2026-04-09,M003,Veg Sandwich,Food,22,27,2970.00,1247.40,196
2026-04-09,M004,Cotton Kurta,Apparel,11,13,11687.00,6077.24,27
2026-04-09,M004,Denim Jeans,Apparel,5,5,7250.00,3987.50,43
2026-04-09,M004,Formal Shirt,Apparel,4,4,4400.00,2376.00,91
2026-04-09,M004,Saree,Ethnic Wear,5,5,11000.00,6380.00,24
2026-04-09,M004,Scarf,Accessories,4,5,1750.00,805.00,177
2026-04-09,M004,T-Shirt,Apparel,12,16,7984.00,3992.00,72
2026-04-10,M001,Bluetooth Speaker,Electronics,6,7,15400.00,10934.00,3
2026-04-10,M001,Phone Case,Accessories,9,15,3750.00,2100.00,290
2026-04-10,M001,Power Bank,Electronics,15,17,25500.00,17850.00,97
2026-04-10,M001,Screen Guard,Accessories,9,14,2100.00,1092.00,109
2026-04-10,M001,Smart Watch,Electronics,11,11,28600.00,20592.00,23
2026-04-10,M001,Wireless Earbuds,Electronics,10,11,19800.00,13860.00,164
2026-04-10,M002,Atta 5kg,Grocery,39,43,11180.00,9167.60,79
2026-04-10,M002,Biscuits Pack,Snacks,28,37,2220.00,1642.80,330
2026-04-10,M002,Cooking Oil 1L,Grocery,36,43,6235.00,5237.40,135
2026-04-10,M002,Detergent 1kg,Household,19,23,2760.00,2152.80,62
2026-04-10,M002,Milk Powder 500g,Grocery,9,10,2900.00,2320.00,59
2026-04-10,M002,Rice 5kg,Grocery,11,12,4080.00,3386.40,72
2026-04-10,M002,Sugar 1kg,Grocery,20,28,1344.00,1155.84,268
2026-04-10,M002,Tea Powder 500g,Beverages,10,11,2420.00,1815.00,140
2026-04-10,M003,Cold Coffee,Beverages,25,33,3960.00,1504.80,258
2026-04-10,M003,Cookies,Snacks,13,18,1080.00,388.80,215
2026-04-10,M003,Filter Coffee,Beverages,18,25,1250.00,425.00,106
2026-04-10,M003,Masala Chai,Beverages,33,46,1363.00,588.80,377
2026-04-10,M003,Samosa,Food,12,20,500.00,150.00,261
2026-04-10,M003,Veg Sandwich,Food,6,7,770.00,323.40,189
2026-04-10,M004,Cotton Kurta,Apparel,18,22,19778.00,10284.56,5
2026-04-10,M004,Denim Jeans,Apparel,13,14,20300.00,11165.00,29
2026-04-10,M004,Formal Shirt,Apparel,4,4,4400.00,2376.00,87
2026-04-10,M004,Saree,Ethnic Wear,6,7,15400.00,8932.00,17
2026-04-10,M004,Scarf,Accessories,6,8,2435.03,1288.00,169
2026-04-10,M004,T-Shirt,Apparel,10,14,6986.00,3493.00,58
2026-04-11,M001,Bluetooth Speaker,Electronics,5,5,11000.00,7810.00,78
2026-04-11,M001,Phone Case,Accessories,24,35,8750.00,4900.00,255
2026-04-11,M001,Power Bank,Electronics,16,17,25500.00,17850.00,80
2026-04-11,M001,Screen Guard,Accessories,10,15,2250.00,1170.00,94
2026-04-11,M001,Smart Watch,Electronics,10,10,26000.00,18720.00,13
2026-04-11,M001,USB-C Cable,Accessories,10,13,4550.00,2639.00,72
2026-04-11,M001,Wireless Earbuds,Electronics,8,9,16200.00,11340.00,155
2026-04-11,M002,Atta 5kg,Grocery,28,32,8320.00,6822.40,47
2026-04-11,M002,Biscuits Pack,Snacks,16,25,1500.00,1110.00,305
2026-04-11,M002,Cooking Oil 1L,Grocery,20,25,3625.00,3045.00,110
2026-04-11,M002,Detergent 1kg,Household,14,17,2040.00,1591.20,45
2026-04-11,M002,Milk Powder 500g,Grocery,11,15,4350.00,3480.00,44
2026-04-11,M002,Rice 5kg,Grocery,23,28,9520.00,7901.60,44
2026-04-11,M002,Sugar 1kg,Grocery,19,25,1200.00,1032.00,243
2026-04-11,M002,Tea Powder 500g,Beverages,11,14,3080.00,2310.00,126
2026-04-11,M003,Cold Coffee,Beverages,16,20,2400.00,912.00,238
2026-04-11,M003,Cookies,Snacks,14,21,908.12,453.60,194
2026-04-11,M003,Filter Coffee,Beverages,13,19,765.89,323.00,87
2026-04-11,M003,Masala Chai,Beverages,35,55,2200.00,704.00,322
2026-04-11,M003,Samosa,Food,30,50,1250.00,375.00,211
2026-04-11,M003,Veg Sandwich,Food,18,19,2090.00,877.80,170
2026-04-11,M004,Cotton Kurta,Apparel,15,15,13485.00,7012.20,150
2026-04-11,M004,Denim Jeans,Apparel,17,17,24650.00,13557.50,12
2026-04-11,M004,Formal Shirt,Apparel,10,12,13200.00,7128.00,75
2026-04-11,M004,Saree,Ethnic Wear,8,9,19800.00,11484.00,8
2026-04-11,M004,Scarf,Accessories,5,8,2800.00,1288.00,161
2026-04-11,M004,T-Shirt,Apparel,22,26,12974.00,6487.00,32
2026-04-12,M001,Bluetooth Speaker,Electronics,7,8,17600.00,12496.00,70
2026-04-12,M001,Phone Case,Accessories,22,31,7750.00,4340.00,224
2026-04-12,M001,Power Bank,Electronics,6,6,9000.00,6300.00,74
2026-04-12,M001,Screen Guard,Accessories,15,23,3450.00,1794.00,71
2026-04-12,M001,Smart Watch,Electronics,13,13,33800.00,24336.00,0
2026-04-12,M001,USB-C Cable,Accessories,5,6,2100.00,1218.00,66
2026-04-12,M001,Wireless Earbuds,Electronics,14,16,28800.00,20160.00,139
2026-04-12,M002,Atta 5kg,Grocery,29,37,9620.00,7888.40,10
2026-04-12,M002,Biscuits Pack,Snacks,13,22,1320.00,976.80,283
2026-04-12,M002,Cooking Oil 1L,Grocery,26,33,4785.00,4019.40,77
2026-04-12,M002,Detergent 1kg,Household,10,12,1440.00,1123.20,33
2026-04-12,M002,Milk Powder 500g,Grocery,3,3,870.00,696.00,41
2026-04-12,M002,Rice 5kg,Grocery,26,32,10880.00,9030.40,12
2026-04-12,M002,Sugar 1kg,Grocery,28,36,1728.00,1486.08,207
2026-04-12,M002,Tea Powder 500g,Beverages,8,12,2640.00,1980.00,114
2026-04-12,M003,Cold Coffee,Beverages,19,23,2760.00,1048.80,215
2026-04-12,M003,Cookies,Snacks,17,24,1180.10,518.40,170
2026-04-12,M003,Filter Coffee,Beverages,21,27,1350.00,459.00,60
2026-04-12,M003,Masala Chai,Beverages,30,49,1960.00,627.20,273
2026-04-12,M003,Samosa,Food,26,42,1050.00,315.00,169
2026-04-12,M003,Veg Sandwich,Food,13,15,1650.00,693.00,155
2026-04-12,M004,Cotton Kurta,Apparel,14,18,16182.00,8414.64,132
2026-04-12,M004,Denim Jeans,Apparel,5,5,7250.00,3987.50,7
2026-04-12,M004,Formal Shirt,Apparel,5,5,5210.48,2970.00,70
2026-04-12,M004,Saree,Ethnic Wear,8,8,17600.00,10208.00,100
2026-04-12,M004,Scarf,Accessories,7,9,3150.00,1449.00,152
2026-04-12,M004,T-Shirt,Apparel,13,13,6487.00,3243.50,19
2026-04-13,M001,Bluetooth Speaker,Electronics,5,6,13200.00,9372.00,64
2026-04-13,M001,Phone Case,Accessories,10,13,3250.00,1820.00,211
2026-04-13,M001,Power Bank,Electronics,4,5,7500.00,5250.00,69
2026-04-13,M001,Screen Guard,Accessories,11,14,2100.00,1092.00,457
2026-04-13,M001,Smart Watch,Electronics,7,7,18200.00,13104.00,103
2026-04-13,M001,USB-C Cable,Accessories,4,7,2450.00,1421.00,59
2026-04-13,M001,Wireless Earbuds,Electronics,17,20,36000.00,25200.00,119
2026-04-13,M002,Atta 5kg,Grocery,10,10,2600.00,2132.00,0
2026-04-13,M002,Biscuits Pack,Snacks,17,26,1560.00,1154.40,257
2026-04-13,M002,Cooking Oil 1L,Grocery,34,44,6380.00,5359.20,33
2026-04-13,M002,Detergent 1kg,Household,14,16,1920.00,1497.60,247
2026-04-13,M002,Milk Powder 500g,Grocery,5,6,1740.00,1392.00,35
2026-04-13,M002,Rice 5kg,Grocery,12,12,4080.00,3386.40,0
2026-04-13,M002,Sugar 1kg,Grocery,23,31,1488.00,1279.68,176
2026-04-13,M002,Tea Powder 500g,Beverages,6,7,1540.00,1155.00,107
2026-04-13,M003,Cold Coffee,Beverages,10,13,1144.37,592.80,202
2026-04-13,M003,Cookies,Snacks,9,13,780.00,280.80,157
2026-04-13,M003,Filter Coffee,Beverages,9,15,750.00,255.00,45
2026-04-13,M003,Masala Chai,Beverages,24,33,1320.00,422.40,240
2026-04-13,M003,Samosa,Food,18,25,625.00,187.50,144
2026-04-13,M003,Veg Sandwich,Food,14,17,1870.00,785.40,138
2026-04-13,M004,Cotton Kurta,Apparel,10,12,10788.00,5609.76,120
2026-04-13,M004,Denim Jeans,Apparel,6,7,10150.00,5582.50,120
2026-04-13,M004,Formal Shirt,Apparel,6,7,7700.00,4158.00,63
2026-04-13,M004,Saree,Ethnic Wear,4,4,8800.00,5104.00,96
2026-04-13,M004,T-Shirt,Apparel,13,15,7485.00,3742.50,224
2026-04-14,M001,Bluetooth Speaker,Electronics,4,4,8800.00,6248.00,60
2026-04-14,M001,Phone Case,Accessories,5,7,1409.98,980.00,204
2026-04-14,M001,Power Bank,Electronics,15,16,24000.00,16800.00,53
2026-04-14,M001,Screen Guard,Accessories,5,6,900.00,468.00,451
2026-04-14,M001,Smart Watch,Electronics,10,12,31200.00,22464.00,91
2026-04-14,M001,USB-C Cable,Accessories,7,9,3150.00,1827.00,50
2026-04-14,M001,Wireless Earbuds,Electronics,11,12,21600.00,15120.00,107
2026-04-14,M002,Atta 5kg,Grocery,28,33,8580.00,7035.60,207
2026-04-14,M002,Biscuits Pack,Snacks,13,19,1140.00,843.60,238
2026-04-14,M002,Cooking Oil 1L,Grocery,11,16,2320.00,1948.80,17
2026-04-14,M002,Detergent 1kg,Household,5,5,600.00,468.00,242
2026-04-14,M002,Milk Powder 500g,Grocery,3,5,1450.00,1160.00,30
2026-04-14,M002,Rice 5kg,Grocery,15,18,6120.00,5079.60,172
2026-04-14,M002,Sugar 1kg,Grocery,17,23,1104.00,949.44,153
2026-04-14,M002,Tea Powder 500g,Beverages,10,10,2200.00,1650.00,97
2026-04-14,M003,Cold Coffee,Beverages,12,16,1920.00,729.60,186
2026-04-14,M003,Cookies,Snacks,7,8,449.36,172.80,149
2026-04-14,M003,Filter Coffee,Beverages,15,21,1050.00,357.00,364
2026-04-14,M003,Masala Chai,Beverages,13,18,720.00,230.40,222
2026-04-14,M003,Samosa,Food,9,14,350.00,105.00,130
2026-04-14,M003,Veg Sandwich,Food,15,20,2200.00,924.00,118
2026-04-14,M004,Cotton Kurta,Apparel,7,8,7192.00,3739.84,112
2026-04-14,M004,Denim Jeans,Apparel,6,6,8700.00,4785.00,114
2026-04-14,M004,Formal Shirt,Apparel,2,2,2200.00,1188.00,61
2026-04-14,M004,Saree,Ethnic Wear,7,8,17600.00,10208.00,88
2026-04-14,M004,Scarf,Accessories,7,9,3150.00,1449.00,143
2026-04-14,M004,T-Shirt,Apparel,7,8,3992.00,1996.00,216
2026-04-15,M001,Bluetooth Speaker,Electronics,6,6,13200.00,9372.00,54
2026-04-15,M001,Phone Case,Accessories,12,18,4500.00,2520.00,186
2026-04-15,M001,Power Bank,Electronics,4,5,7500.00,5250.00,48
2026-04-15,M001,Screen Guard,Accessories,6,9,1350.00,702.00,442
2026-04-15,M001,Smart Watch,Electronics,6,6,15600.00,11232.00,85
2026-04-15,M001,USB-C Cable,Accessories,8,9,3150.00,1827.00,321
2026-04-15,M001,Wireless Earbuds,Electronics,17,21,37800.00,26460.00,86
2026-04-15,M002,Atta 5kg,Grocery,24,27,7020.00,5756.40,180
2026-04-15,M002,Biscuits Pack,Snacks,21,31,1860.00,1376.40,207
2026-04-15,M002,Cooking Oil 1L,Grocery,17,17,2465.00,2070.60,0
2026-04-15,M002,Detergent 1kg,Household,10,13,1560.00,1216.80,229
2026-04-15,M002,Milk Powder 500g,Grocery,8,9,2610.00,2088.00,21
2026-04-15,M002,Rice 5kg,Grocery,24,29,9860.00,8183.80,143
2026-04-15,M002,Sugar 1kg,Grocery,10,12,539.81,495.36,141
2026-04-15,M002,Tea Powder 500g,Beverages,11,12,2640.00,1980.00,85
2026-04-15,M003,Cold Coffee,Beverages,19,22,2640.00,1003.20,164
2026-04-15,M003,Cookies,Snacks,7,9,540.00,194.40,140
2026-04-15,M003,Filter Coffee,Beverages,11,15,750.00,255.00,349
2026-04-15,M003,Masala Chai,Beverages,22,33,1212.20,422.40,189
2026-04-15,M003,Samosa,Food,8,12,300.00,90.00,118
2026-04-15,M003,Veg Sandwich,Food,12,13,1430.00,600.60,105
2026-04-15,M004,Cotton Kurta,Apparel,9,11,7633.11,5142.28,101
2026-04-15,M004,Denim Jeans,Apparel,2,2,2900.00,1595.00,112
2026-04-15,M004,Formal Shirt,Apparel,3,3,3300.00,1782.00,58
2026-04-15,M004,Saree,Ethnic Wear,7,9,19800.00,11484.00,79
2026-04-15,M004,Scarf,Accessories,4,4,1400.00,644.00,139
2026-04-15,M004,T-Shirt,Apparel,5,6,2994.00,1497.00,210
2026-04-16,M001,Bluetooth Speaker,Electronics,7,7,15400.00,10934.00,47
2026-04-16,M001,Phone Case,Accessories,12,15,3750.00,2100.00,171
2026-04-16,M001,Power Bank,Electronics,7,7,10500.00,7350.00,41
2026-04-16,M001,Screen Guard,Accessories,8,13,1950.00,1014.00,429
2026-04-16,M001,Smart Watch,Electronics,6,6,15600.00,11232.00,79
2026-04-16,M001,USB-C Cable,Accessories,9,11,3850.00,2233.00,310
2026-04-16,M001,Wireless Earbuds,Electronics,13,14,25200.00,17640.00,72
2026-04-16,M002,Atta 5kg,Grocery,18,23,5980.00,4903.60,157
2026-04-16,M002,Biscuits Pack,Snacks,18,27,1620.00,1198.80,180
2026-04-16,M002,Cooking Oil 1L,Grocery,17,21,3045.00,2557.80,179
2026-04-16,M002,Detergent 1kg,Household,18,21,2520.00,1965.60,208
2026-04-16,M002,Milk Powder 500g,Grocery,4,5,1343.45,1160.00,146
2026-04-16,M002,Rice 5kg,Grocery,6,7,2380.00,1975.40,136
2026-04-16,M002,Sugar 1kg,Grocery,21,30,1440.00,1238.40,111
2026-04-16,M002,Tea Powder 500g,Beverages,8,9,1980.00,1485.00,76
2026-04-16,M003,Cold Coffee,Beverages,21,22,2640.00,1003.20,142
2026-04-16,M003,Cookies,Snacks,6,7,420.00,151.20,133
2026-04-16,M003,Filter Coffee,Beverages,15,23,1150.00,391.00,326
2026-04-16,M003,Masala Chai,Beverages,28,42,1680.00,537.60,147
2026-04-16,M003,Samosa,Food,14,20,500.00,150.00,98
2026-04-16,M003,Veg Sandwich,Food,15,18,1980.00,831.60,87
2026-04-16,M004,Cotton Kurta,Apparel,8,9,8091.00,4207.32,92
2026-04-16,M004,Denim Jeans,Apparel,10,12,17400.00,9570.00,100
2026-04-16,M004,Formal Shirt,Apparel,5,6,5240.24,3564.00,52
2026-04-16,M004,Saree,Ethnic Wear,4,4,8800.00,5104.00,75
2026-04-16,M004,Scarf,Accessories,6,8,2800.00,1288.00,131
2026-04-16,M004,T-Shirt,Apparel,7,7,3493.00,1746.50,203
2026-04-17,M001,Bluetooth Speaker,Electronics,3,3,5688.35,4686.00,44
2026-04-17,M001,Phone Case,Accessories,7,9,2030.65,1260.00,162
2026-04-17,M001,Power Bank,Electronics,22,25,37500.00,26250.00,16
2026-04-17,M001,Screen Guard,Accessories,4,5,750.00,390.00,424
2026-04-17,M001,Smart Watch,Electronics,9,10,26000.00,18720.00,69
2026-04-17,M001,USB-C Cable,Accessories,12,20,7000.00,4060.00,290
2026-04-17,M001,Wireless Earbuds,Electronics,9,10,18000.00,12600.00,62
2026-04-17,M002,Atta 5kg,Grocery,17,21,5460.00,4477.20,136
2026-04-17,M002,Biscuits Pack,Snacks,13,19,1140.00,843.60,161
2026-04-17,M002,Cooking Oil 1L,Grocery,30,40,5800.00,4872.00,139
2026-04-17,M002,Detergent 1kg,Household,21,24,2880.00,2246.40,184
2026-04-17,M002,Milk Powder 500g,Grocery,2,2,580.00,464.00,144
2026-04-17,M002,Rice 5kg,Grocery,16,20,6438.85,5644.00,116
2026-04-17,M002,Sugar 1kg,Grocery,11,16,768.00,660.48,95
2026-04-17,M002,Tea Powder 500g,Beverages,15,19,4180.00,3135.00,57
2026-04-17,M003,Cold Coffee,Beverages,23,27,3240.00,1231.20,115
2026-04-17,M003,Cookies,Snacks,13,16,960.00,345.60,117
2026-04-17,M003,Filter Coffee,Beverages,20,29,1450.00,493.00,297
2026-04-17,M003,Masala Chai,Beverages,30,45,1800.00,576.00,102
2026-04-17,M003,Samosa,Food,21,31,702.09,232.50,67
2026-04-17,M003,Veg Sandwich,Food,19,23,2530.00,1062.60,64
2026-04-17,M004,Cotton Kurta,Apparel,11,13,11687.00,6077.24,79
2026-04-17,M004,Denim Jeans,Apparel,13,13,18850.00,10367.50,87
2026-04-17,M004,Formal Shirt,Apparel,6,7,7700.00,4158.00,45
2026-04-17,M004,Saree,Ethnic Wear,4,4,8800.00,5104.00,71
2026-04-17,M004,Scarf,Accessories,7,8,2800.00,1288.00,123
2026-04-17,M004,T-Shirt,Apparel,12,14,6986.00,3493.00,189
2026-04-18,M001,Bluetooth Speaker,Electronics,9,9,19800.00,14058.00,35
2026-04-18,M001,Phone Case,Accessories,18,24,6000.00,3360.00,138
2026-04-18,M001,Power Bank,Electronics,10,11,16500.00,11550.00,5
2026-04-18,M001,Screen Guard,Accessories,7,11,1380.07,858.00,413
2026-04-18,M001,Smart Watch,Electronics,7,9,23400.00,16848.00,60
2026-04-18,M001,USB-C Cable,Accessories,10,12,4200.00,2436.00,278
2026-04-18,M001,Wireless Earbuds,Electronics,16,19,34200.00,23940.00,43
2026-04-18,M002,Atta 5kg,Grocery,33,39,10140.00,8314.80,97
2026-04-18,M002,Biscuits Pack,Snacks,18,31,1860.00,1376.40,130
2026-04-18,M002,Cooking Oil 1L,Grocery,26,34,4930.00,4141.20,105
2026-04-18,M002,Detergent 1kg,Household,15,18,2160.00,1684.80,166
2026-04-18,M002,Milk Powder 500g,Grocery,9,10,2900.00,2320.00,134
2026-04-18,M002,Rice 5kg,Grocery,15,17,5780.00,4797.40,99
2026-04-18,M002,Sugar 1kg,Grocery,17,22,1056.00,908.16,73
2026-04-18,M002,Tea Powder 500g,Beverages,13,15,3300.00,2475.00,42
2026-04-18,M003,Cold Coffee,Beverages,18,22,2204.30,1003.20,93
2026-04-18,M003,Cookies,Snacks,11,14,840.00,302.40,103
2026-04-18,M003,Filter Coffee,Beverages,23,33,1650.00,561.00,264
2026-04-18,M003,Masala Chai,Beverages,31,45,1800.00,576.00,57
2026-04-18,M003,Samosa,Food,24,39,975.00,292.50,428
2026-04-18,M003,Veg Sandwich,Food,20,23,2530.00,1062.60,41
2026-04-18,M004,Cotton Kurta,Apparel,13,16,14384.00,7479.68,63
2026-04-18,M004,Denim Jeans,Apparel,2,2,2900.00,1595.00,85
2026-04-18,M004,Formal Shirt,Apparel,8,8,8800.00,4752.00,37
2026-04-18,M004,Saree,Ethnic Wear,14,14,26775.78,17864.00,57
2026-04-18,M004,Scarf,Accessories,9,12,3159.54,1932.00,111
2026-04-18,M004,T-Shirt,Apparel,20,25,12475.00,6237.50,164
2026-04-19,M001,Bluetooth Speaker,Electronics,10,11,24200.00,17182.00,24
2026-04-19,M001,Phone Case,Accessories,9,11,2750.00,1540.00,127
2026-04-19,M001,Power Bank,Electronics,5,5,7500.00,5250.00,0
2026-04-19,M001,Screen Guard,Accessories,12,16,2400.00,1248.00,397
2026-04-19,M001,Smart Watch,Electronics,6,8,20800.00,14976.00,52
2026-04-19,M001,USB-C Cable,Accessories,7,8,2333.64,1624.00,270
2026-04-19,M001,Wireless Earbuds,Electronics,9,10,18000.00,12600.00,33
2026-04-19,M002,Atta 5kg,Grocery,23,27,7020.00,5756.40,70
2026-04-19,M002,Biscuits Pack,Snacks,13,16,960.00,710.40,114
2026-04-19,M002,Cooking Oil 1L,Grocery,33,44,6380.00,5359.20,61
2026-04-19,M002,Detergent 1kg,Household,11,16,1920.00,1497.60,150
2026-04-19,M002,Milk Powder 500g,Grocery,2,3,870.00,696.00,131
2026-04-19,M002,Rice 5kg,Grocery,16,20,6800.00,5644.00,79
2026-04-19,M002,Sugar 1kg,Grocery,13,18,864.00,743.04,55
2026-04-19,M002,Tea Powder 500g,Beverages,13,17,3740.00,2805.00,25
2026-04-19,M003,Cold Coffee,Beverages,34,42,5040.00,1915.20,51
2026-04-19,M003,Cookies,Snacks,5,6,337.97,129.60,97
2026-04-19,M003,Filter Coffee,Beverages,27,35,1750.00,595.00,229
2026-04-19,M003,Masala Chai,Beverages,34,48,1920.00,614.40,9
2026-04-19,M003,Samosa,Food,20,33,825.00,247.50,395
2026-04-19,M003,Veg Sandwich,Food,19,24,2640.00,1108.80,17
2026-04-19,M004,Cotton Kurta,Apparel,18,21,18879.00,9817.08,42
2026-04-19,M004,Denim Jeans,Apparel,6,7,10150.00,5582.50,78
2026-04-19,M004,Formal Shirt,Apparel,9,10,11000.00,5940.00,27
2026-04-19,M004,Saree,Ethnic Wear,5,5,11000.00,6380.00,52
2026-04-19,M004,Scarf,Accessories,5,9,3150.00,1449.00,102
2026-04-19,M004,T-Shirt,Apparel,14,20,9980.00,4990.00,144
2026-04-20,M001,Bluetooth Speaker,Electronics,5,6,13200.00,9372.00,18
2026-04-20,M001,Phone Case,Accessories,16,22,5065.75,3080.00,105
2026-04-20,M001,Power Bank,Electronics,1,1,1500.00,1050.00,99
2026-04-20,M001,Screen Guard,Accessories,8,9,1350.00,702.00,388
2026-04-20,M001,Smart Watch,Electronics,9,9,23400.00,16848.00,43
2026-04-20,M001,USB-C Cable,Accessories,1,2,700.00,406.00,268
2026-04-20,M001,Wireless Earbuds,Electronics,18,21,37800.00,26460.00,12
2026-04-20,M002,Atta 5kg,Grocery,19,26,6760.00,5543.20,44
2026-04-20,M002,Biscuits Pack,Snacks,21,29,1606.60,1287.60,85
2026-04-20,M002,Cooking Oil 1L,Grocery,14,20,2900.00,2436.00,41
2026-04-20,M002,Detergent 1kg,Household,9,11,1320.00,1029.60,139
2026-04-20,M002,Milk Powder 500g,Grocery,3,3,870.00,696.00,128
2026-04-20,M002,Rice 5kg,Grocery,19,21,7140.00,5926.20,58
2026-04-20,M002,Sugar 1kg,Grocery,21,30,1440.00,1238.40,25
2026-04-20,M002,Tea Powder 500g,Beverages,15,19,4180.00,3135.00,6
2026-04-20,M003,Cold Coffee,Beverages,12,12,1440.00,547.20,39
2026-04-20,M003,Cookies,Snacks,5,8,480.00,172.80,89
2026-04-20,M003,Filter Coffee,Beverages,15,21,1050.00,357.00,208
2026-04-20,M003,Masala Chai,Beverages,14,21,840.00,268.80,408
2026-04-20,M003,Samosa,Food,7,13,325.00,97.50,382
2026-04-20,M003,Veg Sandwich,Food,9,10,1100.00,462.00,7
2026-04-20,M004,Cotton Kurta,Apparel,11,15,13485.00,7012.20,27
2026-04-20,M004,Denim Jeans,Apparel,4,5,7250.00,3987.50,73
2026-04-20,M004,Formal Shirt,Apparel,2,2,2200.00,1188.00,25
2026-04-20,M004,Saree,Ethnic Wear,4,5,11000.00,6380.00,47
2026-04-20,M004,Scarf,Accessories,3,5,1750.00,805.00,97
2026-04-20,M004,T-Shirt,Apparel,15,18,8982.00,4491.00,126
2026-04-21,M001,Bluetooth Speaker,Electronics,5,6,13200.00,9372.00,12
2026-04-21,M001,Phone Case,Accessories,6,8,2000.00,1120.00,97
2026-04-21,M001,Power Bank,Electronics,4,4,5242.65,4200.00,95
2026-04-21,M001,Screen Guard,Accessories,11,14,2100.00,1092.00,374
2026-04-21,M001,Smart Watch,Electronics,11,12,31200.00,22464.00,31
2026-04-21,M001,USB-C Cable,Accessories,3,5,1750.00,1015.00,263
2026-04-21,M001,Wireless Earbuds,Electronics,11,12,21600.00,15120.00,0
2026-04-21,M002,Atta 5kg,Grocery,10,12,3120.00,2558.40,32
2026-04-21,M002,Biscuits Pack,Snacks,11,16,960.00,710.40,69
2026-04-21,M002,Cooking Oil 1L,Grocery,29,35,5075.00,4263.00,6
2026-04-21,M002,Detergent 1kg,Household,10,12,1440.00,1123.20,127
2026-04-21,M002,Milk Powder 500g,Grocery,5,7,1872.00,1624.00,121
2026-04-21,M002,Rice 5kg,Grocery,16,18,6120.00,5079.60,40
2026-04-21,M002,Sugar 1kg,Grocery,13,20,960.00,825.60,265
2026-04-21,M002,Tea Powder 500g,Beverages,7,8,1760.00,1320.00,168
2026-04-21,M003,Cold Coffee,Beverages,10,14,1680.00,638.40,25
2026-04-21,M003,Cookies,Snacks,2,4,240.00,86.40,85
2026-04-21,M003,Filter Coffee,Beverages,15,19,741.92,323.00,189
2026-04-21,M003,Masala Chai,Beverages,26,42,1680.00,537.60,366
2026-04-21,M003,Samosa,Food,12,20,468.70,150.00,362
2026-04-21,M003,Veg Sandwich,Food,10,13,1430.00,600.60,204
2026-04-21,M004,Cotton Kurta,Apparel,6,7,6293.00,3272.36,20
2026-04-21,M004,Denim Jeans,Apparel,6,6,8700.00,4785.00,67
2026-04-21,M004,Formal Shirt,Apparel,2,2,2200.00,1188.00,23
2026-04-21,M004,Saree,Ethnic Wear,7,7,15400.00,8932.00,40
2026-04-21,M004,Scarf,Accessories,2,2,700.00,322.00,95
2026-04-21,M004,T-Shirt,Apparel,18,27,13473.00,6736.50,99
2026-04-22,M001,Bluetooth Speaker,Electronics,6,7,15400.00,10934.00,5
2026-04-22,M001,Phone Case,Accessories,8,11,2750.00,1540.00,86
2026-04-22,M001,Power Bank,Electronics,9,10,14035.49,10500.00,85
2026-04-22,M001,Screen Guard,Accessories,8,10,1500.00,780.00,364
2026-04-22,M001,Smart Watch,Electronics,9,11,28600.00,20592.00,20
2026-04-22,M001,USB-C Cable,Accessories,5,8,2800.00,1624.00,255
2026-04-22,M001,Wireless Earbuds,Electronics,16,17,30600.00,21420.00,163
2026-04-22,M002,Atta 5kg,Grocery,10,14,3640.00,2984.80,18
2026-04-22,M002,Biscuits Pack,Snacks,17,26,1560.00,1154.40,43
2026-04-22,M002,Cooking Oil 1L,Grocery,35,49,7105.00,5968.20,157
2026-04-22,M002,Detergent 1kg,Household,14,20,2400.00,1872.00,107
2026-04-22,M002,Milk Powder 500g,Grocery,11,11,3190.00,2552.00,110
2026-04-22,M002,Rice 5kg,Grocery,16,21,7140.00,5926.20,19
2026-04-22,M002,Sugar 1kg,Grocery,16,22,1056.00,908.16,243
2026-04-22,M002,Tea Powder 500g,Beverages,10,12,2640.00,1980.00,156
2026-04-22,M003,Cold Coffee,Beverages,9,11,1320.00,501.60,274
2026-04-22,M003,Cookies,Snacks,9,12,720.00,259.20,73
2026-04-22,M003,Filter Coffee,Beverages,10,15,750.00,255.00,174
2026-04-22,M003,Masala Chai,Beverages,17,29,1160.00,371.20,337
2026-04-22,M003,Samosa,Food,11,16,400.00,120.00,346
2026-04-22,M003,Veg Sandwich,Food,11,14,1540.00,646.80,190
2026-04-22,M004,Cotton Kurta,Apparel,10,12,10788.00,5609.76,8
2026-04-22,M004,Denim Jeans,Apparel,11,11,15950.00,8772.50,56
2026-04-22,M004,Formal Shirt,Apparel,2,2,2200.00,1188.00,151
2026-04-22,M004,Saree,Ethnic Wear,4,4,8800.00,5104.00,36
2026-04-22,M004,Scarf,Accessories,5,7,2450.00,1127.00,88
2026-04-22,M004,T-Shirt,Apparel,10,14,6986.00,3493.00,85
2026-04-23,M001,Bluetooth Speaker,Electronics,5,5,11000.00,7810.00,80
2026-04-23,M001,Phone Case,Accessories,14,21,5250.00,2940.00,65
2026-04-23,M001,Power Bank,Electronics,10,10,15000.00,10500.00,75
2026-04-23,M001,Screen Guard,Accessories,4,4,600.00,312.00,360
2026-04-23,M001,Smart Watch,Electronics,6,6,15600.00,11232.00,14
2026-04-23,M001,USB-C Cable,Accessories,7,8,2800.00,1624.00,247
2026-04-23,M001,Wireless Earbuds,Electronics,15,18,32400.00,22680.00,145
2026-04-23,M002,Atta 5kg,Grocery,20,24,6240.00,5116.80,234
2026-04-23,M002,Biscuits Pack,Snacks,21,32,1706.55,1420.80,331
2026-04-23,M002,Cooking Oil 1L,Grocery,30,37,5365.00,4506.60,120
2026-04-23,M002,Detergent 1kg,Household,11,16,1920.00,1497.60,91
2026-04-23,M002,Milk Powder 500g,Grocery,7,7,2030.00,1624.00,103
2026-04-23,M002,Rice 5kg,Grocery,8,9,3060.00,2539.80,10
2026-04-23,M002,Sugar 1kg,Grocery,8,9,432.00,371.52,234
2026-04-23,M002,Tea Powder 500g,Beverages,13,16,3520.00,2640.00,140
2026-04-23,M003,Cold Coffee,Beverages,16,21,2520.00,957.60,253
2026-04-23,M003,Cookies,Snacks,7,8,480.00,172.80,65
2026-04-23,M003,Filter Coffee,Beverages,18,26,1300.00,442.00,148
2026-04-23,M003,Masala Chai,Beverages,34,46,1840.00,588.80,291
2026-04-23,M003,Samosa,Food,13,22,550.00,165.00,324
2026-04-23,M003,Veg Sandwich,Food,14,15,1485.16,693.00,175
2026-04-23,M004,Cotton Kurta,Apparel,6,7,6293.00,3272.36,161
2026-04-23,M004,Denim Jeans,Apparel,3,3,4350.00,2392.50,53
2026-04-23,M004,Formal Shirt,Apparel,3,3,3300.00,1782.00,148
2026-04-23,M004,Saree,Ethnic Wear,3,4,8800.00,5104.00,32
2026-04-23,M004,Scarf,Accessories,5,6,2100.00,966.00,82
2026-04-23,M004,T-Shirt,Apparel,11,15,7485.00,3742.50,70
2026-04-24,M001,Bluetooth Speaker,Electronics,7,9,19800.00,14058.00,71
2026-04-24,M001,Phone Case,Accessories,17,25,6250.00,3500.00,40
2026-04-24,M001,Power Bank,Electronics,9,10,15000.00,10500.00,65
2026-04-24,M001,Screen Guard,Accessories,13,21,3150.00,1638.00,339
2026-04-24,M001,Smart Watch,Electronics,11,13,33800.00,24336.00,1
2026-04-24,M001,USB-C Cable,Accessories,4,5,1750.00,1015.00,242
2026-04-24,M001,Wireless Earbuds,Electronics,24,29,52200.00,36540.00,116
2026-04-24,M002,Atta 5kg,Grocery,20,25,6500.00,5330.00,209
2026-04-24,M002,Biscuits Pack,Snacks,9,10,600.00,444.00,321
2026-04-24,M002,Cooking Oil 1L,Grocery,40,51,7395.00,6211.80,69
2026-04-24,M002,Detergent 1kg,Household,21,26,3120.00,2433.60,65
2026-04-24,M002,Milk Powder 500g,Grocery,2,3,870.00,696.00,100
2026-04-24,M002,Rice 5kg,Grocery,14,16,5440.00,4515.20,184
2026-04-24,M002,Sugar 1kg,Grocery,15,19,912.00,784.32,215
2026-04-24,M002,Tea Powder 500g,Beverages,8,12,2640.00,1980.00,128
2026-04-24,M003,Cold Coffee,Beverages,20,22,2640.00,1003.20,231
2026-04-24,M003,Cookies,Snacks,13,16,826.53,345.60,49
2026-04-24,M003,Filter Coffee,Beverages,12,17,850.00,289.00,131
2026-04-24,M003,Masala Chai,Beverages,34,56,2240.00,716.80,235
2026-04-24,M003,Samosa,Food,26,36,900.00,270.00,288
2026-04-24,M003,Veg Sandwich,Food,15,19,2090.00,877.80,156
2026-04-24,M004,Cotton Kurta,Apparel,8,9,7543.59,4207.32,152
2026-04-24,M004,Denim Jeans,Apparel,9,10,14500.00,7975.00,43
2026-04-24,M004,Formal Shirt,Apparel,8,8,8800.00,4752.00,140
2026-04-24,M004,Saree,Ethnic Wear,6,6,13200.00,7656.00,26
2026-04-24,M004,Scarf,Accessories,2,2,700.00,322.00,80
2026-04-24,M004,T-Shirt,Apparel,12,16,7984.00,3992.00,54
2026-04-25,M001,Bluetooth Speaker,Electronics,8,9,19800.00,14058.00,62
2026-04-25,M001,Phone Case,Accessories,16,21,5250.00,2940.00,359
2026-04-25,M001,Power Bank,Electronics,11,13,19500.00,13650.00,52
2026-04-25,M001,Screen Guard,Accessories,13,18,2700.00,1404.00,321
2026-04-25,M001,Smart Watch,Electronics,13,15,35669.51,28080.00,96
2026-04-25,M001,USB-C Cable,Accessories,8,12,4200.00,2436.00,230
2026-04-25,M001,Wireless Earbuds,Electronics,13,16,28800.00,20160.00,100
2026-04-25,M002,Atta 5kg,Grocery,16,19,4940.00,4050.80,190
2026-04-25,M002,Biscuits Pack,Snacks,29,42,2520.00,1864.80,279
2026-04-25,M002,Cooking Oil 1L,Grocery,19,23,3070.53,2801.40,46
2026-04-25,M002,Detergent 1kg,Household,18,19,2280.00,1778.40,46
2026-04-25,M002,Milk Powder 500g,Grocery,7,8,2320.00,1856.00,92
2026-04-25,M002,Rice 5kg,Grocery,23,29,9860.00,8183.80,155
2026-04-25,M002,Sugar 1kg,Grocery,13,15,720.00,619.20,200
2026-04-25,M002,Tea Powder 500g,Beverages,10,13,2860.00,2145.00,115
2026-04-25,M003,Cold Coffee,Beverages,24,26,2597.15,1185.60,205
2026-04-25,M003,Cookies,Snacks,11,13,780.00,280.80,36
2026-04-25,M003,Filter Coffee,Beverages,20,28,1400.00,476.00,103
2026-04-25,M003,Masala Chai,Beverages,27,36,1440.00,460.80,199
2026-04-25,M003,Samosa,Food,36,57,1425.00,427.50,231
2026-04-25,M003,Veg Sandwich,Food,11,16,1760.00,739.20,140
2026-04-25,M004,Cotton Kurta,Apparel,17,20,17980.00,9349.60,132
2026-04-25,M004,Denim Jeans,Apparel,14,14,20300.00,11165.00,29
2026-04-25,M004,Formal Shirt,Apparel,8,9,9900.00,5346.00,131
2026-04-25,M004,Saree,Ethnic Wear,11,12,26400.00,15312.00,14
2026-04-25,M004,Scarf,Accessories,12,15,5250.00,2415.00,65
2026-04-25,M004,T-Shirt,Apparel,16,19,9481.00,4740.50,35
2026-04-26,M001,Bluetooth Speaker,Electronics,5,5,11000.00,7810.00,57
2026-04-26,M001,Phone Case,Accessories,6,11,2750.00,1540.00,348
2026-04-26,M001,Power Bank,Electronics,9,10,15000.00,10500.00,42
2026-04-26,M001,Screen Guard,Accessories,8,11,1650.00,858.00,310
2026-04-26,M001,Smart Watch,Electronics,9,9,23400.00,16848.00,87
2026-04-26,M001,USB-C Cable,Accessories,4,5,1750.00,1015.00,225
2026-04-26,M001,Wireless Earbuds,Electronics,7,7,12600.00,8820.00,93
2026-04-26,M002,Atta 5kg,Grocery,21,27,7020.00,5756.40,163
2026-04-26,M002,Biscuits Pack,Snacks,19,30,1800.00,1332.00,249
2026-04-26,M002,Cooking Oil 1L,Grocery,28,35,5075.00,4263.00,11
2026-04-26,M002,Detergent 1kg,Household,6,8,960.00,748.80,38
2026-04-26,M002,Milk Powder 500g,Grocery,6,7,2030.00,1624.00,85
2026-04-26,M002,Rice 5kg,Grocery,19,24,8160.00,6772.80,131
2026-04-26,M002,Sugar 1kg,Grocery,8,10,480.00,412.80,190
2026-04-26,M002,Tea Powder 500g,Beverages,10,12,2332.15,1980.00,103
2026-04-26,M003,Cold Coffee,Beverages,19,20,2400.00,912.00,185
2026-04-26,M003,Cookies,Snacks,6,6,360.00,129.60,260
2026-04-26,M003,Filter Coffee,Beverages,12,13,650.00,221.00,90
2026-04-26,M003,Masala Chai,Beverages,27,36,1440.00,460.80,163
2026-04-26,M003,Samosa,Food,34,53,1325.00,397.50,178
2026-04-26,M003,Veg Sandwich,Food,20,26,2860.00,1201.20,114
2026-04-26,M004,Cotton Kurta,Apparel,15,16,14384.00,7479.68,116
2026-04-26,M004,Denim Jeans,Apparel,6,6,8700.00,4785.00,23
2026-04-26,M004,Formal Shirt,Apparel,7,7,7700.00,4158.00,124
2026-04-26,M004,Saree,Ethnic Wear,10,11,24200.00,14036.00,3
2026-04-26,M004,Scarf,Accessories,5,5,1750.00,805.00,60
2026-04-26,M004,T-Shirt,Apparel,17,23,11477.00,5738.50,12
2026-04-27,M001,Bluetooth Speaker,Electronics,3,3,6600.00,4686.00,54
2026-04-27,M001,Phone Case,Accessories,7,9,2250.00,1260.00,339
2026-04-27,M001,Power Bank,Electronics,13,14,21000.00,14700.00,28
2026-04-27,M001,Screen Guard,Accessories,5,5,750.00,390.00,305
2026-04-27,M001,Smart Watch,Electronics,8,8,20800.00,14976.00,79
2026-04-27,M001,USB-C Cable,Accessories,5,9,3150.00,1827.00,216
2026-04-27,M001,Wireless Earbuds,Electronics,10,12,21600.00,15120.00,81
2026-04-27,M002,Atta 5kg,Grocery,18,20,5200.00,4264.00,143
2026-04-27,M002,Biscuits Pack,Snacks,16,21,1260.00,932.40,228
2026-04-27,M002,Cooking Oil 1L,Grocery,25,33,4785.00,4019.40,178
2026-04-27,M002,Detergent 1kg,Household,8,9,1080.00,842.40,259
2026-04-27,M002,Milk Powder 500g,Grocery,3,5,1450.00,1160.00,80
2026-04-27,M002,Rice 5kg,Grocery,26,32,10880.00,9030.40,99
2026-04-27,M002,Sugar 1kg,Grocery,10,14,625.98,577.92,176
2026-04-27,M002,Tea Powder 500g,Beverages,10,12,2640.00,1980.00,91
2026-04-27,M003,Cold Coffee,Beverages,7,9,960.34,410.40,176
2026-04-27,M003,Cookies,Snacks,2,2,120.00,43.20,258
2026-04-27,M003,Filter Coffee,Beverages,10,13,650.00,221.00,77
2026-04-27,M003,Masala Chai,Beverages,15,21,785.88,268.80,142
2026-04-27,M003,Samosa,Food,13,21,525.00,157.50,157
2026-04-27,M003,Veg Sandwich,Food,15,19,2090.00,877.80,95
2026-04-27,M004,Cotton Kurta,Apparel,8,9,8091.00,4207.32,107
2026-04-27,M004,Denim Jeans,Apparel,6,6,8700.00,4785.00,17
2026-04-27,M004,Formal Shirt,Apparel,7,7,7700.00,4158.00,117
2026-04-27,M004,Saree,Ethnic Wear,3,3,6600.00,3828.00,0
2026-04-27,M004,Scarf,Accessories,3,5,1750.00,805.00,55
2026-04-27,M004,T-Shirt,Apparel,9,12,5988.00,2994.00,220
2026-04-28,M001,Bluetooth Speaker,Electronics,6,6,13200.00,9372.00,48
2026-04-28,M001,Phone Case,Accessories,9,11,2750.00,1540.00,328
2026-04-28,M001,Power Bank,Electronics,5,6,9000.00,6300.00,22
2026-04-28,M001,Screen Guard,Accessories,4,7,1050.00,546.00,298
2026-04-28,M001,Smart Watch,Electronics,7,7,18200.00,13104.00,72
2026-04-28,M001,USB-C Cable,Accessories,4,5,1750.00,1015.00,211
2026-04-28,M001,Wireless Earbuds,Electronics,18,26,46800.00,32760.00,55
2026-04-28,M002,Atta 5kg,Grocery,24,30,7800.00,6396.00,113
2026-04-28,M002,Biscuits Pack,Snacks,11,14,840.00,621.60,214
2026-04-28,M002,Cooking Oil 1L,Grocery,20,24,3480.00,2923.20,154
2026-04-28,M002,Detergent 1kg,Household,19,28,3360.00,2620.80,231
2026-04-28,M002,Milk Powder 500g,Grocery,7,8,2320.00,1856.00,72
2026-04-28,M002,Rice 5kg,Grocery,10,12,4080.00,3386.40,87
2026-04-28,M002,Sugar 1kg,Grocery,13,18,864.00,743.04,158
2026-04-28,M002,Tea Powder 500g,Beverages,8,11,2420.00,1815.00,80
2026-04-28,M003,Cold Coffee,Beverages,10,14,1680.00,638.40,162
2026-04-28,M003,Cookies,Snacks,5,7,420.00,151.20,251
2026-04-28,M003,Filter Coffee,Beverages,19,26,1300.00,442.00,51
2026-04-28,M003,Masala Chai,Beverages,16,25,1000.00,320.00,117
2026-04-28,M003,Samosa,Food,14,22,550.00,165.00,135
2026-04-28,M003,Veg Sandwich,Food,8,10,1100.00,462.00,85
2026-04-28,M004,Cotton Kurta,Apparel,6,7,6293.00,3272.36,100
2026-04-28,M004,Denim Jeans,Apparel,7,9,10830.00,7177.50,128
2026-04-28,M004,Formal Shirt,Apparel,5,5,5500.00,2970.00,112
2026-04-28,M004,Saree,Ethnic Wear,6,6,13200.00,7656.00,94
2026-04-28,M004,Scarf,Accessories,3,5,1750.00,805.00,50
2026-04-28,M004,T-Shirt,Apparel,4,6,2994.00,1497.00,214
2026-04-29,M001,Bluetooth Speaker,Electronics,2,2,4400.00,3124.00,46
2026-04-29,M001,Phone Case,Accessories,16,23,5750.00,3220.00,305
2026-04-29,M001,Power Bank,Electronics,9,11,16500.00,11550.00,11
2026-04-29,M001,Screen Guard,Accessories,8,10,1500.00,780.00,288
2026-04-29,M001,Smart Watch,Electronics,5,5,11707.80,9360.00,67
2026-04-29,M001,USB-C Cable,Accessories,3,6,2100.00,1218.00,205
2026-04-29,M001,Wireless Earbuds,Electronics,17,21,37800.00,26460.00,34
2026-04-29,M002,Atta 5kg,Grocery,16,20,5200.00,4264.00,93
2026-04-29,M002,Biscuits Pack,Snacks,13,19,1140.00,843.60,195
2026-04-29,M002,Cooking Oil 1L,Grocery,22,26,3770.00,3166.80,128
2026-04-29,M002,Detergent 1kg,Household,11,14,1680.00,1310.40,217
2026-04-29,M002,Milk Powder 500g,Grocery,9,12,3480.00,2784.00,60
2026-04-29,M002,Rice 5kg,Grocery,12,12,4080.00,3386.40,75
2026-04-29,M002,Sugar 1kg,Grocery,20,28,1344.00,1155.84,130
2026-04-29,M002,Tea Powder 500g,Beverages,4,5,989.01,825.00,75
2026-04-29,M003,Cold Coffee,Beverages,13,14,1680.00,638.40,148
2026-04-29,M003,Cookies,Snacks,5,8,480.00,172.80,243
2026-04-29,M003,Filter Coffee,Beverages,11,16,800.00,272.00,375
2026-04-29,M003,Masala Chai,Beverages,17,21,840.00,268.80,96
2026-04-29,M003,Samosa,Food,18,26,650.00,195.00,109
2026-04-29,M003,Veg Sandwich,Food,10,11,1210.00,508.20,74
2026-04-29,M004,Cotton Kurta,Apparel,11,14,12586.00,6544.72,86
2026-04-29,M004,Denim Jeans,Apparel,2,2,2900.00,1595.00,126
2026-04-29,M004,Formal Shirt,Apparel,2,4,4400.00,2376.00,108
2026-04-29,M004,Saree,Ethnic Wear,7,7,13625.31,8932.00,87
2026-04-29,M004,Scarf,Accessories,5,6,2100.00,966.00,44
2026-04-29,M004,T-Shirt,Apparel,11,13,4981.99,3243.50,201
2026-04-30,M001,Bluetooth Speaker,Electronics,9,9,19800.00,14058.00,37
2026-04-30,M001,Phone Case,Accessories,19,22,5500.00,3080.00,283
2026-04-30,M001,Power Bank,Electronics,8,11,16500.00,11550.00,100
2026-04-30,M001,Screen Guard,Accessories,11,14,2100.00,1092.00,274
2026-04-30,M001,Smart Watch,Electronics,12,12,31200.00,22464.00,55
2026-04-30,M001,USB-C Cable,Accessories,5,6,2100.00,1218.00,199
2026-04-30,M001,Wireless Earbuds,Electronics,13,17,30600.00,21420.00,17
2026-04-30,M002,Atta 5kg,Grocery,15,18,4680.00,3837.60,75
2026-04-30,M002,Biscuits Pack,Snacks,18,28,1680.00,1243.20,167
2026-04-30,M002,Cooking Oil 1L,Grocery,25,37,5365.00,4506.60,91
2026-04-30,M002,Detergent 1kg,Household,8,12,1440.00,1123.20,205
2026-04-30,M002,Milk Powder 500g,Grocery,7,8,2320.00,1856.00,52
2026-04-30,M002,Rice 5kg,Grocery,15,19,6460.00,5361.80,56
2026-04-30,M002,Sugar 1kg,Grocery,10,15,720.00,619.20,115
2026-04-30,M002,Tea Powder 500g,Beverages,8,10,2200.00,1650.00,65
2026-04-30,M003,Cold Coffee,Beverages,10,14,1680.00,638.40,134
2026-04-30,M003,Cookies,Snacks,4,6,360.00,129.60,237
2026-04-30,M003,Filter Coffee,Beverages,12,19,950.00,323.00,356
2026-04-30,M003,Masala Chai,Beverages,23,33,1029.55,422.40,63
2026-04-30,M003,Samosa,Food,16,21,525.00,157.50,88
2026-04-30,M003,Veg Sandwich,Food,19,20,2200.00,924.00,54
2026-04-30,M004,Cotton Kurta,Apparel,4,5,4495.00,2337.40,81
2026-04-30,M004,Denim Jeans,Apparel,4,5,7250.00,3987.50,121
2026-04-30,M004,Formal Shirt,Apparel,4,5,5500.00,2970.00,103
2026-04-30,M004,Saree,Ethnic Wear,10,13,28600.00,16588.00,74
2026-04-30,M004,Scarf,Accessories,2,3,1050.00,483.00,41
2026-04-30,M004,T-Shirt,Apparel,5,7,3493.00,1746.50,194
2026-05-01,M001,Bluetooth Speaker,Electronics,7,8,17600.00,12496.00,29
2026-05-01,M001,Phone Case,Accessories,10,14,3500.00,1960.00,269
2026-05-01,M001,Power Bank,Electronics,5,6,9000.00,6300.00,94
2026-05-01,M001,Screen Guard,Accessories,5,7,1050.00,546.00,267
2026-05-01,M001,Smart Watch,Electronics,9,9,23400.00,16848.00,46
2026-05-01,M001,USB-C Cable,Accessories,5,6,2100.00,1218.00,193
2026-05-01,M001,Wireless Earbuds,Electronics,8,11,19800.00,13860.00,6
2026-05-01,M002,Atta 5kg,Grocery,30,36,8776.71,7675.20,39
2026-05-01,M002,Biscuits Pack,Snacks,20,27,1620.00,1198.80,140
2026-05-01,M002,Cooking Oil 1L,Grocery,39,52,7540.00,6333.60,39
2026-05-01,M002,Detergent 1kg,Household,21,25,3000.00,2340.00,180
2026-05-01,M002,Milk Powder 500g,Grocery,16,22,6380.00,5104.00,30
2026-05-01,M002,Rice 5kg,Grocery,34,39,13260.00,11005.80,17
2026-05-01,M002,Sugar 1kg,Grocery,31,44,2112.00,1816.32,71
2026-05-01,M002,Tea Powder 500g,Beverages,22,29,6380.00,4785.00,36
2026-05-01,M003,Cold Coffee,Beverages,25,32,3529.89,1459.20,102
2026-05-01,M003,Cookies,Snacks,6,7,420.00,151.20,230
2026-05-01,M003,Filter Coffee,Beverages,19,25,1250.00,425.00,331
2026-05-01,M003,Masala Chai,Beverages,32,46,1840.00,588.80,437
2026-05-01,M003,Samosa,Food,23,37,925.00,277.50,51
2026-05-01,M003,Veg Sandwich,Food,21,26,2860.00,1201.20,28
2026-05-01,M004,Cotton Kurta,Apparel,9,10,8990.00,4674.80,71
2026-05-01,M004,Denim Jeans,Apparel,12,16,23200.00,12760.00,105
2026-05-01,M004,Formal Shirt,Apparel,6,9,9900.00,5346.00,94
2026-05-01,M004,Saree,Ethnic Wear,9,9,19800.00,11484.00,65
2026-05-01,M004,Scarf,Accessories,6,8,2800.00,1288.00,203
2026-05-01,M004,T-Shirt,Apparel,22,26,12974.00,6487.00,168
2026-05-02,M001,Bluetooth Speaker,Electronics,5,5,11000.00,7810.00,24
2026-05-02,M001,Phone Case,Accessories,12,17,4250.00,2380.00,252
2026-05-02,M001,Power Bank,Electronics,6,6,9000.00,6300.00,88
2026-05-02,M001,Screen Guard,Accessories,12,17,2550.00,1326.00,250
2026-05-02,M001,Smart Watch,Electronics,19,23,59800.00,43056.00,23
2026-05-02,M001,USB-C Cable,Accessories,9,11,3850.00,2233.00,182
2026-05-02,M001,Wireless Earbuds,Electronics,17,20,36000.00,25200.00,166
2026-05-02,M002,Atta 5kg,Grocery,29,34,8840.00,7248.80,5
2026-05-02,M002,Biscuits Pack,Snacks,33,46,2760.00,2042.40,94
2026-05-02,M002,Cooking Oil 1L,Grocery,34,39,5655.00,4750.20,0
2026-05-02,M002,Detergent 1kg,Household,27,32,3840.00,2995.20,148
2026-05-02,M002,Milk Powder 500g,Grocery,10,13,3770.00,3016.00,17
2026-05-02,M002,Rice 5kg,Grocery,17,17,5357.47,4797.40,0
2026-05-02,M002,Sugar 1kg,Grocery,26,36,1614.31,1486.08,35
2026-05-02,M002,Tea Powder 500g,Beverages,28,35,7700.00,5775.00,1
2026-05-02,M003,Cold Coffee,Beverages,23,31,2801.46,1413.60,71
2026-05-02,M003,Cookies,Snacks,11,12,720.00,259.20,218
2026-05-02,M003,Filter Coffee,Beverages,22,33,1650.00,561.00,298
2026-05-02,M003,Masala Chai,Beverages,31,44,1760.00,563.20,393
2026-05-02,M003,Samosa,Food,29,47,1175.00,352.50,404
2026-05-02,M003,Veg Sandwich,Food,21,22,2420.00,1016.40,6
2026-05-02,M004,Cotton Kurta,Apparel,14,18,16182.00,8414.64,53
2026-05-02,M004,Denim Jeans,Apparel,8,9,13050.00,7177.50,96
2026-05-02,M004,Formal Shirt,Apparel,7,9,9900.00,5346.00,85
2026-05-02,M004,Saree,Ethnic Wear,16,16,35200.00,20416.00,49
2026-05-02,M004,Scarf,Accessories,9,12,4200.00,1932.00,191
2026-05-02,M004,T-Shirt,Apparel,35,44,21956.00,10978.00,124
2026-05-03,M001,Bluetooth Speaker,Electronics,9,12,26400.00,18744.00,12
2026-05-03,M001,Phone Case,Accessories,8,15,3750.00,2100.00,237
2026-05-03,M001,Power Bank,Electronics,9,10,13836.55,10500.00,78
2026-05-03,M001,Screen Guard,Accessories,19,27,4050.00,2106.00,223
2026-05-03,M001,Smart Watch,Electronics,10,11,28600.00,20592.00,12
2026-05-03,M001,USB-C Cable,Accessories,3,4,1400.00,812.00,178
2026-05-03,M001,Wireless Earbuds,Electronics,10,12,20348.68,15120.00,154
2026-05-03,M002,Atta 5kg,Grocery,5,5,1300.00,1066.00,0
2026-05-03,M002,Biscuits Pack,Snacks,20,28,1680.00,1243.20,66
2026-05-03,M002,Detergent 1kg,Household,18,23,2760.00,2152.80,125
2026-05-03,M002,Milk Powder 500g,Grocery,6,8,2320.00,1856.00,9
2026-05-03,M002,Sugar 1kg,Grocery,17,22,1056.00,908.16,13
2026-05-03,M002,Tea Powder 500g,Beverages,1,1,220.00,165.00,0
2026-05-03,M003,Cold Coffee,Beverages,15,19,2280.00,866.40,52
2026-05-03,M003,Cookies,Snacks,8,11,660.00,237.60,207
2026-05-03,M003,Filter Coffee,Beverages,23,30,1119.99,510.00,268
2026-05-03,M003,Masala Chai,Beverages,32,48,1920.00,614.40,345
2026-05-03,M003,Samosa,Food,30,48,1200.00,360.00,356
2026-05-03,M003,Veg Sandwich,Food,17,21,2310.00,970.20,195
2026-05-03,M004,Cotton Kurta,Apparel,20,23,20677.00,10752.04,30
2026-05-03,M004,Denim Jeans,Apparel,14,15,21750.00,11962.50,81
2026-05-03,M004,Formal Shirt,Apparel,8,8,8800.00,4752.00,77
2026-05-03,M004,Saree,Ethnic Wear,12,14,30800.00,17864.00,35
2026-05-03,M004,Scarf,Accessories,4,4,1400.00,644.00,187
2026-05-03,M004,T-Shirt,Apparel,13,16,7984.00,3992.00,108
2026-05-04,M001,Bluetooth Speaker,Electronics,3,4,8800.00,6248.00,8
2026-05-04,M001,Phone Case,Accessories,10,16,4000.00,2240.00,221
2026-05-04,M001,Power Bank,Electronics,7,7,10500.00,7350.00,71
2026-05-04,M001,Screen Guard,Accessories,10,12,1800.00,936.00,211
2026-05-04,M001,Smart Watch,Electronics,11,11,26323.30,20592.00,1
2026-05-04,M001,USB-C Cable,Accessories,6,9,3150.00,1827.00,169
2026-05-04,M001,Wireless Earbuds,Electronics,8,9,16200.00,11340.00,145
2026-05-04,M002,Atta 5kg,Grocery,24,36,9360.00,7675.20,204
2026-05-04,M002,Biscuits Pack,Snacks,18,26,1560.00,1154.40,40
2026-05-04,M002,Cooking Oil 1L,Grocery,28,35,5075.00,4263.00,165
2026-05-04,M002,Detergent 1kg,Household,18,23,2524.49,2152.80,102
2026-05-04,M002,Milk Powder 500g,Grocery,4,4,1160.00,928.00,135
2026-05-04,M002,Rice 5kg,Grocery,23,28,9520.00,7901.60,162
2026-05-04,M002,Sugar 1kg,Grocery,22,34,1632.00,1403.52,239
2026-05-04,M002,Tea Powder 500g,Beverages,13,18,3960.00,2970.00,152
2026-05-04,M003,Cold Coffee,Beverages,18,21,2520.00,957.60,31
2026-05-04,M003,Cookies,Snacks,9,12,720.00,259.20,195
2026-05-04,M003,Filter Coffee,Beverages,13,19,950.00,323.00,249
2026-05-04,M003,Masala Chai,Beverages,19,26,1040.00,332.80,319
2026-05-04,M003,Samosa,Food,18,27,675.00,202.50,329
2026-05-04,M003,Veg Sandwich,Food,13,15,1650.00,693.00,180
2026-05-04,M004,Cotton Kurta,Apparel,11,13,11687.00,6077.24,17
2026-05-04,M004,Denim Jeans,Apparel,5,5,7250.00,3987.50,76
2026-05-04,M004,Formal Shirt,Apparel,3,4,4400.00,2376.00,73
2026-05-04,M004,Saree,Ethnic Wear,2,2,4400.00,2552.00,33
2026-05-04,M004,Scarf,Accessories,5,8,2800.00,1288.00,179
2026-05-04,M004,T-Shirt,Apparel,21,25,12475.00,6237.50,83
2026-05-05,M001,Bluetooth Speaker,Electronics,6,6,13200.00,9372.00,2
2026-05-05,M001,Phone Case,Accessories,18,25,6250.00,3500.00,196
2026-05-05,M001,Power Bank,Electronics,3,4,6000.00,4200.00,67
2026-05-05,M001,Screen Guard,Accessories,3,6,900.00,468.00,205
2026-05-05,M001,Smart Watch,Electronics,6,7,18200.00,13104.00,104
2026-05-05,M001,USB-C Cable,Accessories,4,5,1750.00,1015.00,164
2026-05-05,M001,Wireless Earbuds,Electronics,13,15,27000.00,18900.00,130
2026-05-05,M002,Atta 5kg,Grocery,26,30,7800.00,6396.00,174
2026-05-05,M002,Biscuits Pack,Snacks,16,22,1320.00,976.80,338
2026-05-05,M002,Cooking Oil 1L,Grocery,29,36,5220.00,4384.80,129
2026-05-05,M002,Detergent 1kg,Household,18,23,2760.00,2152.80,79
2026-05-05,M002,Milk Powder 500g,Grocery,8,8,2320.00,1856.00,127
2026-05-05,M002,Rice 5kg,Grocery,19,20,6376.85,5644.00,142
2026-05-05,M002,Sugar 1kg,Grocery,10,14,630.92,577.92,225
2026-05-05,M002,Tea Powder 500g,Beverages,19,24,5280.00,3960.00,128
2026-05-05,M003,Cold Coffee,Beverages,17,21,2520.00,957.60,270
2026-05-05,M003,Cookies,Snacks,9,12,720.00,259.20,183
2026-05-05,M003,Filter Coffee,Beverages,13,19,950.00,323.00,230
2026-05-05,M003,Masala Chai,Beverages,16,23,920.00,294.40,296
2026-05-05,M003,Samosa,Food,19,32,800.00,240.00,297
2026-05-05,M003,Veg Sandwich,Food,21,24,2640.00,1108.80,156
2026-05-05,M004,Cotton Kurta,Apparel,10,12,10788.00,5609.76,5
2026-05-05,M004,Denim Jeans,Apparel,7,9,13050.00,7177.50,67
2026-05-05,M004,Formal Shirt,Apparel,3,4,4400.00,2376.00,69
2026-05-05,M004,Saree,Ethnic Wear,5,5,11000.00,6380.00,28
2026-05-05,M004,Scarf,Accessories,5,7,2450.00,1127.00,172
2026-05-05,M004,T-Shirt,Apparel,17,25,12475.00,6237.50,58
2026-05-06,M001,Bluetooth Speaker,Electronics,10,11,24200.00,17182.00,71
2026-05-06,M001,Phone Case,Accessories,6,8,2000.00,1120.00,188
2026-05-06,M001,Power Bank,Electronics,6,7,10500.00,7350.00,60
2026-05-06,M001,Screen Guard,Accessories,14,17,2193.10,1326.00,188
2026-05-06,M001,Smart Watch,Electronics,3,4,10400.00,7488.00,100
2026-05-06,M001,USB-C Cable,Accessories,8,10,3500.00,2030.00,154
2026-05-06,M001,Wireless Earbuds,Electronics,15,18,32400.00,22680.00,112
2026-05-06,M002,Atta 5kg,Grocery,15,20,5200.00,4264.00,154
2026-05-06,M002,Biscuits Pack,Snacks,20,31,1860.00,1376.40,307
2026-05-06,M002,Cooking Oil 1L,Grocery,19,25,3625.00,3045.00,104
2026-05-06,M002,Detergent 1kg,Household,10,10,1200.00,936.00,69
2026-05-06,M002,Milk Powder 500g,Grocery,6,8,2320.00,1856.00,119
2026-05-06,M002,Rice 5kg,Grocery,18,22,7480.00,6208.40,120
2026-05-06,M002,Sugar 1kg,Grocery,11,13,624.00,536.64,212
2026-05-06,M002,Tea Powder 500g,Beverages,10,15,3300.00,2475.00,113
2026-05-06,M003,Cold Coffee,Beverages,13,16,1477.95,729.60,254
2026-05-06,M003,Cookies,Snacks,8,8,480.00,172.80,175
2026-05-06,M003,Filter Coffee,Beverages,16,22,1100.00,374.00,208
2026-05-06,M003,Masala Chai,Beverages,20,32,1280.00,409.60,264
2026-05-06,M003,Samosa,Food,10,14,350.00,105.00,283
2026-05-06,M003,Veg Sandwich,Food,11,16,1760.00,739.20,140
2026-05-06,M004,Cotton Kurta,Apparel,10,12,8652.34,5609.76,153
2026-05-06,M004,Denim Jeans,Apparel,7,7,8396.54,5582.50,60
2026-05-06,M004,Formal Shirt,Apparel,7,9,9900.00,5346.00,60
2026-05-06,M004,Saree,Ethnic Wear,2,3,6600.00,3828.00,25
2026-05-06,M004,Scarf,Accessories,7,9,3150.00,1449.00,163
2026-05-06,M004,T-Shirt,Apparel,8,13,6487.00,3243.50,45
2026-05-07,M001,Bluetooth Speaker,Electronics,7,7,15400.00,10934.00,64
2026-05-07,M001,Phone Case,Accessories,19,23,5750.00,3220.00,165
2026-05-07,M001,Power Bank,Electronics,10,12,18000.00,12600.00,48
2026-05-07,M001,Screen Guard,Accessories,10,13,1950.00,1014.00,175
2026-05-07,M001,Smart Watch,Electronics,15,16,41600.00,29952.00,84
2026-05-07,M001,USB-C Cable,Accessories,5,8,2800.00,1624.00,146
2026-05-07,M001,Wireless Earbuds,Electronics,19,22,39600.00,27720.00,90
2026-05-07,M002,Atta 5kg,Grocery,19,27,7020.00,5756.40,127
2026-05-07,M002,Biscuits Pack,Snacks,26,38,2280.00,1687.20,269
2026-05-07,M002,Cooking Oil 1L,Grocery,23,31,4495.00,3775.80,73
2026-05-07,M002,Detergent 1kg,Household,23,30,3600.00,2808.00,39
2026-05-07,M002,Milk Powder 500g,Grocery,6,6,1591.44,1392.00,113
2026-05-07,M002,Rice 5kg,Grocery,18,22,7480.00,6208.40,98
2026-05-07,M002,Sugar 1kg,Grocery,11,15,720.00,619.20,197
2026-05-07,M002,Tea Powder 500g,Beverages,12,14,3080.00,2310.00,99
2026-05-07,M003,Cold Coffee,Beverages,27,32,3840.00,1459.20,222
2026-05-07,M003,Cookies,Snacks,7,8,480.00,172.80,167
2026-05-07,M003,Filter Coffee,Beverages,18,21,1050.00,357.00,187
2026-05-07,M003,Masala Chai,Beverages,21,27,1080.00,345.60,237
2026-05-07,M003,Samosa,Food,22,37,925.00,277.50,246
2026-05-07,M003,Veg Sandwich,Food,15,19,2090.00,877.80,121
2026-05-07,M004,Cotton Kurta,Apparel,12,14,12586.00,6544.72,139
2026-05-07,M004,Denim Jeans,Apparel,8,8,11600.00,6380.00,52
2026-05-07,M004,Formal Shirt,Apparel,10,13,11532.48,7722.00,47
2026-05-07,M004,Saree,Ethnic Wear,4,4,8800.00,5104.00,21
2026-05-07,M004,Scarf,Accessories,2,2,700.00,322.00,161
2026-05-07,M004,T-Shirt,Apparel,13,19,9481.00,4740.50,26
2026-05-08,M001,Bluetooth Speaker,Electronics,7,7,15400.00,10934.00,57
2026-05-08,M001,Phone Case,Accessories,17,25,6250.00,3500.00,140
2026-05-08,M001,Power Bank,Electronics,6,6,9000.00,6300.00,42
2026-05-08,M001,Screen Guard,Accessories,10,15,2250.00,1170.00,160
2026-05-08,M001,Smart Watch,Electronics,7,8,20800.00,14976.00,76
2026-05-08,M001,USB-C Cable,Accessories,5,5,1750.00,1015.00,141
2026-05-08,M001,Wireless Earbuds,Electronics,8,9,16200.00,11340.00,81
2026-05-08,M002,Atta 5kg,Grocery,19,23,5980.00,4903.60,104
2026-05-08,M002,Biscuits Pack,Snacks,16,24,1285.41,1065.60,245
2026-05-08,M002,Cooking Oil 1L,Grocery,26,38,5122.92,4628.40,35
2026-05-08,M002,Detergent 1kg,Household,14,19,2280.00,1778.40,20
2026-05-08,M002,Milk Powder 500g,Grocery,6,9,2610.00,2088.00,104
2026-05-08,M002,Rice 5kg,Grocery,27,38,12920.00,10723.60,60
2026-05-08,M002,Sugar 1kg,Grocery,17,21,1008.00,866.88,176
2026-05-08,M002,Tea Powder 500g,Beverages,15,18,3960.00,2970.00,81
2026-05-08,M003,Cold Coffee,Beverages,12,17,2040.00,775.20,205
2026-05-08,M003,Cookies,Snacks,9,11,660.00,237.60,156
2026-05-08,M003,Filter Coffee,Beverages,13,18,900.00,306.00,169
2026-05-08,M003,Masala Chai,Beverages,56,76,3040.00,972.80,161
2026-05-08,M003,Samosa,Food,23,33,825.00,247.50,213
2026-05-08,M003,Veg Sandwich,Food,14,15,1650.00,693.00,106
2026-05-08,M004,Cotton Kurta,Apparel,13,17,15283.00,7947.16,122
2026-05-08,M004,Denim Jeans,Apparel,8,9,13050.00,7177.50,43
2026-05-08,M004,Formal Shirt,Apparel,10,11,12100.00,6534.00,36
2026-05-08,M004,Saree,Ethnic Wear,6,8,17600.00,10208.00,13
2026-05-08,M004,Scarf,Accessories,11,13,4550.00,2093.00,148
2026-05-08,M004,T-Shirt,Apparel,13,18,8982.00,4491.00,228
2026-05-09,M001,Bluetooth Speaker,Electronics,6,7,15400.00,10934.00,50
2026-05-09,M001,Phone Case,Accessories,12,16,4000.00,2240.00,124
2026-05-09,M001,Power Bank,Electronics,25,26,39000.00,27300.00,16
2026-05-09,M001,Screen Guard,Accessories,10,13,1950.00,1014.00,147
2026-05-09,M001,Smart Watch,Electronics,12,12,31200.00,22464.00,64
2026-05-09,M001,USB-C Cable,Accessories,6,8,2800.00,1624.00,133
2026-05-09,M001,Wireless Earbuds,Electronics,17,18,29386.71,22680.00,63
2026-05-09,M002,Atta 5kg,Grocery,38,46,11960.00,9807.20,58
2026-05-09,M002,Biscuits Pack,Snacks,12,19,1140.00,843.60,226
2026-05-09,M002,Cooking Oil 1L,Grocery,19,26,3770.00,3166.80,9
2026-05-09,M002,Detergent 1kg,Household,20,20,2400.00,1872.00,0
2026-05-09,M002,Milk Powder 500g,Grocery,5,6,1740.00,1392.00,98
2026-05-09,M002,Rice 5kg,Grocery,22,23,7820.00,6490.60,37
2026-05-09,M002,Sugar 1kg,Grocery,25,34,1632.00,1403.52,142
2026-05-09,M002,Tea Powder 500g,Beverages,21,27,5940.00,4455.00,54
2026-05-09,M003,Cold Coffee,Beverages,29,37,4440.00,1687.20,168
2026-05-09,M003,Cookies,Snacks,11,12,720.00,259.20,144
2026-05-09,M003,Filter Coffee,Beverages,17,25,1250.00,425.00,144
2026-05-09,M003,Masala Chai,Beverages,36,58,2320.00,742.40,103
2026-05-09,M003,Samosa,Food,26,43,980.74,322.50,170
2026-05-09,M003,Veg Sandwich,Food,24,28,3080.00,1293.60,78
2026-05-09,M004,Cotton Kurta,Apparel,14,18,16182.00,8414.64,104
2026-05-09,M004,Denim Jeans,Apparel,10,13,18850.00,10367.50,30
2026-05-09,M004,Formal Shirt,Apparel,11,12,13200.00,7128.00,24
2026-05-09,M004,Saree,Ethnic Wear,11,13,28600.00,16588.00,100
2026-05-09,M004,Scarf,Accessories,6,6,2100.00,966.00,142
2026-05-09,M004,T-Shirt,Apparel,9,11,5008.08,2744.50,217
2026-05-10,M001,Bluetooth Speaker,Electronics,5,5,11000.00,7810.00,45
2026-05-10,M001,Phone Case,Accessories,15,22,5500.00,3080.00,102
2026-05-10,M001,Power Bank,Electronics,6,6,8408.30,6300.00,10
2026-05-10,M001,Screen Guard,Accessories,11,16,1917.47,1248.00,131
2026-05-10,M001,Smart Watch,Electronics,10,10,24340.76,18720.00,54
2026-05-10,M001,USB-C Cable,Accessories,9,11,3850.00,2233.00,122
2026-05-10,M001,Wireless Earbuds,Electronics,17,21,37800.00,26460.00,42
2026-05-10,M002,Atta 5kg,Grocery,17,20,5200.00,4264.00,38
2026-05-10,M002,Biscuits Pack,Snacks,24,32,1920.00,1420.80,194
2026-05-10,M002,Cooking Oil 1L,Grocery,9,9,1305.00,1096.20,0
2026-05-10,M002,Detergent 1kg,Household,21,25,3000.00,2340.00,205
2026-05-10,M002,Milk Powder 500g,Grocery,5,7,2030.00,1624.00,91
2026-05-10,M002,Rice 5kg,Grocery,19,21,6660.34,5926.20,16
2026-05-10,M002,Sugar 1kg,Grocery,18,25,1200.00,1032.00,117
2026-05-10,M002,Tea Powder 500g,Beverages,12,16,3520.00,2640.00,38
2026-05-10,M003,Cold Coffee,Beverages,14,20,2400.00,912.00,148
2026-05-10,M003,Cookies,Snacks,9,13,780.00,280.80,131
2026-05-10,M003,Filter Coffee,Beverages,12,18,900.00,306.00,126
2026-05-10,M003,Masala Chai,Beverages,28,45,1627.57,576.00,58
2026-05-10,M003,Samosa,Food,21,34,850.00,255.00,136
2026-05-10,M003,Veg Sandwich,Food,24,29,3190.00,1339.80,49
2026-05-10,M004,Cotton Kurta,Apparel,13,18,16182.00,8414.64,86
2026-05-10,M004,Denim Jeans,Apparel,9,10,14500.00,7975.00,20
2026-05-10,M004,Formal Shirt,Apparel,7,8,8800.00,4752.00,16
2026-05-10,M004,Saree,Ethnic Wear,16,21,46200.00,26796.00,79
2026-05-10,M004,Scarf,Accessories,3,4,1400.00,644.00,138
2026-05-10,M004,T-Shirt,Apparel,8,12,5988.00,2994.00,205
2026-05-11,M001,Bluetooth Speaker,Electronics,3,3,6600.00,4686.00,42
2026-05-11,M001,Phone Case,Accessories,3,5,1250.00,700.00,97
2026-05-11,M001,Power Bank,Electronics,7,7,10500.00,7350.00,3
2026-05-11,M001,Screen Guard,Accessories,13,18,2700.00,1404.00,113
2026-05-11,M001,Smart Watch,Electronics,8,8,20800.00,14976.00,46
2026-05-11,M001,USB-C Cable,Accessories,5,8,2800.00,1624.00,114
2026-05-11,M001,Wireless Earbuds,Electronics,18,22,39600.00,27720.00,20
2026-05-11,M002,Atta 5kg,Grocery,24,30,7800.00,6396.00,8
2026-05-11,M002,Biscuits Pack,Snacks,18,26,1560.00,1154.40,168
2026-05-11,M002,Cooking Oil 1L,Grocery,14,19,2755.00,2314.20,181
2026-05-11,M002,Detergent 1kg,Household,21,25,2739.12,2340.00,180
2026-05-11,M002,Milk Powder 500g,Grocery,4,5,1450.00,1160.00,86
2026-05-11,M002,Rice 5kg,Grocery,9,12,4080.00,3386.40,4
2026-05-11,M002,Sugar 1kg,Grocery,8,11,528.00,454.08,106
2026-05-11,M002,Tea Powder 500g,Beverages,5,6,1320.00,990.00,32
2026-05-11,M003,Cold Coffee,Beverages,10,13,1560.00,592.80,135
2026-05-11,M003,Cookies,Snacks,7,11,660.00,237.60,120
2026-05-11,M003,Filter Coffee,Beverages,14,18,900.00,306.00,108
2026-05-11,M003,Masala Chai,Beverages,11,15,600.00,192.00,43
2026-05-11,M003,Samosa,Food,11,15,375.00,112.50,121
2026-05-11,M003,Veg Sandwich,Food,4,4,440.00,184.80,45
2026-05-11,M004,Cotton Kurta,Apparel,2,3,2697.00,1402.44,83
2026-05-11,M004,Denim Jeans,Apparel,7,9,13050.00,7177.50,11
2026-05-11,M004,Formal Shirt,Apparel,8,8,7242.91,4752.00,8
2026-05-11,M004,Saree,Ethnic Wear,8,9,19800.00,11484.00,70
2026-05-11,M004,Scarf,Accessories,6,8,2800.00,1288.00,130
2026-05-11,M004,T-Shirt,Apparel,4,4,1996.00,998.00,201
2026-05-12,M001,Bluetooth Speaker,Electronics,6,6,13200.00,9372.00,36
2026-05-12,M001,Phone Case,Accessories,6,7,1750.00,980.00,90
2026-05-12,M001,Power Bank,Electronics,5,7,10500.00,7350.00,96
2026-05-12,M001,Screen Guard,Accessories,6,7,1050.00,546.00,106
2026-05-12,M001,Smart Watch,Electronics,7,7,18200.00,13104.00,39
2026-05-12,M001,USB-C Cable,Accessories,4,4,1308.67,812.00,110
2026-05-12,M001,Wireless Earbuds,Electronics,11,12,21600.00,15120.00,8
2026-05-12,M002,Atta 5kg,Grocery,19,24,6240.00,5116.80,224
2026-05-12,M002,Biscuits Pack,Snacks,10,16,960.00,710.40,152
2026-05-12,M002,Cooking Oil 1L,Grocery,24,31,4495.00,3775.80,150
2026-05-12,M002,Detergent 1kg,Household,11,14,1680.00,1310.40,166
2026-05-12,M002,Milk Powder 500g,Grocery,5,5,1450.00,1160.00,81
2026-05-12,M002,Rice 5kg,Grocery,14,17,5780.00,4797.40,177
2026-05-12,M002,Sugar 1kg,Grocery,10,16,768.00,660.48,90
2026-05-12,M002,Tea Powder 500g,Beverages,18,24,5280.00,3960.00,8
2026-05-12,M003,Cold Coffee,Beverages,10,12,1440.00,547.20,123
2026-05-12,M003,Cookies,Snacks,3,5,300.00,108.00,115
2026-05-12,M003,Filter Coffee,Beverages,13,20,1000.00,340.00,88
2026-05-12,M003,Masala Chai,Beverages,11,15,600.00,192.00,448
2026-05-12,M003,Samosa,Food,11,15,375.00,112.50,106
2026-05-12,M003,Veg Sandwich,Food,20,25,2750.00,1155.00,20
2026-05-12,M004,Cotton Kurta,Apparel,5,5,4495.00,2337.40,78
2026-05-12,M004,Denim Jeans,Apparel,2,2,2900.00,1595.00,129
2026-05-12,M004,Formal Shirt,Apparel,4,4,4400.00,2376.00,134
2026-05-12,M004,Saree,Ethnic Wear,4,4,8800.00,5104.00,66
2026-05-12,M004,Scarf,Accessories,4,6,2100.00,966.00,124
2026-05-12,M004,T-Shirt,Apparel,8,10,4990.00,2495.00,191
2026-05-13,M001,Bluetooth Speaker,Electronics,6,6,13200.00,9372.00,30
2026-05-13,M001,Phone Case,Accessories,14,20,5000.00,2800.00,70
2026-05-13,M001,Power Bank,Electronics,11,13,19500.00,13650.00,83
2026-05-13,M001,Screen Guard,Accessories,7,10,1500.00,780.00,96
2026-05-13,M001,Smart Watch,Electronics,7,7,18200.00,13104.00,32
2026-05-13,M001,USB-C Cable,Accessories,6,6,2100.00,1218.00,104
2026-05-13,M001,Wireless Earbuds,Electronics,8,8,14400.00,10080.00,0
2026-05-13,M002,Atta 5kg,Grocery,21,25,6006.74,5330.00,199
2026-05-13,M002,Biscuits Pack,Snacks,20,28,1680.00,1243.20,124
2026-05-13,M002,Cooking Oil 1L,Grocery,43,51,7395.00,6211.80,99
2026-05-13,M002,Detergent 1kg,Household,16,23,2553.76,2152.80,143
2026-05-13,M002,Milk Powder 500g,Grocery,3,3,870.00,696.00,78
2026-05-13,M002,Rice 5kg,Grocery,11,16,5440.00,4515.20,161
2026-05-13,M002,Sugar 1kg,Grocery,11,14,672.00,577.92,76
2026-05-13,M002,Tea Powder 500g,Beverages,13,18,3960.00,2970.00,160
2026-05-13,M003,Cold Coffee,Beverages,4,5,600.00,228.00,118
2026-05-13,M003,Cookies,Snacks,3,4,240.00,86.40,111
2026-05-13,M003,Filter Coffee,Beverages,11,16,800.00,272.00,72
2026-05-13,M003,Masala Chai,Beverages,17,23,920.00,294.40,425
2026-05-13,M003,Samosa,Food,14,23,575.00,172.50,83
2026-05-13,M003,Veg Sandwich,Food,16,20,2200.00,924.00,210
2026-05-13,M004,Cotton Kurta,Apparel,10,12,10788.00,5609.76,66
2026-05-13,M004,Denim Jeans,Apparel,3,5,7250.00,3987.50,124
2026-05-13,M004,Formal Shirt,Apparel,4,4,4400.00,2376.00,130
2026-05-13,M004,Saree,Ethnic Wear,6,6,13200.00,7656.00,60
2026-05-13,M004,Scarf,Accessories,7,9,3150.00,1449.00,115
2026-05-13,M004,T-Shirt,Apparel,13,16,7984.00,3992.00,175
2026-05-14,M001,Bluetooth Speaker,Electronics,3,3,6600.00,4686.00,27
2026-05-14,M001,Phone Case,Accessories,14,18,4500.00,2520.00,52
2026-05-14,M001,Power Bank,Electronics,10,11,14844.97,11550.00,72
2026-05-14,M001,Screen Guard,Accessories,4,5,750.00,390.00,91
2026-05-14,M001,Smart Watch,Electronics,13,15,39000.00,28080.00,17
2026-05-14,M001,USB-C Cable,Accessories,4,5,1750.00,1015.00,99
2026-05-14,M001,Wireless Earbuds,Electronics,14,16,28800.00,20160.00,164
2026-05-14,M002,Atta 5kg,Grocery,43,51,13260.00,10873.20,148
2026-05-14,M002,Biscuits Pack,Snacks,9,11,660.00,488.40,113
2026-05-14,M002,Cooking Oil 1L,Grocery,14,17,2465.00,2070.60,82
2026-05-14,M002,Detergent 1kg,Household,7,10,1200.00,936.00,133
2026-05-14,M002,Milk Powder 500g,Grocery,2,4,1160.00,928.00,74
2026-05-14,M002,Rice 5kg,Grocery,14,17,5780.00,4797.40,144
2026-05-14,M002,Sugar 1kg,Grocery,21,27,1296.00,1114.56,49
2026-05-14,M002,Tea Powder 500g,Beverages,7,7,1540.00,1155.00,153
2026-05-14,M003,Cold Coffee,Beverages,13,16,1920.00,729.60,102
2026-05-14,M003,Cookies,Snacks,6,7,420.00,151.20,104
2026-05-14,M003,Filter Coffee,Beverages,16,24,1200.00,408.00,48
2026-05-14,M003,Masala Chai,Beverages,26,41,1640.00,524.80,384
2026-05-14,M003,Samosa,Food,14,21,525.00,157.50,62
2026-05-14,M003,Veg Sandwich,Food,5,5,550.00,231.00,205
2026-05-14,M004,Cotton Kurta,Apparel,10,12,8825.26,5609.76,54
2026-05-14,M004,Denim Jeans,Apparel,7,9,13050.00,7177.50,115
2026-05-14,M004,Formal Shirt,Apparel,11,11,12100.00,6534.00,119
2026-05-14,M004,Saree,Ethnic Wear,4,4,8800.00,5104.00,56
2026-05-14,M004,Scarf,Accessories,5,8,2800.00,1288.00,107
2026-05-14,M004,T-Shirt,Apparel,10,12,5988.00,2994.00,163
2026-05-15,M001,Bluetooth Speaker,Electronics,5,5,11000.00,7810.00,22
2026-05-15,M001,Phone Case,Accessories,7,9,2250.00,1260.00,383
2026-05-15,M001,Power Bank,Electronics,3,3,4500.00,3150.00,69
2026-05-15,M001,Screen Guard,Accessories,5,6,900.00,468.00,485
2026-05-15,M001,Smart Watch,Electronics,13,15,39000.00,28080.00,2
2026-05-15,M001,USB-C Cable,Accessories,5,7,2450.00,1421.00,92
2026-05-15,M001,Wireless Earbuds,Electronics,14,17,30600.00,21420.00,147
2026-05-15,M002,Atta 5kg,Grocery,15,17,4420.00,3624.40,131
2026-05-15,M002,Biscuits Pack,Snacks,27,42,2520.00,1864.80,71
2026-05-15,M002,Cooking Oil 1L,Grocery,28,37,5365.00,4506.60,45
2026-05-15,M002,Detergent 1kg,Household,19,23,2760.00,2152.80,110
2026-05-15,M002,Milk Powder 500g,Grocery,3,3,870.00,696.00,71
2026-05-15,M002,Rice 5kg,Grocery,14,14,4760.00,3950.80,130
2026-05-15,M002,Sugar 1kg,Grocery,17,23,1104.00,949.44,26
2026-05-15,M002,Tea Powder 500g,Beverages,14,20,4400.00,3300.00,133
2026-05-15,M003,Cold Coffee,Beverages,25,32,3840.00,1459.20,70
2026-05-15,M003,Cookies,Snacks,9,10,600.00,216.00,94
2026-05-15,M003,Filter Coffee,Beverages,14,19,950.00,323.00,369
2026-05-15,M003,Masala Chai,Beverages,27,40,1600.00,512.00,344
2026-05-15,M003,Samosa,Food,23,36,900.00,270.00,426
2026-05-15,M003,Veg Sandwich,Food,19,24,2640.00,1108.80,181
2026-05-15,M004,Cotton Kurta,Apparel,12,13,11687.00,6077.24,41
2026-05-15,M004,Denim Jeans,Apparel,8,9,13050.00,7177.50,106
2026-05-15,M004,Formal Shirt,Apparel,11,12,13200.00,7128.00,107
2026-05-15,M004,Saree,Ethnic Wear,10,12,26400.00,15312.00,44
2026-05-15,M004,Scarf,Accessories,5,6,2100.00,966.00,101
2026-05-15,M004,T-Shirt,Apparel,10,15,7485.00,3742.50,148
2026-05-16,M001,Bluetooth Speaker,Electronics,14,15,33000.00,23430.00,7
2026-05-16,M001,Phone Case,Accessories,14,21,5250.00,2940.00,362
2026-05-16,M001,Power Bank,Electronics,7,8,12000.00,8400.00,61
2026-05-16,M001,Screen Guard,Accessories,5,5,750.00,390.00,480
2026-05-16,M001,Smart Watch,Electronics,2,2,5200.00,3744.00,0
2026-05-16,M001,USB-C Cable,Accessories,8,9,3150.00,1827.00,83
2026-05-16,M001,Wireless Earbuds,Electronics,22,27,48600.00,34020.00,120
2026-05-16,M002,Atta 5kg,Grocery,27,31,8060.00,6609.20,100
2026-05-16,M002,Biscuits Pack,Snacks,22,32,1920.00,1420.80,39
2026-05-16,M002,Cooking Oil 1L,Grocery,44,45,6525.00,5481.00,0
2026-05-16,M002,Detergent 1kg,Household,19,28,3360.00,2620.80,82
2026-05-16,M002,Milk Powder 500g,Grocery,5,6,1740.00,1392.00,65
2026-05-16,M002,Rice 5kg,Grocery,22,27,9180.00,7619.40,103
2026-05-16,M002,Sugar 1kg,Grocery,11,14,672.00,577.92,272
2026-05-16,M002,Tea Powder 500g,Beverages,9,10,2200.00,1650.00,123
2026-05-16,M003,Cold Coffee,Beverages,24,26,3120.00,1185.60,44
2026-05-16,M003,Cookies,Snacks,13,18,1080.00,388.80,76
2026-05-16,M003,Filter Coffee,Beverages,24,36,1800.00,612.00,333
2026-05-16,M003,Masala Chai,Beverages,31,45,1800.00,576.00,299
2026-05-16,M003,Samosa,Food,28,40,1000.00,300.00,386
2026-05-16,M003,Veg Sandwich,Food,10,11,1210.00,508.20,170
2026-05-16,M004,Cotton Kurta,Apparel,23,26,23374.00,12154.48,15
2026-05-16,M004,Denim Jeans,Apparel,12,12,17400.00,9570.00,94
2026-05-16,M004,Formal Shirt,Apparel,8,8,8800.00,4752.00,99
2026-05-16,M004,Saree,Ethnic Wear,10,12,26400.00,15312.00,32
2026-05-16,M004,Scarf,Accessories,5,6,2100.00,966.00,95
2026-05-16,M004,T-Shirt,Apparel,9,12,5988.00,2994.00,136
2026-05-17,M001,Bluetooth Speaker,Electronics,7,7,15400.00,10934.00,0
2026-05-17,M001,Phone Case,Accessories,10,14,3500.00,1960.00,348
2026-05-17,M001,Power Bank,Electronics,5,5,7500.00,5250.00,56
2026-05-17,M001,Screen Guard,Accessories,8,11,1650.00,858.00,469
2026-05-17,M001,Smart Watch,Electronics,10,12,31200.00,22464.00,98
2026-05-17,M001,USB-C Cable,Accessories,3,4,1400.00,812.00,79
2026-05-17,M001,Wireless Earbuds,Electronics,12,13,23400.00,16380.00,107
2026-05-17,M002,Atta 5kg,Grocery,31,39,10140.00,8314.80,61
2026-05-17,M002,Biscuits Pack,Snacks,18,25,1350.41,1110.00,14
2026-05-17,M002,Detergent 1kg,Household,15,17,2040.00,1591.20,65
2026-05-17,M002,Milk Powder 500g,Grocery,8,9,2424.83,2088.00,56
2026-05-17,M002,Rice 5kg,Grocery,13,14,4760.00,3950.80,89
2026-05-17,M002,Sugar 1kg,Grocery,8,10,480.00,412.80,262
2026-05-17,M002,Tea Powder 500g,Beverages,9,11,2420.00,1815.00,112
2026-05-17,M003,Cold Coffee,Beverages,14,17,2040.00,775.20,27
2026-05-17,M003,Cookies,Snacks,8,11,660.00,237.60,65
2026-05-17,M003,Filter Coffee,Beverages,13,14,700.00,238.00,319
2026-05-17,M003,Masala Chai,Beverages,33,53,2120.00,678.40,246
2026-05-17,M003,Samosa,Food,26,41,1025.00,307.50,345
2026-05-17,M003,Veg Sandwich,Food,18,21,2310.00,970.20,149
2026-05-17,M004,Cotton Kurta,Apparel,14,15,13485.00,7012.20,0
2026-05-17,M004,Denim Jeans,Apparel,8,10,14500.00,7975.00,84
2026-05-17,M004,Formal Shirt,Apparel,20,25,27500.00,14850.00,74
2026-05-17,M004,Saree,Ethnic Wear,11,12,26400.00,15312.00,20
2026-05-17,M004,Scarf,Accessories,5,5,1750.00,805.00,90
2026-05-17,M004,T-Shirt,Apparel,13,17,7340.05,4241.50,119
2026-05-18,M001,Phone Case,Accessories,7,8,2000.00,1120.00,340
2026-05-18,M001,Power Bank,Electronics,7,7,10500.00,7350.00,49
2026-05-18,M001,Screen Guard,Accessories,5,7,1050.00,546.00,462
2026-05-18,M001,Smart Watch,Electronics,9,10,24060.87,18720.00,88
2026-05-18,M001,USB-C Cable,Accessories,3,3,1050.00,609.00,76
2026-05-18,M001,Wireless Earbuds,Electronics,22,24,43200.00,30240.00,83
2026-05-18,M002,Atta 5kg,Grocery,20,27,7020.00,5756.40,34
2026-05-18,M002,Biscuits Pack,Snacks,18,28,1680.00,1243.20,306
2026-05-18,M002,Cooking Oil 1L,Grocery,19,22,3190.00,2679.60,178
2026-05-18,M002,Detergent 1kg,Household,10,12,1440.00,1123.20,53
2026-05-18,M002,Milk Powder 500g,Grocery,6,6,1587.24,1392.00,50
2026-05-18,M002,Rice 5kg,Grocery,16,19,6460.00,5361.80,70
2026-05-18,M002,Sugar 1kg,Grocery,20,29,1392.00,1197.12,233
2026-05-18,M002,Tea Powder 500g,Beverages,15,19,4180.00,3135.00,93
2026-05-18,M003,Cold Coffee,Beverages,14,16,1920.00,729.60,271
2026-05-18,M003,Cookies,Snacks,11,17,1020.00,367.20,48
2026-05-18,M003,Filter Coffee,Beverages,11,15,750.00,255.00,304
2026-05-18,M003,Masala Chai,Beverages,15,23,920.00,294.40,223
2026-05-18,M003,Samosa,Food,21,32,800.00,240.00,313
2026-05-18,M003,Veg Sandwich,Food,15,17,1870.00,785.40,132
2026-05-18,M004,Denim Jeans,Apparel,10,12,17400.00,9570.00,72
2026-05-18,M004,Formal Shirt,Apparel,5,6,6600.00,3564.00,68
2026-05-18,M004,Saree,Ethnic Wear,7,8,14184.07,10208.00,12
2026-05-18,M004,Scarf,Accessories,2,2,700.00,322.00,88
2026-05-18,M004,T-Shirt,Apparel,12,20,8842.69,4990.00,99
2026-05-19,M001,Bluetooth Speaker,Electronics,7,8,17600.00,12496.00,72
2026-05-19,M001,Phone Case,Accessories,13,22,5500.00,3080.00,318
2026-05-19,M001,Power Bank,Electronics,3,3,4500.00,3150.00,46
2026-05-19,M001,Screen Guard,Accessories,8,11,1650.00,858.00,451
2026-05-19,M001,Smart Watch,Electronics,6,6,15600.00,11232.00,82
2026-05-19,M001,USB-C Cable,Accessories,6,8,2800.00,1624.00,68
2026-05-19,M001,Wireless Earbuds,Electronics,8,9,16200.00,11340.00,74
2026-05-19,M002,Atta 5kg,Grocery,18,22,5720.00,4690.40,12
2026-05-19,M002,Biscuits Pack,Snacks,14,21,1260.00,932.40,285
2026-05-19,M002,Cooking Oil 1L,Grocery,23,28,4060.00,3410.40,150
2026-05-19,M002,Detergent 1kg,Household,21,25,3000.00,2340.00,28
2026-05-19,M002,Milk Powder 500g,Grocery,12,14,4060.00,3248.00,36
2026-05-19,M002,Rice 5kg,Grocery,12,13,4420.00,3668.60,57
2026-05-19,M002,Sugar 1kg,Grocery,11,13,624.00,536.64,220
2026-05-19,M002,Tea Powder 500g,Beverages,12,14,3080.00,2310.00,79
2026-05-19,M003,Cold Coffee,Beverages,16,19,2280.00,866.40,252
2026-05-19,M003,Cookies,Snacks,7,12,720.00,259.20,36
2026-05-19,M003,Filter Coffee,Beverages,7,8,400.00,136.00,296
2026-05-19,M003,Masala Chai,Beverages,12,17,680.00,217.60,206
2026-05-19,M003,Samosa,Food,15,24,600.00,180.00,289
2026-05-19,M003,Veg Sandwich,Food,14,21,2181.85,970.20,111
2026-05-19,M004,Cotton Kurta,Apparel,5,6,5394.00,2804.88,154
2026-05-19,M004,Denim Jeans,Apparel,8,11,15950.00,8772.50,61
2026-05-19,M004,Formal Shirt,Apparel,3,3,3300.00,1782.00,65
2026-05-19,M004,Saree,Ethnic Wear,8,9,19800.00,11484.00,3
2026-05-19,M004,Scarf,Accessories,7,8,2326.63,1288.00,80
2026-05-19,M004,T-Shirt,Apparel,14,16,7984.00,3992.00,83
2026-05-20,M001,Bluetooth Speaker,Electronics,4,4,8800.00,6248.00,68
2026-05-20,M001,Phone Case,Accessories,15,20,5000.00,2800.00,298
2026-05-20,M001,Power Bank,Electronics,2,2,3000.00,2100.00,44
2026-05-20,M001,Screen Guard,Accessories,7,10,1500.00,780.00,441
2026-05-20,M001,Smart Watch,Electronics,5,7,18200.00,13104.00,75
2026-05-20,M001,USB-C Cable,Accessories,9,11,3850.00,2233.00,57
2026-05-20,M001,Wireless Earbuds,Electronics,14,17,30600.00,21420.00,57
2026-05-20,M002,Atta 5kg,Grocery,12,12,3120.00,2558.40,0
2026-05-20,M002,Biscuits Pack,Snacks,22,30,1800.00,1332.00,255
2026-05-20,M002,Cooking Oil 1L,Grocery,25,30,4350.00,3654.00,120
2026-05-20,M002,Detergent 1kg,Household,17,23,2760.00,2152.80,235
2026-05-20,M002,Milk Powder 500g,Grocery,5,5,1450.00,1160.00,31
2026-05-20,M002,Rice 5kg,Grocery,17,20,6800.00,5644.00,37
2026-05-20,M002,Sugar 1kg,Grocery,13,16,768.00,660.48,204
2026-05-20,M002,Tea Powder 500g,Beverages,9,14,3080.00,2310.00,65
2026-05-20,M003,Cold Coffee,Beverages,15,16,1920.00,729.60,236
2026-05-20,M003,Cookies,Snacks,2,2,120.00,43.20,264
2026-05-20,M003,Filter Coffee,Beverages,11,17,850.00,289.00,279
2026-05-20,M003,Masala Chai,Beverages,22,29,1160.00,371.20,177
2026-05-20,M003,Samosa,Food,13,21,525.00,157.50,268
2026-05-20,M003,Veg Sandwich,Food,7,9,990.00,415.80,102
2026-05-20,M004,Cotton Kurta,Apparel,11,14,12586.00,6544.72,140
2026-05-20,M004,Denim Jeans,Apparel,5,5,7250.00,3987.50,56
2026-05-20,M004,Formal Shirt,Apparel,7,8,8800.00,4752.00,57
2026-05-20,M004,Saree,Ethnic Wear,2,2,4400.00,2552.00,101
2026-05-20,M004,Scarf,Accessories,4,6,2100.00,966.00,74
2026-05-20,M004,T-Shirt,Apparel,8,11,5489.00,2744.50,72
2026-05-21,M001,Bluetooth Speaker,Electronics,5,5,11000.00,7810.00,63
2026-05-21,M001,Phone Case,Accessories,9,12,3000.00,1680.00,286
2026-05-21,M001,Power Bank,Electronics,8,8,12000.00,8400.00,36
2026-05-21,M001,Screen Guard,Accessories,6,10,1500.00,780.00,431
2026-05-21,M001,Smart Watch,Electronics,10,10,26000.00,18720.00,65
2026-05-21,M001,USB-C Cable,Accessories,4,5,1750.00,1015.00,52
2026-05-21,M001,Wireless Earbuds,Electronics,10,14,25200.00,17640.00,43
2026-05-21,M002,Atta 5kg,Grocery,9,11,2860.00,2345.20,229
2026-05-21,M002,Biscuits Pack,Snacks,17,26,1560.00,1154.40,229
2026-05-21,M002,Cooking Oil 1L,Grocery,24,31,4495.00,3775.80,89
2026-05-21,M002,Detergent 1kg,Household,19,25,3000.00,2340.00,210
2026-05-21,M002,Milk Powder 500g,Grocery,4,6,1740.00,1392.00,25
2026-05-21,M002,Rice 5kg,Grocery,19,20,6800.00,5644.00,17
2026-05-21,M002,Sugar 1kg,Grocery,10,11,528.00,454.08,193
2026-05-21,M002,Tea Powder 500g,Beverages,11,12,2640.00,1980.00,53
2026-05-21,M003,Cold Coffee,Beverages,14,16,1920.00,729.60,220
2026-05-21,M003,Cookies,Snacks,9,13,780.00,280.80,251
2026-05-21,M003,Filter Coffee,Beverages,23,34,1700.00,578.00,245
2026-05-21,M003,Masala Chai,Beverages,29,40,1600.00,512.00,137
2026-05-21,M003,Samosa,Food,15,22,550.00,165.00,246
2026-05-21,M003,Veg Sandwich,Food,7,8,880.00,369.60,94
2026-05-21,M004,Cotton Kurta,Apparel,15,21,18879.00,9817.08,119
2026-05-21,M004,Denim Jeans,Apparel,4,4,5800.00,3190.00,52
2026-05-21,M004,Formal Shirt,Apparel,8,8,8800.00,4752.00,49
2026-05-21,M004,Saree,Ethnic Wear,5,5,11000.00,6380.00,96
2026-05-21,M004,Scarf,Accessories,7,8,2800.00,1288.00,66
2026-05-21,M004,T-Shirt,Apparel,14,17,8483.00,4241.50,55
2026-05-22,M001,Bluetooth Speaker,Electronics,7,7,15400.00,10934.00,56
2026-05-22,M001,Phone Case,Accessories,16,22,5500.00,3080.00,264
2026-05-22,M001,Power Bank,Electronics,11,12,18000.00,12600.00,24
2026-05-22,M001,Screen Guard,Accessories,9,13,1950.00,1014.00,418
2026-05-22,M001,Smart Watch,Electronics,7,7,18200.00,13104.00,58
2026-05-22,M001,USB-C Cable,Accessories,7,8,2800.00,1624.00,324
2026-05-22,M001,Wireless Earbuds,Electronics,8,9,14934.38,11340.00,34
2026-05-22,M002,Atta 5kg,Grocery,15,19,4940.00,4050.80,210
2026-05-22,M002,Biscuits Pack,Snacks,18,25,1500.00,1110.00,204
2026-05-22,M002,Cooking Oil 1L,Grocery,42,57,8265.00,6942.60,32
2026-05-22,M002,Detergent 1kg,Household,21,26,3120.00,2433.60,184
2026-05-22,M002,Milk Powder 500g,Grocery,13,14,4060.00,3248.00,11
2026-05-22,M002,Rice 5kg,Grocery,15,17,5780.00,4797.40,0
2026-05-22,M002,Sugar 1kg,Grocery,10,12,576.00,495.36,181
2026-05-22,M002,Tea Powder 500g,Beverages,25,33,7260.00,5445.00,20
2026-05-22,M003,Cold Coffee,Beverages,12,16,1920.00,729.60,204
2026-05-22,M003,Cookies,Snacks,11,15,900.00,324.00,236
2026-05-22,M003,Filter Coffee,Beverages,17,25,1250.00,425.00,220
2026-05-22,M003,Masala Chai,Beverages,20,29,1160.00,371.20,108
2026-05-22,M003,Samosa,Food,19,32,800.00,240.00,214
2026-05-22,M003,Veg Sandwich,Food,21,25,2750.00,1155.00,69
2026-05-22,M004,Cotton Kurta,Apparel,10,13,11687.00,6077.24,106
2026-05-22,M004,Denim Jeans,Apparel,7,7,10150.00,5582.50,45
2026-05-22,M004,Formal Shirt,Apparel,16,17,18700.00,10098.00,32
2026-05-22,M004,Saree,Ethnic Wear,1,1,2200.00,1276.00,95
2026-05-22,M004,Scarf,Accessories,4,5,1750.00,805.00,61
2026-05-22,M004,T-Shirt,Apparel,12,15,7485.00,3742.50,40
2026-05-23,M001,Bluetooth Speaker,Electronics,6,6,12445.95,9372.00,50
2026-05-23,M001,Phone Case,Accessories,10,13,3250.00,1820.00,251
2026-05-23,M001,Power Bank,Electronics,9,12,18000.00,12600.00,12
2026-05-23,M001,Screen Guard,Accessories,12,15,2250.00,1170.00,403
2026-05-23,M001,Smart Watch,Electronics,14,17,44200.00,31824.00,41
2026-05-23,M001,USB-C Cable,Accessories,9,10,3500.00,2030.00,314
2026-05-23,M001,Wireless Earbuds,Electronics,6,8,14400.00,10080.00,26
2026-05-23,M002,Atta 5kg,Grocery,17,21,5460.00,4477.20,189
2026-05-23,M002,Biscuits Pack,Snacks,20,31,1860.00,1376.40,173
2026-05-23,M002,Cooking Oil 1L,Grocery,19,28,4060.00,3410.40,4
2026-05-23,M002,Detergent 1kg,Household,27,34,4080.00,3182.40,150
2026-05-23,M002,Milk Powder 500g,Grocery,4,5,1450.00,1160.00,136
2026-05-23,M002,Rice 5kg,Grocery,23,29,9860.00,8183.80,161
2026-05-23,M002,Sugar 1kg,Grocery,13,17,816.00,701.76,164
2026-05-23,M002,Tea Powder 500g,Beverages,10,11,2420.00,1815.00,9
2026-05-23,M003,Cold Coffee,Beverages,14,17,2040.00,775.20,187
2026-05-23,M003,Cookies,Snacks,1,2,120.00,43.20,234
2026-05-23,M003,Filter Coffee,Beverages,16,21,1050.00,357.00,199
2026-05-23,M003,Masala Chai,Beverages,29,41,1640.00,524.80,67
2026-05-23,M003,Samosa,Food,21,34,775.40,255.00,180
2026-05-23,M003,Veg Sandwich,Food,9,11,1210.00,508.20,58
2026-05-23,M004,Cotton Kurta,Apparel,13,17,15283.00,7947.16,89
2026-05-23,M004,Denim Jeans,Apparel,15,16,23200.00,12760.00,29
2026-05-23,M004,Formal Shirt,Apparel,8,9,9900.00,5346.00,23
2026-05-23,M004,Saree,Ethnic Wear,6,7,15400.00,8932.00,88
2026-05-23,M004,Scarf,Accessories,6,6,2100.00,966.00,55
2026-05-23,M004,T-Shirt,Apparel,16,25,12475.00,6237.50,15
2026-05-24,M001,Bluetooth Speaker,Electronics,4,6,13200.00,9372.00,44
2026-05-24,M001,Phone Case,Accessories,10,15,3750.00,2100.00,236
2026-05-24,M001,Power Bank,Electronics,7,7,10500.00,7350.00,5
2026-05-24,M001,Screen Guard,Accessories,10,13,1950.00,1014.00,390
2026-05-24,M001,Smart Watch,Electronics,12,13,33800.00,24336.00,28
2026-05-24,M001,USB-C Cable,Accessories,8,15,5250.00,3045.00,299
2026-05-24,M001,Wireless Earbuds,Electronics,9,11,19800.00,13860.00,15
2026-05-24,M002,Atta 5kg,Grocery,30,37,9620.00,7888.40,152
2026-05-24,M002,Biscuits Pack,Snacks,23,32,1920.00,1420.80,141
2026-05-24,M002,Cooking Oil 1L,Grocery,4,4,580.00,487.20,0
2026-05-24,M002,Detergent 1kg,Household,13,15,1800.00,1404.00,135
2026-05-24,M002,Milk Powder 500g,Grocery,8,9,2610.00,2088.00,127
2026-05-24,M002,Rice 5kg,Grocery,8,10,3400.00,2822.00,151
2026-05-24,M002,Sugar 1kg,Grocery,18,27,1296.00,1114.56,137
2026-05-24,M002,Tea Powder 500g,Beverages,9,9,1980.00,1485.00,0
2026-05-24,M003,Cold Coffee,Beverages,10,12,1440.00,547.20,175
2026-05-24,M003,Cookies,Snacks,9,13,780.00,280.80,221
2026-05-24,M003,Filter Coffee,Beverages,24,33,1650.00,561.00,166
2026-05-24,M003,Masala Chai,Beverages,29,45,1800.00,576.00,22
2026-05-24,M003,Samosa,Food,15,24,600.00,180.00,156
2026-05-24,M003,Veg Sandwich,Food,13,16,1760.00,739.20,42
2026-05-24,M004,Cotton Kurta,Apparel,11,14,12586.00,6544.72,75
2026-05-24,M004,Denim Jeans,Apparel,16,18,26100.00,14355.00,11
2026-05-24,M004,Formal Shirt,Apparel,11,11,12100.00,6534.00,12
2026-05-24,M004,Saree,Ethnic Wear,9,11,22547.51,14036.00,77
2026-05-24,M004,Scarf,Accessories,4,7,2450.00,1127.00,48
2026-05-24,M004,T-Shirt,Apparel,17,21,10479.00,5239.50,214
2026-05-25,M001,Bluetooth Speaker,Electronics,5,6,13200.00,9372.00,38
2026-05-25,M001,Phone Case,Accessories,16,23,5750.00,3220.00,213
2026-05-25,M001,Power Bank,Electronics,11,12,18000.00,12600.00,93
2026-05-25,M001,Screen Guard,Accessories,13,22,3300.00,1716.00,368
2026-05-25,M001,Smart Watch,Electronics,10,11,28600.00,20592.00,17
2026-05-25,M001,USB-C Cable,Accessories,3,3,1050.00,609.00,296
2026-05-25,M001,Wireless Earbuds,Electronics,15,17,30600.00,21420.00,178
2026-05-25,M002,Atta 5kg,Grocery,27,32,7656.53,6822.40,120
2026-05-25,M002,Biscuits Pack,Snacks,12,18,1080.00,799.20,123
2026-05-25,M002,Cooking Oil 1L,Grocery,14,19,2755.00,2314.20,181
2026-05-25,M002,Detergent 1kg,Household,22,28,3360.00,2620.80,107
2026-05-25,M002,Milk Powder 500g,Grocery,7,7,2030.00,1624.00,120
2026-05-25,M002,Rice 5kg,Grocery,12,14,4760.00,3950.80,137
2026-05-25,M002,Sugar 1kg,Grocery,19,28,1344.00,1155.84,109
2026-05-25,M002,Tea Powder 500g,Beverages,9,11,2420.00,1815.00,159
2026-05-25,M003,Cold Coffee,Beverages,14,17,2040.00,775.20,158
2026-05-25,M003,Cookies,Snacks,2,3,180.00,64.80,218
2026-05-25,M003,Filter Coffee,Beverages,8,10,500.00,170.00,156
2026-05-25,M003,Masala Chai,Beverages,19,25,1000.00,320.00,417
2026-05-25,M003,Samosa,Food,16,23,575.00,172.50,133
2026-05-25,M003,Veg Sandwich,Food,13,16,1760.00,739.20,26
2026-05-25,M004,Cotton Kurta,Apparel,7,8,7192.00,3739.84,67
2026-05-25,M004,Denim Jeans,Apparel,5,5,7250.00,3987.50,6
2026-05-25,M004,Formal Shirt,Apparel,5,5,5500.00,2970.00,137
2026-05-25,M004,Saree,Ethnic Wear,7,7,15400.00,8932.00,70
2026-05-25,M004,Scarf,Accessories,2,3,1050.00,483.00,45
2026-05-25,M004,T-Shirt,Apparel,5,8,3757.69,1996.00,206
2026-05-26,M001,Bluetooth Speaker,Electronics,2,2,4400.00,3124.00,36
2026-05-26,M001,Phone Case,Accessories,8,11,2750.00,1540.00,202
2026-05-26,M001,Power Bank,Electronics,2,3,4500.00,3150.00,90
2026-05-26,M001,Screen Guard,Accessories,11,15,2250.00,1170.00,353
2026-05-26,M001,Smart Watch,Electronics,7,7,18200.00,13104.00,10
2026-05-26,M001,USB-C Cable,Accessories,4,6,2100.00,1218.00,290
2026-05-26,M001,Wireless Earbuds,Electronics,5,5,9000.00,6300.00,173
2026-05-26,M002,Atta 5kg,Grocery,27,31,8060.00,6609.20,89
2026-05-26,M002,Biscuits Pack,Snacks,21,29,1740.00,1287.60,94
2026-05-26,M002,Cooking Oil 1L,Grocery,14,20,2900.00,2436.00,161
2026-05-26,M002,Detergent 1kg,Household,15,18,2160.00,1684.80,89
2026-05-26,M002,Milk Powder 500g,Grocery,9,9,2610.00,2088.00,111
2026-05-26,M002,Rice 5kg,Grocery,7,10,3400.00,2822.00,127
2026-05-26,M002,Sugar 1kg,Grocery,20,28,1268.54,1155.84,81
2026-05-26,M002,Tea Powder 500g,Beverages,8,9,1980.00,1485.00,150
2026-05-26,M003,Cold Coffee,Beverages,5,5,600.00,228.00,153
2026-05-26,M003,Cookies,Snacks,3,4,240.00,86.40,214
2026-05-26,M003,Filter Coffee,Beverages,12,13,650.00,221.00,143
2026-05-26,M003,Masala Chai,Beverages,21,32,1280.00,409.60,385
2026-05-26,M003,Samosa,Food,11,15,375.00,112.50,118
2026-05-26,M003,Veg Sandwich,Food,15,16,1760.00,739.20,220
2026-05-26,M004,Cotton Kurta,Apparel,11,13,11687.00,6077.24,54
2026-05-26,M004,Denim Jeans,Apparel,9,9,13050.00,7177.50,117
2026-05-26,M004,Formal Shirt,Apparel,5,5,5500.00,2970.00,132
2026-05-26,M004,Saree,Ethnic Wear,5,5,11000.00,6380.00,65
2026-05-26,M004,Scarf,Accessories,4,4,1400.00,644.00,41
2026-05-26,M004,T-Shirt,Apparel,2,2,998.00,499.00,204
2026-05-27,M001,Bluetooth Speaker,Electronics,4,4,8800.00,6248.00,32
2026-05-27,M001,Phone Case,Accessories,8,9,2250.00,1260.00,193
2026-05-27,M001,Power Bank,Electronics,3,3,4500.00,3150.00,87
2026-05-27,M001,Screen Guard,Accessories,11,15,2250.00,1170.00,338
2026-05-27,M001,Smart Watch,Electronics,6,7,18200.00,13104.00,3
2026-05-27,M001,USB-C Cable,Accessories,5,7,2450.00,1421.00,283
2026-05-27,M001,Wireless Earbuds,Electronics,8,9,16200.00,11340.00,164
2026-05-27,M002,Atta 5kg,Grocery,22,32,8320.00,6822.40,57
2026-05-27,M002,Biscuits Pack,Snacks,19,25,1500.00,1110.00,69
2026-05-27,M002,Cooking Oil 1L,Grocery,17,20,2900.00,2436.00,141
2026-05-27,M002,Detergent 1kg,Household,16,18,2160.00,1684.80,71
2026-05-27,M002,Milk Powder 500g,Grocery,1,1,290.00,232.00,110
2026-05-27,M002,Rice 5kg,Grocery,16,19,6460.00,5361.80,108
2026-05-27,M002,Sugar 1kg,Grocery,12,20,960.00,825.60,61
2026-05-27,M002,Tea Powder 500g,Beverages,18,25,5500.00,4125.00,125
2026-05-27,M003,Cold Coffee,Beverages,10,14,1680.00,638.40,139
2026-05-27,M003,Cookies,Snacks,7,8,480.00,172.80,206
2026-05-27,M003,Filter Coffee,Beverages,11,17,850.00,289.00,126
2026-05-27,M003,Masala Chai,Beverages,26,39,1560.00,499.20,346
2026-05-27,M003,Samosa,Food,8,13,325.00,97.50,105
2026-05-27,M003,Veg Sandwich,Food,10,13,1430.00,600.60,207
2026-05-27,M004,Cotton Kurta,Apparel,12,17,15283.00,7947.16,37
2026-05-27,M004,Denim Jeans,Apparel,5,6,8700.00,4785.00,111
2026-05-27,M004,Formal Shirt,Apparel,3,3,3300.00,1782.00,129
2026-05-27,M004,Saree,Ethnic Wear,6,9,19800.00,11484.00,56
2026-05-27,M004,T-Shirt,Apparel,6,7,3493.00,1746.50,197
2026-05-28,M001,Bluetooth Speaker,Electronics,9,11,24200.00,17182.00,21
2026-05-28,M001,Phone Case,Accessories,14,16,3579.17,2240.00,177
2026-05-28,M001,Power Bank,Electronics,4,5,7500.00,5250.00,82
2026-05-28,M001,Screen Guard,Accessories,9,12,1800.00,936.00,326
2026-05-28,M001,Smart Watch,Electronics,9,10,23671.61,18720.00,103
2026-05-28,M001,USB-C Cable,Accessories,2,2,608.53,406.00,281
2026-05-28,M001,Wireless Earbuds,Electronics,14,15,27000.00,18900.00,149
2026-05-28,M002,Atta 5kg,Grocery,28,32,7710.32,6822.40,25
2026-05-28,M002,Biscuits Pack,Snacks,18,22,1320.00,976.80,47
2026-05-28,M002,Cooking Oil 1L,Grocery,33,44,6380.00,5359.20,97
2026-05-28,M002,Detergent 1kg,Household,15,19,2280.00,1778.40,52
2026-05-28,M002,Milk Powder 500g,Grocery,6,7,2030.00,1624.00,103
2026-05-28,M002,Rice 5kg,Grocery,16,16,5440.00,4515.20,92
2026-05-28,M002,Sugar 1kg,Grocery,16,19,912.00,784.32,42
2026-05-28,M002,Tea Powder 500g,Beverages,3,4,880.00,660.00,121
2026-05-28,M003,Cold Coffee,Beverages,13,14,1480.51,638.40,125
2026-05-28,M003,Cookies,Snacks,8,11,660.00,237.60,195
2026-05-28,M003,Filter Coffee,Beverages,15,18,900.00,306.00,108
2026-05-28,M003,Masala Chai,Beverages,28,41,1640.00,524.80,305
2026-05-28,M003,Samosa,Food,16,24,600.00,180.00,81
2026-05-28,M003,Veg Sandwich,Food,18,21,2310.00,970.20,186
2026-05-28,M004,Cotton Kurta,Apparel,19,22,19778.00,10284.56,15
2026-05-28,M004,Denim Jeans,Apparel,4,4,5800.00,3190.00,107
2026-05-28,M004,Formal Shirt,Apparel,13,15,16500.00,8910.00,114
2026-05-28,M004,Saree,Ethnic Wear,6,6,13200.00,7656.00,50
2026-05-28,M004,Scarf,Accessories,4,4,1400.00,644.00,207
2026-05-28,M004,T-Shirt,Apparel,10,10,4990.00,2495.00,187
2026-05-29,M001,Bluetooth Speaker,Electronics,7,7,15400.00,10934.00,14
2026-05-29,M001,Phone Case,Accessories,14,19,4750.00,2660.00,158
2026-05-29,M001,Power Bank,Electronics,3,3,4500.00,3150.00,79
2026-05-29,M001,Screen Guard,Accessories,9,12,1800.00,936.00,314
2026-05-29,M001,Smart Watch,Electronics,13,15,39000.00,28080.00,88
2026-05-29,M001,USB-C Cable,Accessories,6,9,3150.00,1827.00,272
2026-05-29,M001,Wireless Earbuds,Electronics,19,23,41400.00,28980.00,126
2026-05-29,M002,Atta 5kg,Grocery,25,25,6500.00,5330.00,0
2026-05-29,M002,Biscuits Pack,Snacks,23,34,1809.00,1509.60,333
2026-05-29,M002,Cooking Oil 1L,Grocery,30,34,4930.00,4141.20,63
2026-05-29,M002,Detergent 1kg,Household,12,14,1680.00,1310.40,38
2026-05-29,M002,Milk Powder 500g,Grocery,9,10,2900.00,2320.00,93
2026-05-29,M002,Rice 5kg,Grocery,16,18,6120.00,5079.60,74
2026-05-29,M002,Sugar 1kg,Grocery,9,12,576.00,495.36,30
2026-05-29,M002,Tea Powder 500g,Beverages,13,18,3960.00,2970.00,103
2026-05-29,M003,Cold Coffee,Beverages,15,17,2040.00,775.20,108
2026-05-29,M003,Cookies,Snacks,7,10,600.00,216.00,185
2026-05-29,M003,Filter Coffee,Beverages,23,34,1700.00,578.00,74
2026-05-29,M003,Masala Chai,Beverages,43,66,2640.00,844.80,239
2026-05-29,M003,Samosa,Food,20,30,750.00,225.00,451
2026-05-29,M003,Veg Sandwich,Food,10,12,1320.00,554.40,174
2026-05-29,M004,Cotton Kurta,Apparel,11,14,12586.00,6544.72,1
2026-05-29,M004,Denim Jeans,Apparel,8,8,11600.00,6380.00,99
2026-05-29,M004,Formal Shirt,Apparel,5,6,6600.00,3564.00,108
2026-05-29,M004,Saree,Ethnic Wear,8,9,19800.00,11484.00,41
2026-05-29,M004,Scarf,Accessories,1,2,700.00,322.00,205
2026-05-29,M004,T-Shirt,Apparel,4,4,1996.00,998.00,183
2026-05-30,M001,Bluetooth Speaker,Electronics,9,10,22000.00,15620.00,4
2026-05-30,M001,Phone Case,Accessories,10,13,3250.00,1820.00,145
2026-05-30,M001,Power Bank,Electronics,15,18,27000.00,18900.00,61
2026-05-30,M001,Screen Guard,Accessories,12,14,2100.00,1092.00,300
2026-05-30,M001,Smart Watch,Electronics,12,13,33800.00,24336.00,75
2026-05-30,M001,USB-C Cable,Accessories,5,7,2450.00,1421.00,265
2026-05-30,M001,Wireless Earbuds,Electronics,18,21,37800.00,26460.00,105
2026-05-30,M002,Atta 5kg,Grocery,36,46,11960.00,9807.20,194
2026-05-30,M002,Biscuits Pack,Snacks,23,31,1860.00,1376.40,302
2026-05-30,M002,Cooking Oil 1L,Grocery,37,46,6670.00,5602.80,17
2026-05-30,M002,Detergent 1kg,Household,10,11,1320.00,1029.60,27
2026-05-30,M002,Milk Powder 500g,Grocery,2,3,870.00,696.00,90
2026-05-30,M002,Rice 5kg,Grocery,21,26,8840.00,7337.20,48
2026-05-30,M002,Sugar 1kg,Grocery,12,19,912.00,784.32,271
2026-05-30,M002,Tea Powder 500g,Beverages,17,24,5280.00,3960.00,79
2026-05-30,M003,Cold Coffee,Beverages,12,15,1800.00,684.00,93
2026-05-30,M003,Cookies,Snacks,9,15,900.00,324.00,170
2026-05-30,M003,Filter Coffee,Beverages,19,25,1250.00,425.00,49
2026-05-30,M003,Masala Chai,Beverages,29,46,1840.00,588.80,193
2026-05-30,M003,Samosa,Food,29,44,1100.00,330.00,407
2026-05-30,M003,Veg Sandwich,Food,21,27,2970.00,1247.40,147
2026-05-30,M004,Cotton Kurta,Apparel,18,22,19778.00,10284.56,139
2026-05-30,M004,Denim Jeans,Apparel,13,15,21750.00,11962.50,84
2026-05-30,M004,Formal Shirt,Apparel,9,11,12100.00,6534.00,97
2026-05-30,M004,Saree,Ethnic Wear,8,9,19800.00,11484.00,32
2026-05-30,M004,Scarf,Accessories,4,5,1750.00,805.00,200
2026-05-30,M004,T-Shirt,Apparel,23,27,13473.00,6736.50,156
2026-05-31,M001,Bluetooth Speaker,Electronics,4,4,8800.00,6248.00,0
2026-05-31,M001,Phone Case,Accessories,13,16,4000.00,2240.00,129
2026-05-31,M001,Power Bank,Electronics,8,8,12000.00,8400.00,53
2026-05-31,M001,Screen Guard,Accessories,10,14,2100.00,1092.00,286
2026-05-31,M001,Smart Watch,Electronics,14,15,39000.00,28080.00,60
2026-05-31,M001,USB-C Cable,Accessories,5,7,2450.00,1421.00,258
2026-05-31,M001,Wireless Earbuds,Electronics,12,15,27000.00,18900.00,90
2026-05-31,M002,Atta 5kg,Grocery,26,33,8580.00,7035.60,161
2026-05-31,M002,Biscuits Pack,Snacks,5,6,360.00,266.40,296
2026-05-31,M002,Cooking Oil 1L,Grocery,17,17,2465.00,2070.60,0
2026-05-31,M002,Detergent 1kg,Household,11,15,1800.00,1404.00,242
2026-05-31,M002,Milk Powder 500g,Grocery,7,9,2610.00,2088.00,81
2026-05-31,M002,Rice 5kg,Grocery,15,16,5440.00,4515.20,32
2026-05-31,M002,Sugar 1kg,Grocery,24,30,1440.00,1238.40,241
2026-05-31,M002,Tea Powder 500g,Beverages,11,13,2860.00,2145.00,66
2026-05-31,M003,Cold Coffee,Beverages,14,18,2160.00,820.80,75
2026-05-31,M003,Cookies,Snacks,9,11,660.00,237.60,159
2026-05-31,M003,Filter Coffee,Beverages,19,24,912.67,408.00,25
2026-05-31,M003,Masala Chai,Beverages,21,34,1360.00,435.20,159
2026-05-31,M003,Samosa,Food,25,45,1125.00,337.50,362
2026-05-31,M003,Veg Sandwich,Food,26,27,2970.00,1247.40,120
2026-05-31,M004,Cotton Kurta,Apparel,18,22,19778.00,10284.56,117
2026-05-31,M004,Denim Jeans,Apparel,11,11,15950.00,8772.50,73
2026-05-31,M004,Formal Shirt,Apparel,8,10,11000.00,5940.00,87
2026-05-31,M004,Saree,Ethnic Wear,9,10,22000.00,12760.00,22
2026-05-31,M004,Scarf,Accessories,4,4,1400.00,644.00,196
2026-05-31,M004,T-Shirt,Apparel,12,18,8982.00,4491.00,138
2026-06-01,M001,Bluetooth Speaker,Electronics,9,9,19800.00,14058.00,71
2026-06-01,M001,Phone Case,Accessories,27,34,8500.00,4760.00,95
2026-06-01,M001,Power Bank,Electronics,11,13,19500.00,13650.00,40
2026-06-01,M001,Screen Guard,Accessories,12,15,2250.00,1170.00,271
2026-06-01,M001,Smart Watch,Electronics,8,8,20800.00,14976.00,52
2026-06-01,M001,USB-C Cable,Accessories,5,8,2800.00,1624.00,250
2026-06-01,M001,Wireless Earbuds,Electronics,8,9,16200.00,11340.00,81
2026-06-01,M002,Atta 5kg,Grocery,30,35,8560.90,7462.00,126
2026-06-01,M002,Biscuits Pack,Snacks,23,35,1915.99,1554.00,261
2026-06-01,M002,Cooking Oil 1L,Grocery,20,25,3625.00,3045.00,175
2026-06-01,M002,Detergent 1kg,Household,19,24,2880.00,2246.40,218
2026-06-01,M002,Milk Powder 500g,Grocery,3,4,1160.00,928.00,77
2026-06-01,M002,Rice 5kg,Grocery,24,31,10540.00,8748.20,1
2026-06-01,M002,Sugar 1kg,Grocery,13,17,816.00,701.76,224
2026-06-01,M002,Tea Powder 500g,Beverages,13,19,4180.00,3135.00,47
2026-06-01,M003,Cold Coffee,Beverages,13,15,1800.00,684.00,60
2026-06-01,M003,Cookies,Snacks,6,6,360.00,129.60,153
2026-06-01,M003,Filter Coffee,Beverages,10,15,750.00,255.00,350
2026-06-01,M003,Masala Chai,Beverages,20,31,1240.00,396.80,128
2026-06-01,M003,Samosa,Food,17,27,530.40,202.50,335
2026-06-01,M003,Veg Sandwich,Food,7,7,770.00,323.40,113
2026-06-01,M004,Cotton Kurta,Apparel,8,9,8091.00,4207.32,108
2026-06-01,M004,Denim Jeans,Apparel,7,9,13050.00,7177.50,64
2026-06-01,M004,Formal Shirt,Apparel,13,13,14300.00,7722.00,74
2026-06-01,M004,Saree,Ethnic Wear,4,4,8800.00,5104.00,18
2026-06-01,M004,Scarf,Accessories,4,5,1750.00,805.00,191
2026-06-01,M004,T-Shirt,Apparel,8,13,6487.00,3243.50,125
2026-06-02,M001,Bluetooth Speaker,Electronics,7,8,17600.00,12496.00,63
2026-06-02,M001,Phone Case,Accessories,13,18,4500.00,2520.00,77
2026-06-02,M001,Power Bank,Electronics,6,6,9000.00,6300.00,34
2026-06-02,M001,Screen Guard,Accessories,9,14,2100.00,1092.00,257
2026-06-02,M001,Smart Watch,Electronics,15,16,41600.00,29952.00,36
2026-06-02,M001,USB-C Cable,Accessories,1,2,700.00,406.00,248
2026-06-02,M001,Wireless Earbuds,Electronics,1,1,1800.00,1260.00,80
2026-06-02,M002,Atta 5kg,Grocery,33,38,9880.00,8101.60,88
2026-06-02,M002,Biscuits Pack,Snacks,13,21,1260.00,932.40,240
2026-06-02,M002,Cooking Oil 1L,Grocery,35,45,6525.00,5481.00,130
2026-06-02,M002,Detergent 1kg,Household,15,22,2394.81,2059.20,196
2026-06-02,M002,Milk Powder 500g,Grocery,8,9,2610.00,2088.00,68
2026-06-02,M002,Rice 5kg,Grocery,17,20,6800.00,5644.00,171
2026-06-02,M002,Sugar 1kg,Grocery,28,36,1728.00,1486.08,188
2026-06-02,M002,Tea Powder 500g,Beverages,15,17,3740.00,2805.00,30
2026-06-02,M003,Cold Coffee,Beverages,6,6,720.00,273.60,54
2026-06-02,M003,Cookies,Snacks,5,6,360.00,129.60,147
2026-06-02,M003,Filter Coffee,Beverages,9,11,550.00,187.00,339
2026-06-02,M003,Masala Chai,Beverages,20,29,1160.00,371.20,99
2026-06-02,M003,Samosa,Food,15,25,625.00,187.50,310
2026-06-02,M003,Veg Sandwich,Food,9,10,1100.00,462.00,103
2026-06-02,M004,Cotton Kurta,Apparel,9,11,9889.00,5142.28,97
2026-06-02,M004,Denim Jeans,Apparel,3,3,4350.00,2392.50,61
2026-06-02,M004,Formal Shirt,Apparel,4,4,4400.00,2376.00,70
2026-06-02,M004,Saree,Ethnic Wear,6,7,15400.00,8932.00,11
2026-06-02,M004,Scarf,Accessories,2,3,1050.00,483.00,188
2026-06-02,M004,T-Shirt,Apparel,11,16,7984.00,3992.00,109
2026-06-03,M001,Bluetooth Speaker,Electronics,14,16,35200.00,24992.00,47
2026-06-03,M001,Phone Case,Accessories,12,16,4000.00,2240.00,61
2026-06-03,M001,Power Bank,Electronics,4,4,6000.00,4200.00,30
2026-06-03,M001,Screen Guard,Accessories,17,24,3011.00,1872.00,233
2026-06-03,M001,Smart Watch,Electronics,9,9,23400.00,16848.00,27
2026-06-03,M001,USB-C Cable,Accessories,5,6,2100.00,1218.00,242
2026-06-03,M001,Wireless Earbuds,Electronics,19,22,39600.00,27720.00,58
2026-06-03,M002,Atta 5kg,Grocery,25,31,8060.00,6609.20,57
2026-06-03,M002,Biscuits Pack,Snacks,43,66,3960.00,2930.40,174
2026-06-03,M002,Cooking Oil 1L,Grocery,45,64,8758.93,7795.20,66
2026-06-03,M002,Detergent 1kg,Household,18,26,3120.00,2433.60,170
2026-06-03,M002,Milk Powder 500g,Grocery,5,5,1450.00,1160.00,63
2026-06-03,M002,Rice 5kg,Grocery,15,18,6120.00,5079.60,153
2026-06-03,M002,Sugar 1kg,Grocery,24,32,1536.00,1320.96,156
2026-06-03,M002,Tea Powder 500g,Beverages,26,30,6600.00,4950.00,0
2026-06-03,M003,Cold Coffee,Beverages,9,13,1560.00,592.80,301
2026-06-03,M003,Cookies,Snacks,6,8,480.00,172.80,139
2026-06-03,M003,Filter Coffee,Beverages,11,14,553.23,238.00,325
2026-06-03,M003,Masala Chai,Beverages,23,34,1360.00,435.20,65
2026-06-03,M003,Samosa,Food,16,24,600.00,180.00,286
2026-06-03,M003,Veg Sandwich,Food,11,16,1760.00,739.20,87
2026-06-03,M004,Cotton Kurta,Apparel,9,11,8202.34,5142.28,86
2026-06-03,M004,Denim Jeans,Apparel,7,7,10150.00,5582.50,54
2026-06-03,M004,Formal Shirt,Apparel,10,12,13200.00,7128.00,58
2026-06-03,M004,Saree,Ethnic Wear,4,5,11000.00,6380.00,106
2026-06-03,M004,Scarf,Accessories,4,5,1750.00,805.00,183
2026-06-03,M004,T-Shirt,Apparel,16,18,8982.00,4491.00,91
2026-06-04,M001,Bluetooth Speaker,Electronics,8,8,17600.00,12496.00,39
2026-06-04,M001,Phone Case,Accessories,12,16,4000.00,2240.00,45
2026-06-04,M001,Power Bank,Electronics,6,7,10500.00,7350.00,23
2026-06-04,M001,Screen Guard,Accessories,16,23,3450.00,1794.00,210
2026-06-04,M001,Smart Watch,Electronics,11,12,31200.00,22464.00,15
2026-06-04,M001,USB-C Cable,Accessories,9,13,4550.00,2639.00,229
2026-06-04,M001,Wireless Earbuds,Electronics,15,15,27000.00,18900.00,43
2026-06-04,M002,Atta 5kg,Grocery,28,34,8840.00,7248.80,23
2026-06-04,M002,Biscuits Pack,Snacks,42,59,3540.00,2619.60,115
2026-06-04,M002,Cooking Oil 1L,Grocery,43,56,8120.00,6820.80,10
2026-06-04,M002,Detergent 1kg,Household,15,19,2280.00,1778.40,151
2026-06-04,M002,Milk Powder 500g,Grocery,9,11,3190.00,2552.00,52
2026-06-04,M002,Rice 5kg,Grocery,17,19,6460.00,5361.80,134
2026-06-04,M002,Sugar 1kg,Grocery,5,7,336.00,288.96,149
2026-06-04,M003,Cold Coffee,Beverages,9,10,1200.00,456.00,291
2026-06-04,M003,Cookies,Snacks,4,4,240.00,86.40,135
2026-06-04,M003,Filter Coffee,Beverages,14,20,1000.00,340.00,305
2026-06-04,M003,Masala Chai,Beverages,26,42,1680.00,537.60,23
2026-06-04,M003,Samosa,Food,22,30,750.00,225.00,256
2026-06-04,M003,Veg Sandwich,Food,9,10,1100.00,462.00,77
2026-06-04,M004,Cotton Kurta,Apparel,25,30,26970.00,14024.40,56
2026-06-04,M004,Denim Jeans,Apparel,10,10,14500.00,7975.00,44
2026-06-04,M004,Formal Shirt,Apparel,9,10,11000.00,5940.00,48
2026-06-04,M004,Saree,Ethnic Wear,19,21,46200.00,26796.00,85
2026-06-04,M004,Scarf,Accessories,6,7,2450.00,1127.00,176
2026-06-04,M004,T-Shirt,Apparel,15,18,8982.00,4491.00,73
2026-06-05,M001,Bluetooth Speaker,Electronics,15,16,35200.00,24992.00,23
2026-06-05,M001,Phone Case,Accessories,28,41,10250.00,5740.00,344
2026-06-05,M001,Power Bank,Electronics,8,10,14147.16,10500.00,13
2026-06-05,M001,Screen Guard,Accessories,18,26,3900.00,2028.00,184
2026-06-05,M001,Smart Watch,Electronics,15,15,39000.00,28080.00,0
2026-06-05,M001,USB-C Cable,Accessories,5,8,2800.00,1624.00,221
2026-06-05,M001,Wireless Earbuds,Electronics,23,30,54000.00,37800.00,13
2026-06-05,M002,Atta 5kg,Grocery,23,23,5980.00,4903.60,0
2026-06-05,M002,Biscuits Pack,Snacks,42,62,3720.00,2752.80,53
2026-06-05,M002,Cooking Oil 1L,Grocery,10,10,1450.00,1218.00,0
2026-06-05,M002,Detergent 1kg,Household,15,19,2280.00,1778.40,132
2026-06-05,M002,Milk Powder 500g,Grocery,12,15,4350.00,3480.00,37
2026-06-05,M002,Rice 5kg,Grocery,28,35,11900.00,9877.00,99
2026-06-05,M002,Sugar 1kg,Grocery,18,24,1152.00,990.72,125
2026-06-05,M002,Tea Powder 500g,Beverages,28,34,7480.00,5610.00,136
2026-06-05,M003,Cold Coffee,Beverages,30,40,4800.00,1824.00,251
2026-06-05,M003,Cookies,Snacks,8,11,660.00,237.60,124
2026-06-05,M003,Filter Coffee,Beverages,13,17,850.00,289.00,288
2026-06-05,M003,Masala Chai,Beverages,38,58,2320.00,742.40,385
2026-06-05,M003,Samosa,Food,10,16,400.00,120.00,240
2026-06-05,M003,Veg Sandwich,Food,9,10,1100.00,462.00,67
2026-06-05,M004,Cotton Kurta,Apparel,44,52,46748.00,24308.96,4
2026-06-05,M004,Denim Jeans,Apparel,14,14,20300.00,11165.00,30
2026-06-05,M004,Formal Shirt,Apparel,17,18,16963.88,10692.00,30
2026-06-05,M004,Saree,Ethnic Wear,38,39,85800.00,49764.00,46
2026-06-05,M004,Scarf,Accessories,13,16,5600.00,2576.00,160
2026-06-05,M004,T-Shirt,Apparel,30,37,18463.00,9231.50,36
2026-06-06,M001,Bluetooth Speaker,Electronics,13,15,33000.00,23430.00,8
2026-06-06,M001,Phone Case,Accessories,25,33,8250.00,4620.00,311
2026-06-06,M001,Power Bank,Electronics,9,11,16500.00,11550.00,102
2026-06-06,M001,Screen Guard,Accessories,15,22,3300.00,1716.00,162
2026-06-06,M001,USB-C Cable,Accessories,12,16,5600.00,3248.00,205
2026-06-06,M001,Wireless Earbuds,Electronics,13,13,23400.00,16380.00,0
2026-06-06,M002,Atta 5kg,Grocery,39,46,11960.00,9807.20,194
2026-06-06,M002,Biscuits Pack,Snacks,46,53,3180.00,2353.20,0
2026-06-06,M002,Cooking Oil 1L,Grocery,30,38,5510.00,4628.40,162
2026-06-06,M002,Detergent 1kg,Household,20,25,3000.00,2340.00,107
2026-06-06,M002,Milk Powder 500g,Grocery,11,14,4060.00,3248.00,23
2026-06-06,M002,Rice 5kg,Grocery,27,35,11900.00,9877.00,64
2026-06-06,M002,Sugar 1kg,Grocery,27,37,1776.00,1527.36,88
2026-06-06,M002,Tea Powder 500g,Beverages,18,21,4620.00,3465.00,115
2026-06-06,M003,Cold Coffee,Beverages,19,24,2880.00,1094.40,227
2026-06-06,M003,Cookies,Snacks,5,8,480.00,172.80,116
2026-06-06,M003,Filter Coffee,Beverages,20,30,1500.00,510.00,258
2026-06-06,M003,Masala Chai,Beverages,63,96,3840.00,1228.80,289
2026-06-06,M003,Samosa,Food,25,39,975.00,292.50,201
2026-06-06,M003,Veg Sandwich,Food,9,10,1100.00,462.00,57
2026-06-06,M004,Cotton Kurta,Apparel,4,4,3596.00,1869.92,0
2026-06-06,M004,Denim Jeans,Apparel,13,13,18850.00,10367.50,17
2026-06-06,M004,Formal Shirt,Apparel,12,15,16500.00,8910.00,15
2026-06-06,M004,Saree,Ethnic Wear,45,46,101200.00,58696.00,0
2026-06-06,M004,Scarf,Accessories,12,16,5600.00,2576.00,144
2026-06-06,M004,T-Shirt,Apparel,27,36,17964.00,8982.00,0
2026-06-07,M001,Bluetooth Speaker,Electronics,8,8,17600.00,12496.00,0
2026-06-07,M001,Phone Case,Accessories,10,15,3750.00,2100.00,296
2026-06-07,M001,Power Bank,Electronics,14,14,21000.00,14700.00,88
2026-06-07,M001,Screen Guard,Accessories,11,13,1950.00,1014.00,149
2026-06-07,M001,Smart Watch,Electronics,19,22,57200.00,41184.00,88
2026-06-07,M001,USB-C Cable,Accessories,6,7,2450.00,1421.00,198
2026-06-07,M002,Atta 5kg,Grocery,27,37,9620.00,7888.40,157
2026-06-07,M002,Cooking Oil 1L,Grocery,21,25,3388.49,3045.00,137
2026-06-07,M002,Detergent 1kg,Household,10,14,1680.00,1310.40,93
2026-06-07,M002,Milk Powder 500g,Grocery,8,9,2610.00,2088.00,14
2026-06-07,M002,Rice 5kg,Grocery,25,27,9180.00,7619.40,37
2026-06-07,M002,Sugar 1kg,Grocery,16,24,1152.00,990.72,64
2026-06-07,M002,Tea Powder 500g,Beverages,17,23,5060.00,3795.00,92
2026-06-07,M003,Cold Coffee,Beverages,25,30,2993.09,1368.00,197
2026-06-07,M003,Cookies,Snacks,9,14,840.00,302.40,102
2026-06-07,M003,Filter Coffee,Beverages,15,21,1050.00,357.00,237
2026-06-07,M003,Masala Chai,Beverages,32,44,1760.00,563.20,245
2026-06-07,M003,Samosa,Food,21,35,875.00,262.50,166
2026-06-07,M003,Veg Sandwich,Food,26,32,3520.00,1478.40,25
2026-06-07,M004,Denim Jeans,Apparel,17,17,24650.00,13557.50,0
2026-06-07,M004,Formal Shirt,Apparel,15,15,16500.00,8910.00,0
2026-06-07,M004,Scarf,Accessories,18,23,8050.00,3703.00,121
2026-06-08,M001,Phone Case,Accessories,9,11,2750.00,1540.00,285
2026-06-08,M001,Power Bank,Electronics,7,9,13500.00,9450.00,79
2026-06-08,M001,Screen Guard,Accessories,11,12,1800.00,936.00,137
2026-06-08,M001,Smart Watch,Electronics,29,29,75400.00,54288.00,59
2026-06-08,M001,USB-C Cable,Accessories,8,10,3500.00,2030.00,188
2026-06-08,M001,Wireless Earbuds,Electronics,7,8,14400.00,10080.00,172
2026-06-08,M002,Atta 5kg,Grocery,29,38,9880.00,8101.60,119
2026-06-08,M002,Biscuits Pack,Snacks,20,32,1920.00,1420.80,288
2026-06-08,M002,Cooking Oil 1L,Grocery,16,18,2610.00,2192.40,119
2026-06-08,M002,Detergent 1kg,Household,13,17,2040.00,1591.20,76
2026-06-08,M002,Milk Powder 500g,Grocery,9,10,2900.00,2320.00,4
2026-06-08,M002,Rice 5kg,Grocery,26,30,10200.00,8466.00,7
2026-06-08,M002,Sugar 1kg,Grocery,16,21,1008.00,866.88,43
2026-06-08,M002,Tea Powder 500g,Beverages,12,12,2640.00,1980.00,80
2026-06-08,M003,Cold Coffee,Beverages,6,7,840.00,319.20,190
2026-06-08,M003,Cookies,Snacks,5,6,360.00,129.60,96
2026-06-08,M003,Filter Coffee,Beverages,14,20,670.75,340.00,217
2026-06-08,M003,Masala Chai,Beverages,30,45,1800.00,576.00,200
2026-06-08,M003,Samosa,Food,13,24,600.00,180.00,142
2026-06-08,M003,Veg Sandwich,Food,12,13,1430.00,600.60,12
2026-06-08,M004,Cotton Kurta,Apparel,24,30,26970.00,14024.40,130
2026-06-08,M004,Denim Jeans,Apparel,16,18,26100.00,14355.00,102
2026-06-08,M004,Formal Shirt,Apparel,3,3,3300.00,1782.00,127
2026-06-08,M004,Scarf,Accessories,3,5,1750.00,805.00,116
2026-06-08,M004,T-Shirt,Apparel,18,24,11976.00,5988.00,196
2026-06-09,M001,Bluetooth Speaker,Electronics,9,10,22000.00,15620.00,70
2026-06-09,M001,Phone Case,Accessories,19,24,6000.00,3360.00,261
2026-06-09,M001,Power Bank,Electronics,6,7,10500.00,7350.00,72
2026-06-09,M001,Screen Guard,Accessories,8,12,1800.00,936.00,125
2026-06-09,M001,Smart Watch,Electronics,11,12,31200.00,22464.00,47
2026-06-09,M001,USB-C Cable,Accessories,8,9,3150.00,1827.00,179
2026-06-09,M001,Wireless Earbuds,Electronics,19,23,41400.00,28980.00,149
2026-06-09,M002,Atta 5kg,Grocery,38,52,13520.00,11086.40,67
2026-06-09,M002,Biscuits Pack,Snacks,20,33,1980.00,1465.20,255
2026-06-09,M002,Cooking Oil 1L,Grocery,31,38,5510.00,4628.40,81
2026-06-09,M002,Detergent 1kg,Household,12,17,2040.00,1591.20,59
2026-06-09,M002,Milk Powder 500g,Grocery,5,6,1740.00,1392.00,128
2026-06-09,M002,Rice 5kg,Grocery,7,7,2380.00,1975.40,0
2026-06-09,M002,Sugar 1kg,Grocery,9,12,576.00,495.36,31
2026-06-09,M002,Tea Powder 500g,Beverages,9,10,1986.26,1650.00,70
2026-06-09,M003,Cold Coffee,Beverages,10,11,1320.00,501.60,179
2026-06-09,M003,Cookies,Snacks,5,6,360.00,129.60,90
2026-06-09,M003,Filter Coffee,Beverages,14,21,1050.00,357.00,196
2026-06-09,M003,Masala Chai,Beverages,25,43,1720.00,550.40,157
2026-06-09,M003,Samosa,Food,8,13,325.00,97.50,129
2026-06-09,M003,Veg Sandwich,Food,8,8,880.00,369.60,214
2026-06-09,M004,Cotton Kurta,Apparel,16,17,15283.00,7947.16,113
2026-06-09,M004,Denim Jeans,Apparel,7,8,11600.00,6380.00,94
2026-06-09,M004,Formal Shirt,Apparel,3,3,3300.00,1782.00,124
2026-06-09,M004,Saree,Ethnic Wear,17,17,37400.00,21692.00,83
2026-06-09,M004,Scarf,Accessories,10,15,5250.00,2415.00,101
2026-06-09,M004,T-Shirt,Apparel,24,30,14970.00,7485.00,166
2026-06-10,M001,Bluetooth Speaker,Electronics,3,4,8800.00,6248.00,66
2026-06-10,M001,Phone Case,Accessories,10,13,3250.00,1820.00,248
2026-06-10,M001,Power Bank,Electronics,6,9,13500.00,9450.00,63
2026-06-10,M001,Screen Guard,Accessories,3,3,450.00,234.00,122
2026-06-10,M001,Smart Watch,Electronics,23,27,70200.00,50544.00,20
2026-06-10,M001,USB-C Cable,Accessories,7,8,2800.00,1624.00,171
2026-06-10,M001,Wireless Earbuds,Electronics,19,23,41400.00,28980.00,126
2026-06-10,M002,Atta 5kg,Grocery,24,30,7800.00,6396.00,37
2026-06-10,M002,Biscuits Pack,Snacks,11,15,900.00,666.00,240
2026-06-10,M002,Cooking Oil 1L,Grocery,12,15,2175.00,1827.00,66
2026-06-10,M002,Detergent 1kg,Household,13,16,1920.00,1497.60,43
2026-06-10,M002,Milk Powder 500g,Grocery,6,7,2030.00,1624.00,121
2026-06-10,M002,Rice 5kg,Grocery,10,13,4420.00,3668.60,177
2026-06-10,M002,Sugar 1kg,Grocery,15,21,1008.00,866.88,270
2026-06-10,M002,Tea Powder 500g,Beverages,10,14,3080.00,2310.00,56
2026-06-10,M003,Cold Coffee,Beverages,17,26,3120.00,1185.60,153
2026-06-10,M003,Cookies,Snacks,6,7,420.00,151.20,83
2026-06-10,M003,Filter Coffee,Beverages,13,18,900.00,306.00,178
2026-06-10,M003,Masala Chai,Beverages,20,30,1200.00,384.00,127
2026-06-10,M003,Samosa,Food,9,13,325.00,97.50,116
2026-06-10,M003,Veg Sandwich,Food,13,13,1430.00,600.60,201
2026-06-10,M004,Cotton Kurta,Apparel,18,21,18879.00,9817.08,92
2026-06-10,M004,Denim Jeans,Apparel,10,11,15950.00,8772.50,83
2026-06-10,M004,Formal Shirt,Apparel,4,6,6600.00,3564.00,118
2026-06-10,M004,Saree,Ethnic Wear,9,10,22000.00,12760.00,73
2026-06-10,M004,Scarf,Accessories,7,9,3150.00,1449.00,92
2026-06-10,M004,T-Shirt,Apparel,7,10,4990.00,2495.00,156
2026-06-11,M001,Bluetooth Speaker,Electronics,1,1,2200.00,1562.00,65
2026-06-11,M001,Phone Case,Accessories,17,27,6750.00,3780.00,221
2026-06-11,M001,Power Bank,Electronics,2,2,3000.00,2100.00,61
2026-06-11,M001,Screen Guard,Accessories,8,13,1831.77,1014.00,109
2026-06-11,M001,Smart Watch,Electronics,13,13,33800.00,24336.00,7
2026-06-11,M001,USB-C Cable,Accessories,3,3,1050.00,609.00,168
2026-06-11,M001,Wireless Earbuds,Electronics,15,17,26450.16,21420.00,109
2026-06-11,M002,Atta 5kg,Grocery,32,37,9620.00,7888.40,0
2026-06-11,M002,Biscuits Pack,Snacks,25,37,2220.00,1642.80,203
2026-06-11,M002,Cooking Oil 1L,Grocery,24,28,4060.00,3410.40,38
2026-06-11,M002,Detergent 1kg,Household,12,14,1680.00,1310.40,29
2026-06-11,M002,Milk Powder 500g,Grocery,6,9,2610.00,2088.00,112
2026-06-11,M002,Rice 5kg,Grocery,20,23,7820.00,6490.60,154
2026-06-11,M002,Sugar 1kg,Grocery,17,24,1152.00,990.72,246
2026-06-11,M002,Tea Powder 500g,Beverages,6,7,1540.00,1155.00,49
2026-06-11,M003,Cold Coffee,Beverages,14,20,2400.00,912.00,133
2026-06-11,M003,Cookies,Snacks,13,16,960.00,345.60,67
2026-06-11,M003,Filter Coffee,Beverages,14,23,1150.00,391.00,155
2026-06-11,M003,Masala Chai,Beverages,32,46,1840.00,588.80,81
2026-06-11,M003,Samosa,Food,23,33,575.60,247.50,83
2026-06-11,M003,Veg Sandwich,Food,16,16,1760.00,739.20,185
2026-06-11,M004,Cotton Kurta,Apparel,6,7,6293.00,3272.36,85
2026-06-11,M004,Denim Jeans,Apparel,6,6,8700.00,4785.00,77
2026-06-11,M004,Formal Shirt,Apparel,2,3,3300.00,1782.00,115
2026-06-11,M004,Saree,Ethnic Wear,4,4,8800.00,5104.00,69
2026-06-11,M004,Scarf,Accessories,7,8,2800.00,1288.00,84
2026-06-11,M004,T-Shirt,Apparel,14,18,8982.00,4491.00,138
2026-06-12,M001,Bluetooth Speaker,Electronics,7,7,15400.00,10934.00,58
2026-06-12,M001,Phone Case,Accessories,10,15,3750.00,2100.00,206
2026-06-12,M001,Power Bank,Electronics,12,14,21000.00,14700.00,47
2026-06-12,M001,Screen Guard,Accessories,10,14,1784.40,1092.00,95
2026-06-12,M001,Smart Watch,Electronics,7,7,18200.00,13104.00,0
2026-06-12,M001,USB-C Cable,Accessories,8,10,3092.27,2030.00,158
2026-06-12,M001,Wireless Earbuds,Electronics,19,22,39600.00,27720.00,87
2026-06-12,M002,Biscuits Pack,Snacks,18,28,1680.00,1243.20,175
2026-06-12,M002,Cooking Oil 1L,Grocery,24,35,5075.00,4263.00,3
2026-06-12,M002,Detergent 1kg,Household,15,22,2640.00,2059.20,237
2026-06-12,M002,Milk Powder 500g,Grocery,13,17,4930.00,3944.00,95
2026-06-12,M002,Rice 5kg,Grocery,24,28,9520.00,7901.60,126
2026-06-12,M002,Sugar 1kg,Grocery,10,16,768.00,660.48,230
2026-06-12,M002,Tea Powder 500g,Beverages,9,12,2640.00,1980.00,37
2026-06-12,M003,Cold Coffee,Beverages,18,21,2520.00,957.60,112
2026-06-12,M003,Cookies,Snacks,5,6,360.00,129.60,61
2026-06-12,M003,Filter Coffee,Beverages,23,29,1450.00,493.00,126
2026-06-12,M003,Masala Chai,Beverages,19,29,1160.00,371.20,52
2026-06-12,M003,Samosa,Food,21,34,850.00,255.00,49
2026-06-12,M003,Veg Sandwich,Food,17,19,2090.00,877.80,166
2026-06-12,M004,Cotton Kurta,Apparel,9,12,10788.00,5609.76,73
2026-06-12,M004,Denim Jeans,Apparel,8,8,11600.00,6380.00,69
2026-06-12,M004,Formal Shirt,Apparel,5,6,6600.00,3564.00,109
2026-06-12,M004,Saree,Ethnic Wear,7,7,15400.00,8932.00,62
2026-06-12,M004,Scarf,Accessories,3,5,1750.00,805.00,79
2026-06-12,M004,T-Shirt,Apparel,12,14,6986.00,3493.00,124
2026-06-13,M001,Bluetooth Speaker,Electronics,6,6,13200.00,9372.00,52
2026-06-13,M001,Phone Case,Accessories,24,33,8250.00,4620.00,173
2026-06-13,M001,Power Bank,Electronics,8,8,12000.00,8400.00,39
2026-06-13,M001,Screen Guard,Accessories,7,12,1800.00,936.00,83
2026-06-13,M001,Smart Watch,Electronics,8,10,22945.04,18720.00,100
2026-06-13,M001,USB-C Cable,Accessories,14,18,6300.00,3654.00,140
2026-06-13,M001,Wireless Earbuds,Electronics,15,16,28800.00,20160.00,71
2026-06-13,M002,Atta 5kg,Grocery,24,31,8060.00,6609.20,209
2026-06-13,M002,Biscuits Pack,Snacks,37,58,3480.00,2575.20,117
2026-06-13,M002,Cooking Oil 1L,Grocery,35,51,7395.00,6211.80,152
2026-06-13,M002,Detergent 1kg,Household,20,23,2760.00,2152.80,214
2026-06-13,M002,Milk Powder 500g,Grocery,10,12,3480.00,2784.00,83
2026-06-13,M002,Rice 5kg,Grocery,19,20,6800.00,5644.00,106
2026-06-13,M002,Sugar 1kg,Grocery,15,18,864.00,743.04,212
2026-06-13,M002,Tea Powder 500g,Beverages,17,19,4180.00,3135.00,18
2026-06-13,M003,Cold Coffee,Beverages,15,18,2160.00,820.80,94
2026-06-13,M003,Cookies,Snacks,3,5,300.00,108.00,56
2026-06-13,M003,Filter Coffee,Beverages,21,30,1500.00,510.00,96
2026-06-13,M003,Masala Chai,Beverages,39,52,2080.00,665.60,0
2026-06-13,M003,Samosa,Food,17,22,550.00,165.00,427
2026-06-13,M003,Veg Sandwich,Food,15,17,1870.00,785.40,149
2026-06-13,M004,Cotton Kurta,Apparel,34,39,35061.00,18231.72,34
2026-06-13,M004,Denim Jeans,Apparel,10,11,15950.00,8772.50,58
2026-06-13,M004,Formal Shirt,Apparel,8,8,8800.00,4752.00,101
2026-06-13,M004,Saree,Ethnic Wear,9,10,22000.00,12760.00,52
2026-06-13,M004,Scarf,Accessories,5,5,1750.00,805.00,74
2026-06-13,M004,T-Shirt,Apparel,9,12,5988.00,2994.00,112
2026-06-14,M001,Bluetooth Speaker,Electronics,4,5,11000.00,7810.00,47
2026-06-14,M001,Phone Case,Accessories,11,16,4000.00,2240.00,157
2026-06-14,M001,Power Bank,Electronics,4,5,7500.00,5250.00,34
2026-06-14,M001,Screen Guard,Accessories,13,17,2550.00,1326.00,466
2026-06-14,M001,Smart Watch,Electronics,11,11,28600.00,20592.00,89
2026-06-14,M001,USB-C Cable,Accessories,8,12,4200.00,2436.00,128
2026-06-14,M001,Wireless Earbuds,Electronics,13,17,30600.00,21420.00,54
2026-06-14,M002,Atta 5kg,Grocery,32,39,10140.00,8314.80,170
2026-06-14,M002,Biscuits Pack,Snacks,19,31,1860.00,1376.40,86
2026-06-14,M002,Cooking Oil 1L,Grocery,16,23,3335.00,2801.40,129
2026-06-14,M002,Detergent 1kg,Household,18,25,3000.00,2340.00,189
2026-06-14,M002,Milk Powder 500g,Grocery,8,11,3190.00,2552.00,72
2026-06-14,M002,Rice 5kg,Grocery,20,27,9180.00,7619.40,79
2026-06-14,M002,Sugar 1kg,Grocery,6,7,336.00,288.96,205
2026-06-14,M002,Tea Powder 500g,Beverages,12,15,3300.00,2475.00,3
2026-06-14,M003,Cold Coffee,Beverages,15,19,2280.00,866.40,75
2026-06-14,M003,Cookies,Snacks,11,12,720.00,259.20,274
2026-06-14,M003,Filter Coffee,Beverages,15,24,1200.00,408.00,72
2026-06-14,M003,Masala Chai,Beverages,25,41,1640.00,524.80,379
2026-06-14,M003,Samosa,Food,15,24,600.00,180.00,403
2026-06-14,M003,Veg Sandwich,Food,10,13,1430.00,600.60,136
2026-06-14,M004,Cotton Kurta,Apparel,11,13,11687.00,6077.24,21
2026-06-14,M004,Denim Jeans,Apparel,7,8,11600.00,6380.00,50
2026-06-14,M004,Formal Shirt,Apparel,13,15,16500.00,8910.00,86
2026-06-14,M004,Saree,Ethnic Wear,7,8,17600.00,10208.00,44
2026-06-14,M004,Scarf,Accessories,10,14,4900.00,2254.00,60
2026-06-14,M004,T-Shirt,Apparel,20,28,13972.00,6986.00,84
2026-06-15,M001,Bluetooth Speaker,Electronics,11,12,26400.00,18744.00,35
2026-06-15,M001,Phone Case,Accessories,12,19,4750.00,2660.00,138
2026-06-15,M001,Power Bank,Electronics,5,6,9000.00,6300.00,28
2026-06-15,M001,Screen Guard,Accessories,11,19,2850.00,1482.00,447
2026-06-15,M001,Smart Watch,Electronics,6,6,15600.00,11232.00,83
2026-06-15,M001,USB-C Cable,Accessories,5,7,2450.00,1421.00,121
2026-06-15,M001,Wireless Earbuds,Electronics,11,13,23400.00,16380.00,41
2026-06-15,M002,Atta 5kg,Grocery,19,23,5980.00,4903.60,147
2026-06-15,M002,Biscuits Pack,Snacks,27,37,2220.00,1642.80,49
2026-06-15,M002,Cooking Oil 1L,Grocery,21,27,3915.00,3288.60,102
2026-06-15,M002,Detergent 1kg,Household,16,19,2280.00,1778.40,170
2026-06-15,M002,Milk Powder 500g,Grocery,7,9,2610.00,2088.00,63
2026-06-15,M002,Rice 5kg,Grocery,11,12,4080.00,3386.40,67
2026-06-15,M002,Sugar 1kg,Grocery,21,27,1224.00,1114.56,178
2026-06-15,M002,Tea Powder 500g,Beverages,8,13,2860.00,2145.00,160
2026-06-15,M003,Cold Coffee,Beverages,9,10,1200.00,456.00,65
2026-06-15,M003,Cookies,Snacks,2,2,120.00,43.20,272
2026-06-15,M003,Filter Coffee,Beverages,14,20,1000.00,340.00,52
2026-06-15,M003,Masala Chai,Beverages,14,20,800.00,256.00,359
2026-06-15,M003,Samosa,Food,4,5,125.00,37.50,398
2026-06-15,M003,Veg Sandwich,Food,14,17,1870.00,785.40,119
2026-06-15,M004,Cotton Kurta,Apparel,4,4,3596.00,1869.92,17
2026-06-15,M004,Denim Jeans,Apparel,9,10,14500.00,7975.00,40
2026-06-15,M004,Formal Shirt,Apparel,6,8,8800.00,4752.00,78
2026-06-15,M004,Saree,Ethnic Wear,3,3,6600.00,3828.00,41
2026-06-15,M004,Scarf,Accessories,6,8,2800.00,1288.00,52
2026-06-15,M004,T-Shirt,Apparel,9,11,5489.00,2744.50,73
2026-06-16,M001,Bluetooth Speaker,Electronics,7,9,19800.00,14058.00,26
2026-06-16,M001,Phone Case,Accessories,9,12,3000.00,1680.00,126
2026-06-16,M001,Power Bank,Electronics,5,5,7500.00,5250.00,23
2026-06-16,M001,Screen Guard,Accessories,10,15,2250.00,1170.00,432
2026-06-16,M001,Smart Watch,Electronics,6,6,15600.00,11232.00,77
2026-06-16,M001,USB-C Cable,Accessories,4,6,2100.00,1218.00,115
2026-06-16,M001,Wireless Earbuds,Electronics,15,19,34200.00,23940.00,22
2026-06-16,M002,Atta 5kg,Grocery,21,27,7020.00,5756.40,120
2026-06-16,M002,Biscuits Pack,Snacks,16,23,1380.00,1021.20,26
2026-06-16,M002,Cooking Oil 1L,Grocery,32,48,6960.00,5846.40,54
2026-06-16,M002,Detergent 1kg,Household,15,19,2280.00,1778.40,151
2026-06-16,M002,Milk Powder 500g,Grocery,2,2,580.00,464.00,61
2026-06-16,M002,Rice 5kg,Grocery,17,21,7140.00,5926.20,46
2026-06-16,M002,Sugar 1kg,Grocery,15,17,816.00,701.76,161
2026-06-16,M002,Tea Powder 500g,Beverages,5,7,1540.00,1155.00,153
2026-06-16,M003,Cold Coffee,Beverages,13,17,2040.00,775.20,48
2026-06-16,M003,Cookies,Snacks,13,18,754.01,388.80,254
2026-06-16,M003,Filter Coffee,Beverages,8,11,550.00,187.00,381
2026-06-16,M003,Masala Chai,Beverages,16,23,920.00,294.40,336
2026-06-16,M003,Samosa,Food,13,17,313.79,127.50,381
2026-06-16,M003,Veg Sandwich,Food,6,6,660.00,277.20,113
2026-06-16,M004,Cotton Kurta,Apparel,9,11,9889.00,5142.28,166
2026-06-16,M004,Denim Jeans,Apparel,5,6,8700.00,4785.00,34
2026-06-16,M004,Formal Shirt,Apparel,8,9,9900.00,5346.00,69
2026-06-16,M004,Saree,Ethnic Wear,6,6,13200.00,7656.00,35
2026-06-16,M004,Scarf,Accessories,4,6,2100.00,966.00,46
2026-06-16,M004,T-Shirt,Apparel,8,11,5489.00,2744.50,62
2026-06-17,M001,Bluetooth Speaker,Electronics,5,6,13200.00,9372.00,20
2026-06-17,M001,Phone Case,Accessories,11,14,3500.00,1960.00,112
2026-06-17,M001,Power Bank,Electronics,5,7,9356.80,7350.00,16
2026-06-17,M001,Screen Guard,Accessories,12,16,2400.00,1248.00,416
2026-06-17,M001,Smart Watch,Electronics,8,9,23400.00,16848.00,68
2026-06-17,M001,USB-C Cable,Accessories,3,4,1400.00,812.00,111
2026-06-17,M001,Wireless Earbuds,Electronics,17,21,37800.00,26460.00,1
2026-06-17,M002,Atta 5kg,Grocery,18,20,5200.00,4264.00,100
2026-06-17,M002,Biscuits Pack,Snacks,15,23,1380.00,1021.20,323
2026-06-17,M002,Cooking Oil 1L,Grocery,27,34,4930.00,4141.20,20
2026-06-17,M002,Detergent 1kg,Household,16,19,2105.56,1778.40,132
2026-06-17,M002,Milk Powder 500g,Grocery,7,11,3190.00,2552.00,50
2026-06-17,M002,Rice 5kg,Grocery,12,12,4080.00,3386.40,34
2026-06-17,M002,Sugar 1kg,Grocery,8,12,576.00,495.36,149
2026-06-17,M002,Tea Powder 500g,Beverages,9,12,2640.00,1980.00,141
2026-06-17,M003,Cold Coffee,Beverages,15,20,2400.00,912.00,288
2026-06-17,M003,Cookies,Snacks,5,8,480.00,172.80,246
2026-06-17,M003,Filter Coffee,Beverages,11,15,750.00,255.00,366
2026-06-17,M003,Masala Chai,Beverages,16,22,880.00,281.60,314
2026-06-17,M003,Samosa,Food,10,16,400.00,120.00,365
2026-06-17,M003,Veg Sandwich,Food,14,16,1610.82,739.20,97
2026-06-17,M004,Cotton Kurta,Apparel,6,7,6293.00,3272.36,159
2026-06-17,M004,Denim Jeans,Apparel,5,6,8700.00,4785.00,28
2026-06-17,M004,Formal Shirt,Apparel,4,4,4400.00,2376.00,65
2026-06-17,M004,Saree,Ethnic Wear,10,11,24200.00,14036.00,24
2026-06-17,M004,Scarf,Accessories,4,6,2100.00,966.00,40
2026-06-17,M004,T-Shirt,Apparel,7,8,3992.00,1996.00,54
2026-06-18,M001,Bluetooth Speaker,Electronics,8,11,24200.00,17182.00,9
2026-06-18,M001,Phone Case,Accessories,15,22,5500.00,3080.00,90
2026-06-18,M001,Power Bank,Electronics,10,11,16500.00,11550.00,105
2026-06-18,M001,Screen Guard,Accessories,3,3,450.00,234.00,413
2026-06-18,M001,Smart Watch,Electronics,16,19,49400.00,35568.00,49
2026-06-18,M001,USB-C Cable,Accessories,4,6,2100.00,1218.00,105
2026-06-18,M001,Wireless Earbuds,Electronics,1,1,1800.00,1260.00,0
2026-06-18,M002,Atta 5kg,Grocery,27,31,8060.00,6609.20,69
2026-06-18,M002,Biscuits Pack,Snacks,12,16,960.00,710.40,307
2026-06-18,M002,Cooking Oil 1L,Grocery,20,20,2900.00,2436.00,0
2026-06-18,M002,Detergent 1kg,Household,14,19,2280.00,1778.40,113
2026-06-18,M002,Milk Powder 500g,Grocery,7,8,2320.00,1856.00,42
2026-06-18,M002,Rice 5kg,Grocery,12,16,5440.00,4515.20,18
2026-06-18,M002,Sugar 1kg,Grocery,18,26,1248.00,1073.28,123
2026-06-18,M002,Tea Powder 500g,Beverages,15,21,4620.00,3465.00,120
2026-06-18,M003,Cold Coffee,Beverages,9,11,1320.00,501.60,277
2026-06-18,M003,Cookies,Snacks,4,6,360.00,129.60,240
2026-06-18,M003,Filter Coffee,Beverages,22,27,1350.00,459.00,339
2026-06-18,M003,Masala Chai,Beverages,18,27,1080.00,345.60,287
2026-06-18,M003,Samosa,Food,20,26,650.00,195.00,339
2026-06-18,M003,Veg Sandwich,Food,12,13,1430.00,600.60,84
2026-06-18,M004,Cotton Kurta,Apparel,6,8,7192.00,3739.84,151
2026-06-18,M004,Denim Jeans,Apparel,7,7,10150.00,5582.50,21
2026-06-18,M004,Formal Shirt,Apparel,8,10,11000.00,5940.00,55
2026-06-18,M004,Saree,Ethnic Wear,6,7,15400.00,8932.00,17
2026-06-18,M004,Scarf,Accessories,6,7,2450.00,1127.00,33
2026-06-18,M004,T-Shirt,Apparel,7,7,3493.00,1746.50,47
2026-06-19,M001,Bluetooth Speaker,Electronics,5,5,9492.11,7810.00,4
2026-06-19,M001,Phone Case,Accessories,13,17,4250.00,2380.00,73
2026-06-19,M001,Power Bank,Electronics,7,7,10500.00,7350.00,98
2026-06-19,M001,Screen Guard,Accessories,11,15,2250.00,1170.00,398
2026-06-19,M001,Smart Watch,Electronics,10,11,24828.19,20592.00,38
2026-06-19,M001,USB-C Cable,Accessories,9,11,3850.00,2233.00,94
2026-06-19,M001,Wireless Earbuds,Electronics,14,18,32400.00,22680.00,162
2026-06-19,M002,Atta 5kg,Grocery,33,40,10400.00,8528.00,29
2026-06-19,M002,Biscuits Pack,Snacks,20,27,1620.00,1198.80,280
2026-06-19,M002,Cooking Oil 1L,Grocery,22,27,3915.00,3288.60,173
2026-06-19,M002,Detergent 1kg,Household,13,16,1920.00,1497.60,97
2026-06-19,M002,Milk Powder 500g,Grocery,6,8,2320.00,1856.00,34
2026-06-19,M002,Rice 5kg,Grocery,22,28,9520.00,7901.60,180
2026-06-19,M002,Sugar 1kg,Grocery,10,12,576.00,495.36,111
2026-06-19,M002,Tea Powder 500g,Beverages,15,18,3960.00,2970.00,102
2026-06-19,M003,Cold Coffee,Beverages,10,12,1440.00,547.20,265
2026-06-19,M003,Cookies,Snacks,12,17,1020.00,367.20,223
2026-06-19,M003,Filter Coffee,Beverages,18,25,1250.00,425.00,314
2026-06-19,M003,Masala Chai,Beverages,26,38,1520.00,486.40,249
2026-06-19,M003,Samosa,Food,16,27,675.00,202.50,312
2026-06-19,M003,Veg Sandwich,Food,9,9,990.00,415.80,75
2026-06-19,M004,Cotton Kurta,Apparel,14,17,15283.00,7947.16,134
2026-06-19,M004,Denim Jeans,Apparel,6,6,8700.00,4785.00,15
2026-06-19,M004,Formal Shirt,Apparel,12,17,18700.00,10098.00,38
2026-06-19,M004,Saree,Ethnic Wear,8,10,20373.82,12760.00,7
2026-06-19,M004,Scarf,Accessories,2,3,1050.00,483.00,200
2026-06-19,M004,T-Shirt,Apparel,10,13,6136.74,3243.50,34
2026-06-20,M001,Bluetooth Speaker,Electronics,9,10,22000.00,15620.00,74
2026-06-20,M001,Phone Case,Accessories,14,19,4750.00,2660.00,54
2026-06-20,M001,Power Bank,Electronics,23,25,37500.00,26250.00,73
2026-06-20,M001,Screen Guard,Accessories,13,20,3000.00,1560.00,378
2026-06-20,M001,Smart Watch,Electronics,14,16,41600.00,29952.00,22
2026-06-20,M001,USB-C Cable,Accessories,14,19,6650.00,3857.00,75
2026-06-20,M001,Wireless Earbuds,Electronics,20,26,46800.00,32760.00,136
2026-06-20,M002,Atta 5kg,Grocery,24,29,7540.00,6182.80,0
2026-06-20,M002,Biscuits Pack,Snacks,26,38,2280.00,1687.20,242
2026-06-20,M002,Cooking Oil 1L,Grocery,31,37,5063.23,4506.60,136
2026-06-20,M002,Detergent 1kg,Household,11,12,1440.00,1123.20,85
2026-06-20,M002,Milk Powder 500g,Grocery,4,5,1346.42,1160.00,29
2026-06-20,M002,Rice 5kg,Grocery,27,33,11220.00,9312.60,147
2026-06-20,M002,Sugar 1kg,Grocery,18,25,1200.00,1032.00,86
2026-06-20,M002,Tea Powder 500g,Beverages,17,24,5280.00,3960.00,78
2026-06-20,M003,Cold Coffee,Beverages,14,15,1800.00,684.00,250
2026-06-20,M003,Cookies,Snacks,10,12,720.00,259.20,211
2026-06-20,M003,Filter Coffee,Beverages,24,33,1650.00,561.00,281
2026-06-20,M003,Masala Chai,Beverages,29,41,1640.00,524.80,208
2026-06-20,M003,Samosa,Food,23,34,850.00,255.00,278
2026-06-20,M003,Veg Sandwich,Food,15,17,1870.00,785.40,58
2026-06-20,M004,Cotton Kurta,Apparel,16,18,16182.00,8414.64,116
2026-06-20,M004,Denim Jeans,Apparel,8,10,14500.00,7975.00,125
2026-06-20,M004,Formal Shirt,Apparel,9,10,11000.00,5940.00,28
2026-06-20,M004,Saree,Ethnic Wear,13,14,30800.00,17864.00,93
2026-06-20,M004,Scarf,Accessories,6,8,2800.00,1288.00,192
2026-06-20,M004,T-Shirt,Apparel,15,18,8982.00,4491.00,236
2026-06-21,M001,Bluetooth Speaker,Electronics,9,10,22000.00,15620.00,64
2026-06-21,M001,Phone Case,Accessories,15,21,5250.00,2940.00,373
2026-06-21,M001,Power Bank,Electronics,9,10,15000.00,10500.00,63
2026-06-21,M001,Screen Guard,Accessories,13,16,2400.00,1248.00,362
2026-06-21,M001,Smart Watch,Electronics,11,13,33800.00,24336.00,9
2026-06-21,M001,USB-C Cable,Accessories,4,7,2450.00,1421.00,68
2026-06-21,M001,Wireless Earbuds,Electronics,17,20,36000.00,25200.00,116
2026-06-21,M002,Biscuits Pack,Snacks,16,22,1320.00,976.80,220
2026-06-21,M002,Cooking Oil 1L,Grocery,24,31,4495.00,3775.80,105
2026-06-21,M002,Detergent 1kg,Household,15,17,2040.00,1591.20,68
2026-06-21,M002,Milk Powder 500g,Grocery,7,8,2320.00,1856.00,21
2026-06-21,M002,Rice 5kg,Grocery,16,19,6460.00,5361.80,128
2026-06-21,M002,Sugar 1kg,Grocery,19,27,1296.00,1114.56,59
2026-06-21,M002,Tea Powder 500g,Beverages,6,6,1320.00,990.00,72
2026-06-21,M003,Cold Coffee,Beverages,11,15,1800.00,684.00,235
2026-06-21,M003,Cookies,Snacks,6,7,420.00,151.20,204
2026-06-21,M003,Filter Coffee,Beverages,27,38,1900.00,646.00,243
2026-06-21,M003,Masala Chai,Beverages,33,52,2080.00,665.60,156
2026-06-21,M003,Samosa,Food,26,41,1025.00,307.50,237
2026-06-21,M003,Veg Sandwich,Food,20,23,2530.00,1062.60,35
2026-06-21,M004,Cotton Kurta,Apparel,15,20,17980.00,9349.60,96
2026-06-21,M004,Denim Jeans,Apparel,9,9,13050.00,7177.50,116
2026-06-21,M004,Formal Shirt,Apparel,4,4,4400.00,2376.00,24
2026-06-21,M004,Saree,Ethnic Wear,7,9,19800.00,11484.00,84
2026-06-21,M004,Scarf,Accessories,5,6,2100.00,966.00,186
2026-06-21,M004,T-Shirt,Apparel,21,26,12974.00,6487.00,210
2026-06-22,M001,Bluetooth Speaker,Electronics,6,7,15400.00,10934.00,57
2026-06-22,M001,Phone Case,Accessories,7,8,2000.00,1120.00,365
2026-06-22,M001,Power Bank,Electronics,3,3,4500.00,3150.00,60
2026-06-22,M001,Screen Guard,Accessories,9,11,1650.00,858.00,351
2026-06-22,M001,Smart Watch,Electronics,8,9,23400.00,16848.00,0
2026-06-22,M001,USB-C Cable,Accessories,15,21,7350.00,4263.00,47
2026-06-22,M001,Wireless Earbuds,Electronics,10,11,17550.38,13860.00,105
2026-06-22,M002,Atta 5kg,Grocery,17,22,5720.00,4690.40,218
2026-06-22,M002,Biscuits Pack,Snacks,24,36,2160.00,1598.40,184
2026-06-22,M002,Cooking Oil 1L,Grocery,14,16,2320.00,1948.80,89
2026-06-22,M002,Detergent 1kg,Household,16,19,2280.00,1778.40,49
2026-06-22,M002,Milk Powder 500g,Grocery,6,7,1867.25,1624.00,144
2026-06-22,M002,Rice 5kg,Grocery,14,16,5440.00,4515.20,112
2026-06-22,M002,Sugar 1kg,Grocery,21,31,1488.00,1279.68,28
2026-06-22,M002,Tea Powder 500g,Beverages,15,18,3960.00,2970.00,54
2026-06-22,M003,Cold Coffee,Beverages,13,18,1903.22,820.80,217
2026-06-22,M003,Cookies,Snacks,13,16,960.00,345.60,188
2026-06-22,M003,Filter Coffee,Beverages,12,16,800.00,272.00,227
2026-06-22,M003,Masala Chai,Beverages,28,43,1720.00,550.40,113
2026-06-22,M003,Samosa,Food,28,42,826.20,315.00,195
2026-06-22,M003,Veg Sandwich,Food,20,22,2420.00,1016.40,13
2026-06-22,M004,Cotton Kurta,Apparel,3,4,2767.78,1869.92,92
2026-06-22,M004,Denim Jeans,Apparel,7,9,13050.00,7177.50,107
2026-06-22,M004,Formal Shirt,Apparel,8,9,9900.00,5346.00,15
2026-06-22,M004,Saree,Ethnic Wear,5,6,13200.00,7656.00,78
2026-06-22,M004,Scarf,Accessories,8,10,3500.00,1610.00,176
2026-06-22,M004,T-Shirt,Apparel,10,12,5988.00,2994.00,198
2026-06-23,M001,Bluetooth Speaker,Electronics,7,8,17600.00,12496.00,49
2026-06-23,M001,Phone Case,Accessories,11,14,3500.00,1960.00,351
2026-06-23,M001,Power Bank,Electronics,9,10,15000.00,10500.00,50
2026-06-23,M001,Screen Guard,Accessories,8,11,1650.00,858.00,340
2026-06-23,M001,Smart Watch,Electronics,13,14,36400.00,26208.00,96
2026-06-23,M001,Wireless Earbuds,Electronics,14,18,32400.00,22680.00,87
2026-06-23,M002,Atta 5kg,Grocery,25,32,8320.00,6822.40,186
2026-06-23,M002,Biscuits Pack,Snacks,12,16,960.00,710.40,168
2026-06-23,M002,Cooking Oil 1L,Grocery,22,29,4205.00,3532.20,60
2026-06-23,M002,Detergent 1kg,Household,8,8,960.00,748.80,41
2026-06-23,M002,Milk Powder 500g,Grocery,1,1,290.00,232.00,143
2026-06-23,M002,Rice 5kg,Grocery,13,14,4760.00,3950.80,98
2026-06-23,M002,Sugar 1kg,Grocery,7,8,362.29,330.24,20
2026-06-23,M002,Tea Powder 500g,Beverages,17,22,4840.00,3630.00,32
2026-06-23,M003,Cold Coffee,Beverages,11,13,1249.84,592.80,204
2026-06-23,M003,Cookies,Snacks,1,2,120.00,43.20,186
2026-06-23,M003,Filter Coffee,Beverages,12,15,750.00,255.00,212
2026-06-23,M003,Masala Chai,Beverages,21,35,1324.15,448.00,78
2026-06-23,M003,Samosa,Food,5,8,200.00,60.00,187
2026-06-23,M003,Veg Sandwich,Food,17,22,2420.00,1016.40,201
2026-06-23,M004,Cotton Kurta,Apparel,8,9,8091.00,4207.32,83
2026-06-23,M004,Denim Jeans,Apparel,9,10,14500.00,7975.00,97
2026-06-23,M004,Formal Shirt,Apparel,5,6,5827.37,3564.00,139
2026-06-23,M004,Saree,Ethnic Wear,7,8,17600.00,10208.00,70
2026-06-23,M004,Scarf,Accessories,3,5,1750.00,805.00,171
2026-06-23,M004,T-Shirt,Apparel,13,17,8483.00,4241.50,181
2026-06-24,M001,Bluetooth Speaker,Electronics,5,5,11000.00,7810.00,44
2026-06-24,M001,Phone Case,Accessories,5,8,1822.16,1120.00,343
2026-06-24,M001,Power Bank,Electronics,4,4,6000.00,4200.00,46
2026-06-24,M001,Screen Guard,Accessories,8,9,1350.00,702.00,331
2026-06-24,M001,Smart Watch,Electronics,17,19,49400.00,35568.00,77
2026-06-24,M001,USB-C Cable,Accessories,6,7,2450.00,1421.00,320
2026-06-24,M001,Wireless Earbuds,Electronics,18,23,41400.00,28980.00,64
2026-06-24,M002,Atta 5kg,Grocery,23,28,7280.00,5969.60,158
2026-06-24,M002,Biscuits Pack,Snacks,16,20,1200.00,888.00,148
2026-06-24,M002,Cooking Oil 1L,Grocery,17,23,3080.10,2801.40,37
2026-06-24,M002,Detergent 1kg,Household,9,12,1440.00,1123.20,29
2026-06-24,M002,Milk Powder 500g,Grocery,8,10,2900.00,2320.00,133
2026-06-24,M002,Rice 5kg,Grocery,18,26,8840.00,7337.20,72
2026-06-24,M002,Sugar 1kg,Grocery,11,14,672.00,577.92,266
2026-06-24,M002,Tea Powder 500g,Beverages,5,7,1540.00,1155.00,25
2026-06-24,M003,Cold Coffee,Beverages,13,16,1920.00,729.60,188
2026-06-24,M003,Cookies,Snacks,9,12,720.00,259.20,174
2026-06-24,M003,Filter Coffee,Beverages,13,18,900.00,306.00,194
2026-06-24,M003,Masala Chai,Beverages,27,38,1520.00,486.40,40
2026-06-24,M003,Samosa,Food,21,34,850.00,255.00,153
2026-06-24,M003,Veg Sandwich,Food,8,9,933.79,415.80,192
2026-06-24,M004,Cotton Kurta,Apparel,7,8,7192.00,3739.84,75
2026-06-24,M004,Denim Jeans,Apparel,4,6,8700.00,4785.00,91
2026-06-24,M004,Formal Shirt,Apparel,12,13,14300.00,7722.00,126
2026-06-24,M004,Saree,Ethnic Wear,7,7,15400.00,8932.00,63
2026-06-24,M004,Scarf,Accessories,3,4,1306.87,644.00,167
2026-06-24,M004,T-Shirt,Apparel,7,10,4990.00,2495.00,171
2026-06-25,M001,Bluetooth Speaker,Electronics,5,5,11000.00,7810.00,39
2026-06-25,M001,Phone Case,Accessories,6,8,2000.00,1120.00,335
2026-06-25,M001,Power Bank,Electronics,11,14,21000.00,14700.00,32
2026-06-25,M001,Screen Guard,Accessories,5,9,1350.00,702.00,322
2026-06-25,M001,Smart Watch,Electronics,4,4,10400.00,7488.00,73
2026-06-25,M001,USB-C Cable,Accessories,7,11,3850.00,2233.00,309
2026-06-25,M001,Wireless Earbuds,Electronics,9,9,16200.00,11340.00,55
2026-06-25,M002,Atta 5kg,Grocery,26,32,8320.00,6822.40,126
2026-06-25,M002,Biscuits Pack,Snacks,17,25,1500.00,1110.00,123
2026-06-25,M002,Cooking Oil 1L,Grocery,20,23,3335.00,2801.40,14
2026-06-25,M002,Detergent 1kg,Household,14,16,1920.00,1497.60,243
2026-06-25,M002,Milk Powder 500g,Grocery,8,11,3190.00,2552.00,122
2026-06-25,M002,Rice 5kg,Grocery,13,17,5780.00,4797.40,55
2026-06-25,M002,Sugar 1kg,Grocery,13,18,864.00,743.04,248
2026-06-25,M002,Tea Powder 500g,Beverages,8,9,1980.00,1485.00,16
2026-06-25,M003,Cold Coffee,Beverages,10,12,1440.00,547.20,176
2026-06-25,M003,Cookies,Snacks,5,5,300.00,108.00,169
2026-06-25,M003,Filter Coffee,Beverages,18,23,1150.00,391.00,171
2026-06-25,M003,Masala Chai,Beverages,28,43,1720.00,550.40,417
2026-06-25,M003,Samosa,Food,11,15,375.00,112.50,138
2026-06-25,M003,Veg Sandwich,Food,10,11,1210.00,508.20,181
2026-06-25,M004,Cotton Kurta,Apparel,16,17,15283.00,7947.16,58
2026-06-25,M004,Denim Jeans,Apparel,12,14,20300.00,11165.00,77
2026-06-25,M004,Formal Shirt,Apparel,3,4,4400.00,2376.00,122
2026-06-25,M004,Saree,Ethnic Wear,9,11,24200.00,14036.00,52
2026-06-25,M004,Scarf,Accessories,4,6,2100.00,966.00,161
2026-06-25,M004,T-Shirt,Apparel,7,7,3493.00,1746.50,164
2026-06-26,M001,Bluetooth Speaker,Electronics,14,16,35200.00,24992.00,23
2026-06-26,M001,Phone Case,Accessories,9,10,2500.00,1400.00,325
2026-06-26,M001,Power Bank,Electronics,4,5,7500.00,5250.00,27
2026-06-26,M001,Screen Guard,Accessories,13,14,2100.00,1092.00,308
2026-06-26,M001,Smart Watch,Electronics,11,12,31200.00,22464.00,61
2026-06-26,M001,USB-C Cable,Accessories,5,6,2100.00,1218.00,303
2026-06-26,M001,Wireless Earbuds,Electronics,19,21,37800.00,26460.00,34
2026-06-26,M002,Atta 5kg,Grocery,27,30,7800.00,6396.00,96
2026-06-26,M002,Biscuits Pack,Snacks,26,37,2220.00,1642.80,86
2026-06-26,M002,Cooking Oil 1L,Grocery,39,55,7975.00,6699.00,159
2026-06-26,M002,Detergent 1kg,Household,9,11,1320.00,1029.60,232
2026-06-26,M002,Milk Powder 500g,Grocery,1,1,290.00,232.00,121
2026-06-26,M002,Rice 5kg,Grocery,21,27,9180.00,7619.40,28
2026-06-26,M002,Sugar 1kg,Grocery,17,22,1056.00,908.16,226
2026-06-26,M002,Tea Powder 500g,Beverages,9,10,2037.34,1650.00,176
2026-06-26,M003,Cold Coffee,Beverages,6,10,1200.00,456.00,166
2026-06-26,M003,Cookies,Snacks,8,11,660.00,237.60,158
2026-06-26,M003,Filter Coffee,Beverages,30,40,2000.00,680.00,131
2026-06-26,M003,Masala Chai,Beverages,20,29,1160.00,371.20,388
2026-06-26,M003,Samosa,Food,17,27,675.00,202.50,111
2026-06-26,M003,Veg Sandwich,Food,13,17,1870.00,785.40,164
2026-06-26,M004,Cotton Kurta,Apparel,16,20,17980.00,9349.60,38
2026-06-26,M004,Denim Jeans,Apparel,5,7,10150.00,5582.50,70
2026-06-26,M004,Formal Shirt,Apparel,8,9,9900.00,5346.00,113
2026-06-26,M004,Saree,Ethnic Wear,10,10,22000.00,12760.00,42
2026-06-26,M004,Scarf,Accessories,7,10,3500.00,1610.00,151
2026-06-26,M004,T-Shirt,Apparel,7,9,4491.00,2245.50,155
2026-06-27,M001,Bluetooth Speaker,Electronics,4,4,8800.00,6248.00,19
2026-06-27,M001,Phone Case,Accessories,16,20,5000.00,2800.00,305
2026-06-27,M001,Power Bank,Electronics,8,9,13500.00,9450.00,18
2026-06-27,M001,Screen Guard,Accessories,17,24,3600.00,1872.00,284
2026-06-27,M001,Smart Watch,Electronics,18,19,49400.00,35568.00,42
2026-06-27,M001,USB-C Cable,Accessories,14,21,7350.00,4263.00,282
2026-06-27,M001,Wireless Earbuds,Electronics,15,18,32400.00,22680.00,16
2026-06-27,M002,Atta 5kg,Grocery,31,41,10660.00,8741.20,55
2026-06-27,M002,Biscuits Pack,Snacks,20,29,1740.00,1287.60,57
2026-06-27,M002,Cooking Oil 1L,Grocery,32,41,5945.00,4993.80,118
2026-06-27,M002,Detergent 1kg,Household,27,31,3720.00,2901.60,201
2026-06-27,M002,Milk Powder 500g,Grocery,5,6,1740.00,1392.00,115
2026-06-27,M002,Rice 5kg,Grocery,14,17,5780.00,4797.40,11
2026-06-27,M002,Sugar 1kg,Grocery,18,26,1248.00,1073.28,200
2026-06-27,M002,Tea Powder 500g,Beverages,14,17,3740.00,2805.00,159
2026-06-27,M003,Cold Coffee,Beverages,16,20,2400.00,912.00,146
2026-06-27,M003,Cookies,Snacks,6,8,480.00,172.80,150
2026-06-27,M003,Filter Coffee,Beverages,11,18,900.00,306.00,113
2026-06-27,M003,Masala Chai,Beverages,30,43,1720.00,550.40,345
2026-06-27,M003,Samosa,Food,12,18,450.00,135.00,93
2026-06-27,M003,Veg Sandwich,Food,16,19,2090.00,877.80,145
2026-06-27,M004,Cotton Kurta,Apparel,15,18,16182.00,8414.64,20
2026-06-27,M004,Denim Jeans,Apparel,14,17,24650.00,13557.50,53
2026-06-27,M004,Formal Shirt,Apparel,7,9,9900.00,5346.00,104
2026-06-27,M004,Saree,Ethnic Wear,8,9,19800.00,11484.00,33
2026-06-27,M004,Scarf,Accessories,7,8,2800.00,1288.00,143
2026-06-27,M004,T-Shirt,Apparel,14,19,9481.00,4740.50,136
2026-06-28,M001,Bluetooth Speaker,Electronics,9,9,19800.00,14058.00,10
2026-06-28,M001,Phone Case,Accessories,12,16,4000.00,2240.00,289
2026-06-28,M001,Power Bank,Electronics,6,7,10500.00,7350.00,11
2026-06-28,M001,Screen Guard,Accessories,5,7,1050.00,546.00,277
2026-06-28,M001,Smart Watch,Electronics,9,9,23400.00,16848.00,33
2026-06-28,M001,USB-C Cable,Accessories,12,18,6300.00,3654.00,264
2026-06-28,M001,Wireless Earbuds,Electronics,8,10,18000.00,12600.00,6
2026-06-28,M002,Atta 5kg,Grocery,16,21,5460.00,4477.20,34
2026-06-28,M002,Biscuits Pack,Snacks,6,9,540.00,399.60,48
2026-06-28,M002,Cooking Oil 1L,Grocery,27,36,5220.00,4384.80,82
2026-06-28,M002,Detergent 1kg,Household,15,20,2400.00,1872.00,181
2026-06-28,M002,Milk Powder 500g,Grocery,4,4,1160.00,928.00,111
2026-06-28,M002,Rice 5kg,Grocery,11,11,3740.00,3104.20,0
2026-06-28,M002,Sugar 1kg,Grocery,21,26,1248.00,1073.28,174
2026-06-28,M002,Tea Powder 500g,Beverages,12,14,3080.00,2310.00,145
2026-06-28,M003,Cold Coffee,Beverages,12,13,1560.00,592.80,133
2026-06-28,M003,Cookies,Snacks,10,12,720.00,259.20,138
2026-06-28,M003,Filter Coffee,Beverages,20,33,1650.00,561.00,80
2026-06-28,M003,Masala Chai,Beverages,35,51,2040.00,652.80,294
2026-06-28,M003,Samosa,Food,19,32,800.00,240.00,61
2026-06-28,M003,Veg Sandwich,Food,22,25,2750.00,1155.00,120
2026-06-28,M004,Cotton Kurta,Apparel,19,19,17081.00,8882.12,1
2026-06-28,M004,Denim Jeans,Apparel,15,19,27550.00,15152.50,34
2026-06-28,M004,Formal Shirt,Apparel,11,12,13200.00,7128.00,92
2026-06-28,M004,Saree,Ethnic Wear,12,14,30800.00,17864.00,19
2026-06-28,M004,Scarf,Accessories,4,4,1400.00,644.00,139
2026-06-28,M004,T-Shirt,Apparel,17,21,10479.00,5239.50,115
2026-06-29,M001,Bluetooth Speaker,Electronics,6,6,13200.00,9372.00,4
2026-06-29,M001,Phone Case,Accessories,12,19,4416.36,2660.00,270
2026-06-29,M001,Power Bank,Electronics,8,8,12000.00,8400.00,103
2026-06-29,M001,Screen Guard,Accessories,4,5,750.00,390.00,272
2026-06-29,M001,Smart Watch,Electronics,2,3,7800.00,5616.00,30
2026-06-29,M001,USB-C Cable,Accessories,6,8,2800.00,1624.00,256
2026-06-29,M001,Wireless Earbuds,Electronics,10,11,19800.00,13860.00,175
2026-06-29,M002,Atta 5kg,Grocery,31,34,8840.00,7248.80,0
2026-06-29,M002,Biscuits Pack,Snacks,24,37,2220.00,1642.80,331
2026-06-29,M002,Cooking Oil 1L,Grocery,12,14,2030.00,1705.20,68
2026-06-29,M002,Detergent 1kg,Household,25,33,3960.00,3088.80,148
2026-06-29,M002,Milk Powder 500g,Grocery,5,6,1740.00,1392.00,105
2026-06-29,M002,Rice 5kg,Grocery,23,27,9180.00,7619.40,163
2026-06-29,M002,Sugar 1kg,Grocery,22,33,1584.00,1362.24,141
2026-06-29,M002,Tea Powder 500g,Beverages,9,11,2420.00,1815.00,134
2026-06-29,M003,Cold Coffee,Beverages,13,16,1920.00,729.60,117
2026-06-29,M003,Cookies,Snacks,3,4,240.00,86.40,134
2026-06-29,M003,Filter Coffee,Beverages,14,19,950.00,323.00,61
2026-06-29,M003,Masala Chai,Beverages,20,30,1200.00,384.00,264
2026-06-29,M003,Samosa,Food,16,27,675.00,202.50,434
2026-06-29,M003,Veg Sandwich,Food,14,16,1760.00,739.20,104
2026-06-29,M004,Cotton Kurta,Apparel,8,10,8990.00,4674.80,151
2026-06-29,M004,Denim Jeans,Apparel,8,9,13050.00,7177.50,25
2026-06-29,M004,Formal Shirt,Apparel,7,8,8800.00,4752.00,84
2026-06-29,M004,Saree,Ethnic Wear,7,7,15400.00,8932.00,12
2026-06-29,M004,Scarf,Accessories,3,4,1400.00,644.00,135
2026-06-29,M004,T-Shirt,Apparel,12,14,6986.00,3493.00,101
2026-06-30,M001,Bluetooth Speaker,Electronics,5,6,13200.00,9372.00,78
2026-06-30,M001,Phone Case,Accessories,11,15,3750.00,2100.00,255
2026-06-30,M001,Power Bank,Electronics,4,4,6000.00,4200.00,99
2026-06-30,M001,Screen Guard,Accessories,8,10,1500.00,780.00,262
2026-06-30,M001,Smart Watch,Electronics,14,19,49400.00,35568.00,11
2026-06-30,M001,USB-C Cable,Accessories,6,7,2450.00,1421.00,249
2026-06-30,M001,Wireless Earbuds,Electronics,11,11,19800.00,13860.00,164
2026-06-30,M002,Atta 5kg,Grocery,13,19,4940.00,4050.80,221
2026-06-30,M002,Biscuits Pack,Snacks,23,36,2160.00,1598.40,295
2026-06-30,M002,Cooking Oil 1L,Grocery,20,24,3480.00,2923.20,44
2026-06-30,M002,Detergent 1kg,Household,19,22,2640.00,2059.20,126
2026-06-30,M002,Milk Powder 500g,Grocery,6,8,2320.00,1856.00,97
2026-06-30,M002,Rice 5kg,Grocery,7,10,3400.00,2822.00,153
2026-06-30,M002,Sugar 1kg,Grocery,12,12,576.00,495.36,129
2026-06-30,M002,Tea Powder 500g,Beverages,9,12,2640.00,1980.00,122
2026-06-30,M003,Cold Coffee,Beverages,10,10,1200.00,456.00,107
2026-06-30,M003,Cookies,Snacks,3,4,240.00,86.40,130
2026-06-30,M003,Filter Coffee,Beverages,8,12,600.00,204.00,49
2026-06-30,M003,Masala Chai,Beverages,18,29,1160.00,371.20,235
2026-06-30,M003,Samosa,Food,15,25,625.00,187.50,409
2026-06-30,M003,Veg Sandwich,Food,9,9,990.00,415.80,95
2026-06-30,M004,Cotton Kurta,Apparel,7,11,9889.00,5142.28,140
2026-06-30,M004,Denim Jeans,Apparel,3,3,3753.54,2392.50,22
2026-06-30,M004,Formal Shirt,Apparel,8,8,8309.97,4752.00,76
2026-06-30,M004,Saree,Ethnic Wear,3,3,6600.00,3828.00,9
2026-06-30,M004,Scarf,Accessories,3,4,1400.00,644.00,131
2026-06-30,M004,T-Shirt,Apparel,7,9,4491.00,2245.50,92
2026-07-01,M001,Bluetooth Speaker,Electronics,5,6,13200.00,9372.00,72
2026-07-01,M001,Phone Case,Accessories,16,18,4005.87,2520.00,237
2026-07-01,M001,Power Bank,Electronics,8,9,13500.00,9450.00,90
2026-07-01,M001,Screen Guard,Accessories,6,7,1050.00,546.00,255
2026-07-01,M001,Smart Watch,Electronics,8,10,26000.00,18720.00,1
2026-07-01,M001,USB-C Cable,Accessories,12,14,3961.78,2842.00,235
2026-07-01,M001,Wireless Earbuds,Electronics,15,17,30600.00,21420.00,147
2026-07-01,M002,Atta 5kg,Grocery,28,32,7627.27,6822.40,189
2026-07-01,M002,Biscuits Pack,Snacks,25,35,2100.00,1554.00,260
2026-07-01,M002,Cooking Oil 1L,Grocery,39,44,6380.00,5359.20,0
2026-07-01,M002,Detergent 1kg,Household,14,18,2160.00,1684.80,108
2026-07-01,M002,Milk Powder 500g,Grocery,5,6,1740.00,1392.00,91
2026-07-01,M002,Rice 5kg,Grocery,23,28,9520.00,7901.60,125
2026-07-01,M002,Sugar 1kg,Grocery,12,16,768.00,660.48,113
2026-07-01,M002,Tea Powder 500g,Beverages,11,14,3080.00,2310.00,108
2026-07-01,M003,Cold Coffee,Beverages,8,9,1080.00,410.40,98
2026-07-01,M003,Cookies,Snacks,4,5,258.64,108.00,125
2026-07-01,M003,Filter Coffee,Beverages,6,9,450.00,153.00,380
2026-07-01,M003,Masala Chai,Beverages,32,48,1920.00,614.40,187
2026-07-01,M003,Samosa,Food,25,41,1025.00,307.50,368
2026-07-01,M003,Veg Sandwich,Food,7,8,880.00,369.60,87
2026-07-01,M004,Cotton Kurta,Apparel,4,4,3596.00,1869.92,136
2026-07-01,M004,Denim Jeans,Apparel,7,7,10150.00,5582.50,15
2026-07-01,M004,Formal Shirt,Apparel,8,9,9900.00,5346.00,67
2026-07-01,M004,Saree,Ethnic Wear,5,5,11000.00,6380.00,104
2026-07-01,M004,Scarf,Accessories,5,7,2450.00,1127.00,124
2026-07-01,M004,T-Shirt,Apparel,13,17,8483.00,4241.50,75
2026-07-02,M001,Bluetooth Speaker,Electronics,6,6,13200.00,9372.00,66
2026-07-02,M001,Phone Case,Accessories,9,12,3000.00,1680.00,225
2026-07-02,M001,Power Bank,Electronics,6,9,13500.00,9450.00,81
2026-07-02,M001,Screen Guard,Accessories,11,15,2250.00,1170.00,240
2026-07-02,M001,Smart Watch,Electronics,1,1,2600.00,1872.00,0
2026-07-02,M001,USB-C Cable,Accessories,6,6,2100.00,1218.00,229
2026-07-02,M001,Wireless Earbuds,Electronics,14,18,32400.00,22680.00,129
2026-07-02,M002,Atta 5kg,Grocery,33,38,9880.00,8101.60,151
2026-07-02,M002,Biscuits Pack,Snacks,25,36,2160.00,1598.40,224
2026-07-02,M002,Cooking Oil 1L,Grocery,38,49,7105.00,5968.20,151
2026-07-02,M002,Detergent 1kg,Household,11,14,1680.00,1310.40,94
2026-07-02,M002,Milk Powder 500g,Grocery,5,6,1740.00,1392.00,85
2026-07-02,M002,Rice 5kg,Grocery,30,36,12240.00,10159.20,89
2026-07-02,M002,Sugar 1kg,Grocery,11,14,672.00,577.92,99
2026-07-02,M002,Tea Powder 500g,Beverages,11,13,2860.00,2145.00,95
2026-07-02,M003,Cold Coffee,Beverages,9,9,1080.00,410.40,89
2026-07-02,M003,Cookies,Snacks,6,8,480.00,172.80,117
2026-07-02,M003,Filter Coffee,Beverages,14,17,850.00,289.00,363
2026-07-02,M003,Masala Chai,Beverages,19,27,1080.00,345.60,160
2026-07-02,M003,Samosa,Food,18,31,775.00,232.50,337
2026-07-02,M003,Veg Sandwich,Food,9,11,1210.00,508.20,76
2026-07-02,M004,Cotton Kurta,Apparel,8,10,8990.00,4674.80,126
2026-07-02,M004,Denim Jeans,Apparel,10,11,15950.00,8772.50,124
2026-07-02,M004,Formal Shirt,Apparel,4,5,5500.00,2970.00,62
2026-07-02,M004,Saree,Ethnic Wear,8,8,17600.00,10208.00,96
2026-07-02,M004,Scarf,Accessories,5,6,2100.00,966.00,118
2026-07-02,M004,T-Shirt,Apparel,19,21,10479.00,5239.50,54
2026-07-03,M001,Bluetooth Speaker,Electronics,8,9,19800.00,14058.00,57
2026-07-03,M001,Phone Case,Accessories,30,40,10000.00,5600.00,185
2026-07-03,M001,Power Bank,Electronics,13,13,19500.00,13650.00,68
2026-07-03,M001,Screen Guard,Accessories,13,18,2700.00,1404.00,222
2026-07-03,M001,Smart Watch,Electronics,19,19,49400.00,35568.00,91
2026-07-03,M001,USB-C Cable,Accessories,9,11,3396.45,2233.00,218
2026-07-03,M001,Wireless Earbuds,Electronics,19,24,43200.00,30240.00,105
2026-07-03,M002,Atta 5kg,Grocery,35,45,11700.00,9594.00,106
2026-07-03,M002,Biscuits Pack,Snacks,36,55,3300.00,2442.00,169
2026-07-03,M002,Cooking Oil 1L,Grocery,34,45,6525.00,5481.00,106
2026-07-03,M002,Detergent 1kg,Household,19,25,3000.00,2340.00,69
2026-07-03,M002,Milk Powder 500g,Grocery,16,19,5510.00,4408.00,66
2026-07-03,M002,Rice 5kg,Grocery,26,30,10200.00,8466.00,59
2026-07-03,M002,Sugar 1kg,Grocery,24,30,1440.00,1238.40,69
2026-07-03,M002,Tea Powder 500g,Beverages,23,30,6600.00,4950.00,65
2026-07-03,M003,Cold Coffee,Beverages,8,10,1200.00,456.00,79
2026-07-03,M003,Cookies,Snacks,3,4,240.00,86.40,113
2026-07-03,M003,Filter Coffee,Beverages,22,29,1450.00,493.00,334
2026-07-03,M003,Masala Chai,Beverages,25,35,1400.00,448.00,125
2026-07-03,M003,Samosa,Food,16,21,525.00,157.50,316
2026-07-03,M003,Veg Sandwich,Food,17,22,2420.00,1016.40,54
2026-07-03,M004,Cotton Kurta,Apparel,19,22,19778.00,10284.56,104
2026-07-03,M004,Denim Jeans,Apparel,15,17,24650.00,13557.50,107
2026-07-03,M004,Formal Shirt,Apparel,8,9,9900.00,5346.00,53
2026-07-03,M004,Saree,Ethnic Wear,13,15,33000.00,19140.00,81
2026-07-03,M004,Scarf,Accessories,11,13,4550.00,2093.00,105
2026-07-03,M004,T-Shirt,Apparel,30,39,19461.00,9730.50,15
2026-07-04,M001,Bluetooth Speaker,Electronics,6,7,14045.94,10934.00,50
2026-07-04,M001,Phone Case,Accessories,25,34,8500.00,4760.00,151
2026-07-04,M001,Power Bank,Electronics,9,10,15000.00,10500.00,58
2026-07-04,M001,Screen Guard,Accessories,11,17,2550.00,1326.00,205
2026-07-04,M001,Smart Watch,Electronics,18,19,49400.00,35568.00,72
2026-07-04,M001,USB-C Cable,Accessories,6,8,2800.00,1624.00,210
2026-07-04,M001,Wireless Earbuds,Electronics,11,11,19800.00,13860.00,94
2026-07-04,M002,Atta 5kg,Grocery,46,55,14300.00,11726.00,51
2026-07-04,M002,Biscuits Pack,Snacks,39,62,3331.90,2752.80,107
2026-07-04,M002,Cooking Oil 1L,Grocery,34,46,6670.00,5602.80,60
2026-07-04,M002,Detergent 1kg,Household,15,20,2400.00,1872.00,49
2026-07-04,M002,Milk Powder 500g,Grocery,6,7,2030.00,1624.00,59
2026-07-04,M002,Rice 5kg,Grocery,35,45,15300.00,12699.00,14
2026-07-04,M002,Sugar 1kg,Grocery,13,17,816.00,701.76,52
2026-07-04,M002,Tea Powder 500g,Beverages,16,22,4840.00,3630.00,43
2026-07-04,M003,Cold Coffee,Beverages,20,29,3480.00,1322.40,50
2026-07-04,M003,Cookies,Snacks,14,15,900.00,324.00,98
2026-07-04,M003,Filter Coffee,Beverages,21,34,1700.00,578.00,300
2026-07-04,M003,Masala Chai,Beverages,19,29,1160.00,371.20,96
2026-07-04,M003,Samosa,Food,11,18,450.00,135.00,298
2026-07-04,M003,Veg Sandwich,Food,25,30,3300.00,1386.00,24
2026-07-04,M004,Cotton Kurta,Apparel,20,21,18879.00,9817.08,83
2026-07-04,M004,Denim Jeans,Apparel,20,22,31900.00,17545.00,85
2026-07-04,M004,Formal Shirt,Apparel,4,4,4400.00,2376.00,49
2026-07-04,M004,Saree,Ethnic Wear,7,7,15400.00,8932.00,74
2026-07-04,M004,Scarf,Accessories,7,11,3850.00,1771.00,94
2026-07-04,M004,T-Shirt,Apparel,15,15,7485.00,3742.50,0
2026-07-05,M001,Bluetooth Speaker,Electronics,9,10,22000.00,15620.00,40
2026-07-05,M001,Phone Case,Accessories,16,23,5750.00,3220.00,128
2026-07-05,M001,Power Bank,Electronics,6,9,13500.00,9450.00,49
2026-07-05,M001,Screen Guard,Accessories,11,17,2550.00,1326.00,188
2026-07-05,M001,Smart Watch,Electronics,11,11,26274.59,20592.00,61
2026-07-05,M001,USB-C Cable,Accessories,12,15,5250.00,3045.00,195
2026-07-05,M001,Wireless Earbuds,Electronics,16,18,32400.00,22680.00,76
2026-07-05,M002,Atta 5kg,Grocery,26,30,7309.68,6396.00,21
2026-07-05,M002,Biscuits Pack,Snacks,20,28,1680.00,1243.20,79
2026-07-05,M002,Cooking Oil 1L,Grocery,26,34,4930.00,4141.20,26
2026-07-05,M002,Detergent 1kg,Household,21,28,3360.00,2620.80,21
2026-07-05,M002,Milk Powder 500g,Grocery,12,15,4350.00,3480.00,44
2026-07-05,M002,Rice 5kg,Grocery,14,14,4509.23,3950.80,0
2026-07-05,M002,Sugar 1kg,Grocery,23,27,1296.00,1114.56,25
2026-07-05,M002,Tea Powder 500g,Beverages,17,19,4180.00,3135.00,24
2026-07-05,M003,Cold Coffee,Beverages,19,20,2400.00,912.00,30
2026-07-05,M003,Cookies,Snacks,7,8,480.00,172.80,90
2026-07-05,M003,Filter Coffee,Beverages,14,22,1100.00,374.00,278
2026-07-05,M003,Masala Chai,Beverages,30,43,1720.00,550.40,53
2026-07-05,M003,Samosa,Food,17,25,625.00,187.50,273
2026-07-05,M003,Veg Sandwich,Food,15,18,1980.00,831.60,6
2026-07-05,M004,Cotton Kurta,Apparel,28,34,25309.90,15894.32,49
2026-07-05,M004,Denim Jeans,Apparel,16,17,21136.25,13557.50,68
2026-07-05,M004,Formal Shirt,Apparel,7,7,7700.00,4158.00,42
2026-07-05,M004,Saree,Ethnic Wear,10,11,24200.00,14036.00,63
2026-07-05,M004,Scarf,Accessories,6,9,3150.00,1449.00,85
2026-07-05,M004,T-Shirt,Apparel,15,21,10479.00,5239.50,199
2026-07-06,M001,Bluetooth Speaker,Electronics,4,5,11000.00,7810.00,35
2026-07-06,M001,Phone Case,Accessories,9,13,3250.00,1820.00,115
2026-07-06,M001,Power Bank,Electronics,5,6,9000.00,6300.00,43
2026-07-06,M001,Screen Guard,Accessories,4,4,600.00,312.00,184
2026-07-06,M001,Smart Watch,Electronics,16,17,44200.00,31824.00,44
2026-07-06,M001,USB-C Cable,Accessories,4,5,1750.00,1015.00,190
2026-07-06,M001,Wireless Earbuds,Electronics,15,18,32400.00,22680.00,58
2026-07-06,M002,Atta 5kg,Grocery,21,21,5460.00,4477.20,0
2026-07-06,M002,Biscuits Pack,Snacks,28,48,2683.06,2131.20,31
2026-07-06,M002,Cooking Oil 1L,Grocery,21,26,3478.26,3166.80,0
2026-07-06,M002,Detergent 1kg,Household,17,21,2520.00,1965.60,0
2026-07-06,M002,Milk Powder 500g,Grocery,9,10,2900.00,2320.00,34
2026-07-06,M002,Sugar 1kg,Grocery,14,18,864.00,743.04,267
2026-07-06,M002,Tea Powder 500g,Beverages,12,18,3960.00,2970.00,6
2026-07-06,M003,Cold Coffee,Beverages,3,3,360.00,136.80,287
2026-07-06,M003,Cookies,Snacks,2,2,120.00,43.20,88
2026-07-06,M003,Filter Coffee,Beverages,7,9,418.09,153.00,269
2026-07-06,M003,Masala Chai,Beverages,21,34,1360.00,435.20,19
2026-07-06,M003,Samosa,Food,16,28,700.00,210.00,245
2026-07-06,M003,Veg Sandwich,Food,8,8,880.00,369.60,208
2026-07-06,M004,Cotton Kurta,Apparel,5,5,4495.00,2337.40,44
2026-07-06,M004,Denim Jeans,Apparel,6,8,11600.00,6380.00,60
2026-07-06,M004,Formal Shirt,Apparel,2,3,3300.00,1782.00,39
2026-07-06,M004,Saree,Ethnic Wear,4,5,11000.00,6380.00,58
2026-07-06,M004,Scarf,Accessories,4,4,1400.00,644.00,81
2026-07-06,M004,T-Shirt,Apparel,6,8,3992.00,1996.00,191
2026-07-07,M001,Bluetooth Speaker,Electronics,5,5,11000.00,7810.00,30
2026-07-07,M001,Phone Case,Accessories,4,6,1500.00,840.00,109
2026-07-07,M001,Power Bank,Electronics,7,9,13500.00,9450.00,34
2026-07-07,M001,Screen Guard,Accessories,10,16,2400.00,1248.00,168
2026-07-07,M001,Smart Watch,Electronics,12,13,33800.00,24336.00,31
2026-07-07,M001,USB-C Cable,Accessories,3,3,1050.00,609.00,187
2026-07-07,M001,Wireless Earbuds,Electronics,11,13,23400.00,16380.00,45
2026-07-07,M002,Atta 5kg,Grocery,20,21,5460.00,4477.20,219
2026-07-07,M002,Biscuits Pack,Snacks,24,31,1860.00,1376.40,0
2026-07-07,M002,Cooking Oil 1L,Grocery,19,24,3480.00,2923.20,176
2026-07-07,M002,Detergent 1kg,Household,19,21,2520.00,1965.60,209
2026-07-07,M002,Milk Powder 500g,Grocery,3,5,1450.00,1160.00,29
2026-07-07,M002,Rice 5kg,Grocery,14,18,6120.00,5079.60,172
2026-07-07,M002,Sugar 1kg,Grocery,16,21,1008.00,866.88,246
2026-07-07,M002,Tea Powder 500g,Beverages,12,14,2890.39,2310.00,162
2026-07-07,M003,Cold Coffee,Beverages,14,16,1920.00,729.60,271
2026-07-07,M003,Cookies,Snacks,4,6,360.00,129.60,82
2026-07-07,M003,Filter Coffee,Beverages,4,6,300.00,102.00,263
2026-07-07,M003,Masala Chai,Beverages,17,26,1040.00,332.80,413
2026-07-07,M003,Samosa,Food,15,23,575.00,172.50,222
2026-07-07,M003,Veg Sandwich,Food,6,8,880.00,369.60,200
2026-07-07,M004,Cotton Kurta,Apparel,8,9,8091.00,4207.32,35
2026-07-07,M004,Denim Jeans,Apparel,13,15,21750.00,11962.50,45
2026-07-07,M004,Formal Shirt,Apparel,1,1,1100.00,594.00,38
2026-07-07,M004,Saree,Ethnic Wear,4,5,11000.00,6380.00,53
2026-07-07,M004,Scarf,Accessories,2,3,1050.00,483.00,78
2026-07-07,M004,T-Shirt,Apparel,14,18,8982.00,4491.00,173
2026-07-08,M001,Bluetooth Speaker,Electronics,5,6,13200.00,9372.00,24
2026-07-08,M001,Phone Case,Accessories,7,10,2500.00,1400.00,99
2026-07-08,M001,Power Bank,Electronics,18,22,30230.95,23100.00,12
2026-07-08,M001,Screen Guard,Accessories,7,12,1800.00,936.00,156
2026-07-08,M001,Smart Watch,Electronics,5,6,15600.00,11232.00,25
2026-07-08,M001,USB-C Cable,Accessories,2,3,1050.00,609.00,184
2026-07-08,M001,Wireless Earbuds,Electronics,16,17,30600.00,21420.00,28
2026-07-08,M002,Atta 5kg,Grocery,19,25,6500.00,5330.00,194
2026-07-08,M002,Biscuits Pack,Snacks,20,32,1920.00,1420.80,288
2026-07-08,M002,Cooking Oil 1L,Grocery,20,28,4060.00,3410.40,148
2026-07-08,M002,Detergent 1kg,Household,19,24,2880.00,2246.40,185
2026-07-08,M002,Milk Powder 500g,Grocery,5,6,1740.00,1392.00,23
2026-07-08,M002,Rice 5kg,Grocery,32,43,14620.00,12134.60,129
2026-07-08,M002,Sugar 1kg,Grocery,23,28,1344.00,1155.84,218
2026-07-08,M002,Tea Powder 500g,Beverages,12,15,3300.00,2475.00,147
2026-07-08,M003,Cold Coffee,Beverages,15,19,2280.00,866.40,252
2026-07-08,M003,Cookies,Snacks,6,9,540.00,194.40,73
2026-07-08,M003,Filter Coffee,Beverages,13,21,1050.00,357.00,242
2026-07-08,M003,Masala Chai,Beverages,13,17,680.00,217.60,396
2026-07-08,M003,Samosa,Food,13,17,425.00,127.50,205
2026-07-08,M003,Veg Sandwich,Food,11,13,1430.00,600.60,187
2026-07-08,M004,Cotton Kurta,Apparel,15,19,17081.00,8882.12,16
2026-07-08,M004,Denim Jeans,Apparel,5,6,8700.00,4785.00,39
2026-07-08,M004,Formal Shirt,Apparel,3,3,3300.00,1782.00,35
2026-07-08,M004,Saree,Ethnic Wear,6,6,13200.00,7656.00,47
2026-07-08,M004,Scarf,Accessories,5,7,2450.00,1127.00,71
2026-07-08,M004,T-Shirt,Apparel,15,20,9980.00,4990.00,153
2026-07-09,M001,Bluetooth Speaker,Electronics,6,6,13200.00,9372.00,18
2026-07-09,M001,Phone Case,Accessories,8,10,2262.57,1400.00,89
2026-07-09,M001,Power Bank,Electronics,11,11,16500.00,11550.00,1
2026-07-09,M001,Screen Guard,Accessories,18,25,3750.00,1950.00,131
2026-07-09,M001,Smart Watch,Electronics,14,15,39000.00,28080.00,10
2026-07-09,M001,USB-C Cable,Accessories,7,9,3150.00,1827.00,175
2026-07-09,M001,Wireless Earbuds,Electronics,12,15,27000.00,18900.00,13
2026-07-09,M002,Atta 5kg,Grocery,21,29,7016.98,6182.80,165
2026-07-09,M002,Biscuits Pack,Snacks,27,37,2220.00,1642.80,251
2026-07-09,M002,Cooking Oil 1L,Grocery,26,34,4930.00,4141.20,114
2026-07-09,M002,Detergent 1kg,Household,19,24,2880.00,2246.40,161
2026-07-09,M002,Milk Powder 500g,Grocery,11,14,4060.00,3248.00,139
2026-07-09,M002,Rice 5kg,Grocery,17,23,7820.00,6490.60,106
2026-07-09,M002,Sugar 1kg,Grocery,6,6,288.00,247.68,212
2026-07-09,M002,Tea Powder 500g,Beverages,15,16,3520.00,2640.00,131
2026-07-09,M003,Cold Coffee,Beverages,13,18,2160.00,820.80,234
2026-07-09,M003,Cookies,Snacks,2,2,120.00,43.20,71
2026-07-09,M003,Filter Coffee,Beverages,24,35,1750.00,595.00,207
2026-07-09,M003,Masala Chai,Beverages,15,20,800.00,256.00,376
2026-07-09,M003,Samosa,Food,20,30,750.00,225.00,175
2026-07-09,M003,Veg Sandwich,Food,8,8,880.00,369.60,179
2026-07-09,M004,Cotton Kurta,Apparel,7,10,8990.00,4674.80,6
2026-07-09,M004,Denim Jeans,Apparel,9,12,17400.00,9570.00,27
2026-07-09,M004,Formal Shirt,Apparel,14,15,16500.00,8910.00,20
2026-07-09,M004,Saree,Ethnic Wear,5,8,17600.00,10208.00,39
2026-07-09,M004,Scarf,Accessories,5,6,2100.00,966.00,65
2026-07-09,M004,T-Shirt,Apparel,16,22,10978.00,5489.00,131
2026-07-10,M001,Bluetooth Speaker,Electronics,5,5,11000.00,7810.00,13
2026-07-10,M001,Phone Case,Accessories,22,28,7000.00,3920.00,61
2026-07-10,M001,Power Bank,Electronics,1,1,1500.00,1050.00,0
2026-07-10,M001,Screen Guard,Accessories,12,19,2850.00,1482.00,112
2026-07-10,M001,Smart Watch,Electronics,10,10,26000.00,18720.00,0
2026-07-10,M001,USB-C Cable,Accessories,4,5,1750.00,1015.00,170
2026-07-10,M001,Wireless Earbuds,Electronics,13,13,23400.00,16380.00,0
2026-07-10,M002,Atta 5kg,Grocery,22,26,6760.00,5543.20,139
2026-07-10,M002,Biscuits Pack,Snacks,16,24,1440.00,1065.60,227
2026-07-10,M002,Cooking Oil 1L,Grocery,16,20,2668.07,2436.00,94
2026-07-10,M002,Detergent 1kg,Household,22,27,3240.00,2527.20,134
2026-07-10,M002,Milk Powder 500g,Grocery,10,12,3480.00,2784.00,127
2026-07-10,M002,Rice 5kg,Grocery,18,21,7140.00,5926.20,85
2026-07-10,M002,Sugar 1kg,Grocery,10,16,768.00,660.48,196
2026-07-10,M002,Tea Powder 500g,Beverages,13,17,3740.00,2805.00,114
2026-07-10,M003,Cold Coffee,Beverages,24,29,3480.00,1322.40,205
2026-07-10,M003,Cookies,Snacks,8,12,720.00,259.20,59
2026-07-10,M003,Filter Coffee,Beverages,21,29,1450.00,493.00,178
2026-07-10,M003,Masala Chai,Beverages,45,68,2720.00,870.40,308
2026-07-10,M003,Samosa,Food,16,24,600.00,180.00,151
2026-07-10,M003,Veg Sandwich,Food,13,15,1650.00,693.00,164
2026-07-10,M004,Cotton Kurta,Apparel,14,16,14384.00,7479.68,150
2026-07-10,M004,Denim Jeans,Apparel,13,14,20300.00,11165.00,13
2026-07-10,M004,Formal Shirt,Apparel,9,9,9900.00,5346.00,11
2026-07-10,M004,Saree,Ethnic Wear,9,10,22000.00,12760.00,29
2026-07-10,M004,Scarf,Accessories,10,13,4550.00,2093.00,52
2026-07-10,M004,T-Shirt,Apparel,17,19,9481.00,4740.50,112
2026-07-11,M001,Bluetooth Speaker,Electronics,8,9,19800.00,14058.00,4
2026-07-11,M001,Phone Case,Accessories,15,23,5750.00,3220.00,38
2026-07-11,M001,Power Bank,Electronics,11,12,18000.00,12600.00,88
2026-07-11,M001,Screen Guard,Accessories,19,28,4200.00,2184.00,84
2026-07-11,M001,Smart Watch,Electronics,17,18,46800.00,33696.00,92
2026-07-11,M001,USB-C Cable,Accessories,6,6,2100.00,1218.00,164
2026-07-11,M001,Wireless Earbuds,Electronics,23,29,52200.00,36540.00,151
2026-07-11,M002,Atta 5kg,Grocery,19,23,5980.00,4903.60,116
2026-07-11,M002,Biscuits Pack,Snacks,20,29,1740.00,1287.60,198
2026-07-11,M002,Cooking Oil 1L,Grocery,31,39,5655.00,4750.20,55
2026-07-11,M002,Detergent 1kg,Household,20,25,3000.00,2340.00,109
2026-07-11,M002,Milk Powder 500g,Grocery,5,5,1450.00,1160.00,122
2026-07-11,M002,Rice 5kg,Grocery,21,24,8160.00,6772.80,61
2026-07-11,M002,Sugar 1kg,Grocery,23,28,1344.00,1155.84,168
2026-07-11,M002,Tea Powder 500g,Beverages,11,12,2640.00,1980.00,102
2026-07-11,M003,Cold Coffee,Beverages,13,16,1453.12,729.60,189
2026-07-11,M003,Cookies,Snacks,9,12,720.00,259.20,47
2026-07-11,M003,Filter Coffee,Beverages,12,15,750.00,255.00,163
2026-07-11,M003,Masala Chai,Beverages,24,33,1320.00,422.40,275
2026-07-11,M003,Samosa,Food,21,33,825.00,247.50,118
2026-07-11,M003,Veg Sandwich,Food,15,17,1649.18,785.40,147
2026-07-11,M004,Cotton Kurta,Apparel,21,25,22475.00,11687.00,125
2026-07-11,M004,Denim Jeans,Apparel,10,12,17400.00,9570.00,1
2026-07-11,M004,Formal Shirt,Apparel,8,10,11000.00,5940.00,131
2026-07-11,M004,Saree,Ethnic Wear,9,11,24200.00,14036.00,18
2026-07-11,M004,Scarf,Accessories,4,6,2100.00,966.00,46
2026-07-11,M004,T-Shirt,Apparel,19,26,12974.00,6487.00,86
2026-07-12,M001,Bluetooth Speaker,Electronics,8,8,17600.00,12496.00,76
2026-07-12,M001,Phone Case,Accessories,10,16,4000.00,2240.00,362
2026-07-12,M001,Power Bank,Electronics,4,6,9000.00,6300.00,82
2026-07-12,M001,Screen Guard,Accessories,5,7,1050.00,546.00,77
2026-07-12,M001,Smart Watch,Electronics,5,7,18200.00,13104.00,85
2026-07-12,M001,USB-C Cable,Accessories,8,9,3150.00,1827.00,155
2026-07-12,M001,Wireless Earbuds,Electronics,14,15,27000.00,18900.00,136
2026-07-12,M002,Atta 5kg,Grocery,8,10,2600.00,2132.00,106
2026-07-12,M002,Biscuits Pack,Snacks,23,34,2040.00,1509.60,164
2026-07-12,M002,Cooking Oil 1L,Grocery,34,38,5510.00,4628.40,17
2026-07-12,M002,Detergent 1kg,Household,19,25,3000.00,2340.00,84
2026-07-12,M002,Milk Powder 500g,Grocery,6,7,2030.00,1624.00,115
2026-07-12,M002,Rice 5kg,Grocery,17,23,7820.00,6490.60,38
2026-07-12,M002,Sugar 1kg,Grocery,20,26,1248.00,1073.28,142
2026-07-12,M002,Tea Powder 500g,Beverages,8,9,1980.00,1485.00,93
2026-07-12,M003,Cold Coffee,Beverages,13,14,1680.00,638.40,175
2026-07-12,M003,Cookies,Snacks,9,10,600.00,216.00,37
2026-07-12,M003,Filter Coffee,Beverages,19,29,1450.00,493.00,134
2026-07-12,M003,Masala Chai,Beverages,36,56,2240.00,716.80,219
2026-07-12,M003,Samosa,Food,22,32,800.00,240.00,86
2026-07-12,M003,Veg Sandwich,Food,15,16,1760.00,739.20,131
2026-07-12,M004,Cotton Kurta,Apparel,15,18,16182.00,8414.64,107
2026-07-12,M004,Denim Jeans,Apparel,18,20,29000.00,15950.00,101
2026-07-12,M004,Formal Shirt,Apparel,10,10,11000.00,5940.00,121
2026-07-12,M004,Saree,Ethnic Wear,3,4,8800.00,5104.00,14
2026-07-12,M004,Scarf,Accessories,5,8,2800.00,1288.00,38
2026-07-12,M004,T-Shirt,Apparel,9,13,6487.00,3243.50,73
2026-07-13,M001,Bluetooth Speaker,Electronics,5,5,11000.00,7810.00,71
2026-07-13,M001,Phone Case,Accessories,14,18,4500.00,2520.00,344
2026-07-13,M001,Power Bank,Electronics,4,5,7500.00,5250.00,77
2026-07-13,M001,Screen Guard,Accessories,9,11,1650.00,858.00,66
2026-07-13,M001,Smart Watch,Electronics,8,9,23400.00,16848.00,76
2026-07-13,M001,USB-C Cable,Accessories,6,8,2800.00,1624.00,147
2026-07-13,M001,Wireless Earbuds,Electronics,8,10,18000.00,12600.00,126
2026-07-13,M002,Atta 5kg,Grocery,25,30,7800.00,6396.00,76
2026-07-13,M002,Biscuits Pack,Snacks,24,36,2160.00,1598.40,128
2026-07-13,M002,Cooking Oil 1L,Grocery,17,17,2465.00,2070.60,0
2026-07-13,M002,Detergent 1kg,Household,17,19,2280.00,1778.40,65
2026-07-13,M002,Milk Powder 500g,Grocery,9,12,3480.00,2784.00,103
2026-07-13,M002,Rice 5kg,Grocery,13,14,4760.00,3950.80,24
2026-07-13,M002,Sugar 1kg,Grocery,14,16,768.00,660.48,126
2026-07-13,M002,Tea Powder 500g,Beverages,8,10,2200.00,1650.00,83
2026-07-13,M003,Cold Coffee,Beverages,5,6,720.00,273.60,169
2026-07-13,M003,Cookies,Snacks,3,3,180.00,64.80,264
2026-07-13,M003,Filter Coffee,Beverages,17,27,1350.00,459.00,107
2026-07-13,M003,Masala Chai,Beverages,20,35,1400.00,448.00,184
2026-07-13,M003,Samosa,Food,7,13,325.00,97.50,73
2026-07-13,M003,Veg Sandwich,Food,14,16,1760.00,739.20,115
2026-07-13,M004,Cotton Kurta,Apparel,7,8,7192.00,3739.84,99
2026-07-13,M004,Denim Jeans,Apparel,5,5,7250.00,3987.50,96
2026-07-13,M004,Formal Shirt,Apparel,5,7,7700.00,4158.00,114
2026-07-13,M004,Saree,Ethnic Wear,4,4,8800.00,5104.00,10
2026-07-13,M004,Scarf,Accessories,1,2,700.00,322.00,36
2026-07-13,M004,T-Shirt,Apparel,12,15,7485.00,3742.50,58
2026-07-14,M001,Bluetooth Speaker,Electronics,5,5,11000.00,7810.00,66
2026-07-14,M001,Phone Case,Accessories,13,19,4750.00,2660.00,325
2026-07-14,M001,Power Bank,Electronics,8,10,13599.11,10500.00,67
2026-07-14,M001,Screen Guard,Accessories,7,9,1350.00,702.00,457
2026-07-14,M001,Smart Watch,Electronics,11,11,28600.00,20592.00,65
2026-07-14,M001,USB-C Cable,Accessories,8,11,3850.00,2233.00,136
2026-07-14,M001,Wireless Earbuds,Electronics,14,18,32400.00,22680.00,108
2026-07-14,M002,Atta 5kg,Grocery,26,32,8320.00,6822.40,44
2026-07-14,M002,Biscuits Pack,Snacks,19,30,1800.00,1332.00,98
2026-07-14,M002,Cooking Oil 1L,Grocery,33,43,6235.00,5237.40,157
2026-07-14,M002,Detergent 1kg,Household,18,25,3000.00,2340.00,40
2026-07-14,M002,Milk Powder 500g,Grocery,4,4,1073.72,928.00,99
2026-07-14,M002,Rice 5kg,Grocery,24,24,8160.00,6772.80,0
2026-07-14,M002,Sugar 1kg,Grocery,21,28,1344.00,1155.84,98
2026-07-14,M002,Tea Powder 500g,Beverages,9,12,2640.00,1980.00,71
2026-07-14,M003,Cold Coffee,Beverages,9,10,1200.00,456.00,159
2026-07-14,M003,Cookies,Snacks,5,6,360.00,129.60,258
2026-07-14,M003,Filter Coffee,Beverages,9,15,750.00,255.00,92
2026-07-14,M003,Masala Chai,Beverages,31,47,1880.00,601.60,137
2026-07-14,M003,Samosa,Food,9,13,325.00,97.50,460
2026-07-14,M003,Veg Sandwich,Food,4,4,440.00,184.80,111
2026-07-14,M004,Cotton Kurta,Apparel,7,9,8091.00,4207.32,90
2026-07-14,M004,Denim Jeans,Apparel,4,4,5800.00,3190.00,92
2026-07-14,M004,Formal Shirt,Apparel,3,3,3300.00,1782.00,111
2026-07-14,M004,Saree,Ethnic Wear,4,4,8800.00,5104.00,106
2026-07-14,M004,Scarf,Accessories,3,4,1400.00,644.00,202
2026-07-14,M004,T-Shirt,Apparel,12,13,6487.00,3243.50,45
2026-07-15,M001,Bluetooth Speaker,Electronics,5,6,13200.00,9372.00,60
2026-07-15,M001,Phone Case,Accessories,14,17,4250.00,2380.00,308
2026-07-15,M001,Power Bank,Electronics,10,11,16500.00,11550.00,56
2026-07-15,M001,Screen Guard,Accessories,8,10,1500.00,780.00,447
2026-07-15,M001,Smart Watch,Electronics,16,18,46800.00,33696.00,47
2026-07-15,M001,USB-C Cable,Accessories,14,17,5950.00,3451.00,119
2026-07-15,M001,Wireless Earbuds,Electronics,16,19,34200.00,23940.00,89
2026-07-15,M002,Atta 5kg,Grocery,18,20,5200.00,4264.00,24
2026-07-15,M002,Biscuits Pack,Snacks,17,21,1260.00,932.40,77
2026-07-15,M002,Cooking Oil 1L,Grocery,24,33,4785.00,4019.40,124
2026-07-15,M002,Detergent 1kg,Household,17,24,2573.82,2246.40,16
2026-07-15,M002,Milk Powder 500g,Grocery,4,4,1160.00,928.00,95
2026-07-15,M002,Rice 5kg,Grocery,15,17,5780.00,4797.40,173
2026-07-15,M002,Sugar 1kg,Grocery,10,13,624.00,536.64,85
2026-07-15,M002,Tea Powder 500g,Beverages,9,11,2420.00,1815.00,60
2026-07-15,M003,Cold Coffee,Beverages,14,16,1920.00,729.60,143
2026-07-15,M003,Cookies,Snacks,8,11,660.00,237.60,247
2026-07-15,M003,Filter Coffee,Beverages,16,22,1100.00,374.00,70
2026-07-15,M003,Masala Chai,Beverages,24,35,1400.00,448.00,102
2026-07-15,M003,Samosa,Food,17,28,700.00,210.00,432
2026-07-15,M003,Veg Sandwich,Food,15,18,1980.00,831.60,93
2026-07-15,M004,Cotton Kurta,Apparel,5,8,7192.00,3739.84,82
2026-07-15,M004,Denim Jeans,Apparel,5,6,8700.00,4785.00,86
2026-07-15,M004,Formal Shirt,Apparel,6,6,6600.00,3564.00,105
2026-07-15,M004,Saree,Ethnic Wear,6,7,15400.00,8932.00,99
2026-07-15,M004,Scarf,Accessories,5,6,2100.00,966.00,196
2026-07-15,M004,T-Shirt,Apparel,9,11,5489.00,2744.50,34
2026-07-16,M001,Bluetooth Speaker,Electronics,5,5,11000.00,7810.00,55
2026-07-16,M001,Phone Case,Accessories,10,14,3147.12,1960.00,294
2026-07-16,M001,Power Bank,Electronics,3,4,6000.00,4200.00,52
2026-07-16,M001,Screen Guard,Accessories,5,8,1200.00,624.00,439
2026-07-16,M001,Smart Watch,Electronics,10,11,26500.73,20592.00,36
2026-07-16,M001,USB-C Cable,Accessories,7,10,3500.00,2030.00,109
2026-07-16,M001,Wireless Earbuds,Electronics,11,14,25200.00,17640.00,75
2026-07-16,M002,Atta 5kg,Grocery,9,9,2340.00,1918.80,15
2026-07-16,M002,Biscuits Pack,Snacks,11,15,900.00,666.00,62
2026-07-16,M002,Cooking Oil 1L,Grocery,17,23,3099.34,2801.40,101
2026-07-16,M002,Detergent 1kg,Household,13,17,2040.00,1591.20,229
2026-07-16,M002,Milk Powder 500g,Grocery,8,9,2610.00,2088.00,86
2026-07-16,M002,Rice 5kg,Grocery,16,19,6460.00,5361.80,154
2026-07-16,M002,Sugar 1kg,Grocery,11,15,720.00,619.20,70
2026-07-16,M002,Tea Powder 500g,Beverages,7,12,2459.51,1980.00,48
2026-07-16,M003,Cold Coffee,Beverages,10,12,1440.00,547.20,131
2026-07-16,M003,Cookies,Snacks,3,3,180.00,64.80,244
2026-07-16,M003,Filter Coffee,Beverages,16,21,1050.00,357.00,49
2026-07-16,M003,Masala Chai,Beverages,20,29,1160.00,371.20,73
2026-07-16,M003,Samosa,Food,19,26,650.00,195.00,406
2026-07-16,M003,Veg Sandwich,Food,18,21,2310.00,970.20,72
2026-07-16,M004,Cotton Kurta,Apparel,18,21,18879.00,9817.08,61
2026-07-16,M004,Denim Jeans,Apparel,5,5,7250.00,3987.50,81
2026-07-16,M004,Formal Shirt,Apparel,6,7,7700.00,4158.00,98
2026-07-16,M004,Saree,Ethnic Wear,5,6,13200.00,7656.00,93
2026-07-16,M004,Scarf,Accessories,3,3,1050.00,483.00,193
2026-07-16,M004,T-Shirt,Apparel,8,11,5489.00,2744.50,243
2026-07-17,M001,Bluetooth Speaker,Electronics,8,9,19800.00,14058.00,46
2026-07-17,M001,Phone Case,Accessories,7,9,2250.00,1260.00,285
2026-07-17,M001,Power Bank,Electronics,4,4,6000.00,4200.00,48
2026-07-17,M001,Screen Guard,Accessories,5,8,1200.00,624.00,431
2026-07-17,M001,Smart Watch,Electronics,8,8,20800.00,14976.00,28
2026-07-17,M001,USB-C Cable,Accessories,8,12,4200.00,2436.00,97
2026-07-17,M001,Wireless Earbuds,Electronics,15,18,32400.00,22680.00,57
2026-07-17,M002,Atta 5kg,Grocery,26,34,8840.00,7248.80,221
2026-07-17,M002,Biscuits Pack,Snacks,23,36,1896.68,1598.40,346
2026-07-17,M002,Cooking Oil 1L,Grocery,23,28,4060.00,3410.40,73
2026-07-17,M002,Detergent 1kg,Household,26,30,3600.00,2808.00,199
2026-07-17,M002,Milk Powder 500g,Grocery,5,5,1450.00,1160.00,81
2026-07-17,M002,Rice 5kg,Grocery,21,25,8500.00,7055.00,129
2026-07-17,M002,Sugar 1kg,Grocery,21,32,1536.00,1320.96,38
2026-07-17,M002,Tea Powder 500g,Beverages,5,5,1100.00,825.00,43
2026-07-17,M003,Cold Coffee,Beverages,15,18,2160.00,820.80,113
2026-07-17,M003,Cookies,Snacks,14,15,900.00,324.00,229
2026-07-17,M003,Filter Coffee,Beverages,6,12,600.00,204.00,377
2026-07-17,M003,Masala Chai,Beverages,39,62,2480.00,793.60,11
2026-07-17,M003,Samosa,Food,15,23,575.00,172.50,383
2026-07-17,M003,Veg Sandwich,Food,13,16,1760.00,739.20,56
2026-07-17,M004,Cotton Kurta,Apparel,13,14,12586.00,6544.72,47
2026-07-17,M004,Denim Jeans,Apparel,9,9,13050.00,7177.50,72
2026-07-17,M004,Formal Shirt,Apparel,3,3,3300.00,1782.00,95
2026-07-17,M004,Saree,Ethnic Wear,9,10,22000.00,12760.00,83
2026-07-17,M004,Scarf,Accessories,6,7,2450.00,1127.00,186
2026-07-17,M004,T-Shirt,Apparel,18,23,11477.00,5738.50,220
2026-07-18,M001,Bluetooth Speaker,Electronics,2,2,4400.00,3124.00,44
2026-07-18,M001,Phone Case,Accessories,15,21,5250.00,2940.00,264
2026-07-18,M001,Power Bank,Electronics,6,6,9000.00,6300.00,42
2026-07-18,M001,Screen Guard,Accessories,11,15,2250.00,1170.00,416
2026-07-18,M001,Smart Watch,Electronics,14,14,36400.00,26208.00,14
2026-07-18,M001,USB-C Cable,Accessories,7,10,3500.00,2030.00,87
2026-07-18,M001,Wireless Earbuds,Electronics,21,23,41400.00,28980.00,34
2026-07-18,M002,Atta 5kg,Grocery,26,30,7800.00,6396.00,191
2026-07-18,M002,Biscuits Pack,Snacks,12,16,960.00,710.40,330
2026-07-18,M002,Cooking Oil 1L,Grocery,26,33,4785.00,4019.40,40
2026-07-18,M002,Detergent 1kg,Household,13,16,1920.00,1497.60,183
2026-07-18,M002,Milk Powder 500g,Grocery,6,6,1602.06,1392.00,75
2026-07-18,M002,Rice 5kg,Grocery,21,24,8160.00,6772.80,105
2026-07-18,M002,Sugar 1kg,Grocery,29,38,1824.00,1568.64,0
2026-07-18,M002,Tea Powder 500g,Beverages,18,25,5500.00,4125.00,18
2026-07-18,M003,Cold Coffee,Beverages,24,30,3232.01,1368.00,83
2026-07-18,M003,Cookies,Snacks,17,23,1380.00,496.80,206
2026-07-18,M003,Filter Coffee,Beverages,20,31,1550.00,527.00,346
2026-07-18,M003,Masala Chai,Beverages,32,48,1920.00,614.40,383
2026-07-18,M003,Samosa,Food,22,35,875.00,262.50,348
2026-07-18,M003,Veg Sandwich,Food,15,18,1980.00,831.60,38
2026-07-18,M004,Cotton Kurta,Apparel,15,18,13406.27,8414.64,29
2026-07-18,M004,Denim Jeans,Apparel,6,6,7176.88,4785.00,66
2026-07-18,M004,Formal Shirt,Apparel,8,9,9900.00,5346.00,86
2026-07-18,M004,Saree,Ethnic Wear,10,12,26400.00,15312.00,71
2026-07-18,M004,Scarf,Accessories,5,8,2800.00,1288.00,178
2026-07-18,M004,T-Shirt,Apparel,20,25,10578.22,6237.50,195
2026-07-19,M001,Bluetooth Speaker,Electronics,10,13,28600.00,20306.00,31
2026-07-19,M001,Phone Case,Accessories,20,26,6500.00,3640.00,238
2026-07-19,M001,Power Bank,Electronics,6,9,13500.00,9450.00,33
2026-07-19,M001,Screen Guard,Accessories,9,11,1650.00,858.00,405
2026-07-19,M001,Smart Watch,Electronics,7,7,18200.00,13104.00,7
2026-07-19,M001,USB-C Cable,Accessories,14,18,6300.00,3654.00,69
2026-07-19,M001,Wireless Earbuds,Electronics,22,27,48600.00,34020.00,7
2026-07-19,M002,Atta 5kg,Grocery,21,23,5980.00,4903.60,168
2026-07-19,M002,Biscuits Pack,Snacks,20,30,1800.00,1332.00,300
2026-07-19,M002,Cooking Oil 1L,Grocery,23,32,4640.00,3897.60,8
2026-07-19,M002,Detergent 1kg,Household,16,21,2520.00,1965.60,162
2026-07-19,M002,Milk Powder 500g,Grocery,2,2,580.00,464.00,73
2026-07-19,M002,Rice 5kg,Grocery,12,14,4760.00,3950.80,91
2026-07-19,M002,Sugar 1kg,Grocery,10,13,624.00,536.64,247
2026-07-19,M002,Tea Powder 500g,Beverages,10,13,2860.00,2145.00,5
2026-07-19,M003,Cold Coffee,Beverages,13,15,1800.00,684.00,68
2026-07-19,M003,Cookies,Snacks,4,6,360.00,129.60,200
2026-07-19,M003,Filter Coffee,Beverages,20,28,1400.00,476.00,318
2026-07-19,M003,Masala Chai,Beverages,18,27,1080.00,345.60,356
2026-07-19,M003,Samosa,Food,37,56,1400.00,420.00,292
2026-07-19,M003,Veg Sandwich,Food,14,18,1980.00,831.60,20
2026-07-19,M004,Cotton Kurta,Apparel,18,22,17799.85,10284.56,7
2026-07-19,M004,Denim Jeans,Apparel,4,4,5800.00,3190.00,62
2026-07-19,M004,Formal Shirt,Apparel,9,10,11000.00,5940.00,76
2026-07-19,M004,Saree,Ethnic Wear,9,11,19241.84,14036.00,60
2026-07-19,M004,Scarf,Accessories,12,14,4900.00,2254.00,164
2026-07-19,M004,T-Shirt,Apparel,17,21,10479.00,5239.50,174
2026-07-20,M001,Bluetooth Speaker,Electronics,3,3,6600.00,4686.00,28
2026-07-20,M001,Phone Case,Accessories,14,22,5500.00,3080.00,216
2026-07-20,M001,Power Bank,Electronics,3,3,4500.00,3150.00,30
2026-07-20,M001,Screen Guard,Accessories,4,6,900.00,468.00,399
2026-07-20,M001,Smart Watch,Electronics,7,7,18200.00,13104.00,0
2026-07-20,M001,USB-C Cable,Accessories,4,4,1400.00,812.00,65
2026-07-20,M001,Wireless Earbuds,Electronics,7,7,12600.00,8820.00,0
2026-07-20,M002,Atta 5kg,Grocery,26,33,8580.00,7035.60,135
2026-07-20,M002,Biscuits Pack,Snacks,24,32,1920.00,1420.80,268
2026-07-20,M002,Cooking Oil 1L,Grocery,8,8,1160.00,974.40,0
2026-07-20,M002,Detergent 1kg,Household,16,20,2400.00,1872.00,142
2026-07-20,M002,Milk Powder 500g,Grocery,2,2,580.00,464.00,71
2026-07-20,M002,Rice 5kg,Grocery,27,34,11560.00,9594.80,57
2026-07-20,M002,Sugar 1kg,Grocery,23,33,1584.00,1362.24,214
2026-07-20,M002,Tea Powder 500g,Beverages,4,5,1010.02,825.00,170
2026-07-20,M003,Cold Coffee,Beverages,8,11,1320.00,501.60,57
2026-07-20,M003,Cookies,Snacks,7,9,540.00,194.40,191
2026-07-20,M003,Filter Coffee,Beverages,10,10,500.00,170.00,308
2026-07-20,M003,Masala Chai,Beverages,23,35,1400.00,448.00,321
2026-07-20,M003,Samosa,Food,9,13,325.00,97.50,279
2026-07-20,M003,Veg Sandwich,Food,12,14,1540.00,646.80,216
2026-07-20,M004,Cotton Kurta,Apparel,7,7,6293.00,3272.36,0
2026-07-20,M004,Denim Jeans,Apparel,6,7,10150.00,5582.50,55
2026-07-20,M004,Formal Shirt,Apparel,5,5,5500.00,2970.00,71
2026-07-20,M004,Saree,Ethnic Wear,5,5,11000.00,6380.00,55
2026-07-20,M004,Scarf,Accessories,3,4,1400.00,644.00,160
2026-07-20,M004,T-Shirt,Apparel,12,16,6382.36,3992.00,158
2026-07-21,M001,Bluetooth Speaker,Electronics,5,6,13200.00,9372.00,22
2026-07-21,M001,Phone Case,Accessories,13,21,5250.00,2940.00,195
2026-07-21,M001,Power Bank,Electronics,10,10,15000.00,10500.00,20
2026-07-21,M001,Screen Guard,Accessories,1,2,300.00,156.00,397
2026-07-21,M001,Smart Watch,Electronics,10,12,28672.67,22464.00,98
2026-07-21,M001,USB-C Cable,Accessories,8,12,3789.66,2436.00,53
2026-07-21,M001,Wireless Earbuds,Electronics,18,21,37800.00,26460.00,159
2026-07-21,M002,Atta 5kg,Grocery,35,41,10660.00,8741.20,94
2026-07-21,M002,Biscuits Pack,Snacks,11,18,1080.00,799.20,250
2026-07-21,M002,Cooking Oil 1L,Grocery,17,19,2755.00,2314.20,181
2026-07-21,M002,Detergent 1kg,Household,16,20,2400.00,1872.00,122
2026-07-21,M002,Milk Powder 500g,Grocery,3,3,870.00,696.00,68
2026-07-21,M002,Rice 5kg,Grocery,19,22,7480.00,6208.40,35
2026-07-21,M002,Sugar 1kg,Grocery,5,7,314.94,288.96,207
2026-07-21,M002,Tea Powder 500g,Beverages,14,20,4400.00,3300.00,150
2026-07-21,M003,Cold Coffee,Beverages,8,9,1025.05,410.40,48
2026-07-21,M003,Cookies,Snacks,5,6,360.00,129.60,185
2026-07-21,M003,Filter Coffee,Beverages,12,18,900.00,306.00,290
2026-07-21,M003,Masala Chai,Beverages,26,41,1640.00,524.80,280
2026-07-21,M003,Samosa,Food,16,24,600.00,180.00,255
2026-07-21,M003,Veg Sandwich,Food,11,13,1430.00,600.60,203
2026-07-21,M004,Cotton Kurta,Apparel,13,16,14384.00,7479.68,144
2026-07-21,M004,Denim Jeans,Apparel,10,12,17400.00,9570.00,43
2026-07-21,M004,Formal Shirt,Apparel,6,7,7700.00,4158.00,64
2026-07-21,M004,Saree,Ethnic Wear,6,7,15400.00,8932.00,48
2026-07-21,M004,Scarf,Accessories,4,6,2100.00,966.00,154
2026-07-21,M004,T-Shirt,Apparel,8,9,4491.00,2245.50,149
2026-07-22,M001,Bluetooth Speaker,Electronics,1,1,2200.00,1562.00,21
2026-07-22,M001,Phone Case,Accessories,18,24,6000.00,3360.00,171
2026-07-22,M001,Power Bank,Electronics,7,10,15000.00,10500.00,10
2026-07-22,M001,Screen Guard,Accessories,14,17,2550.00,1326.00,380
2026-07-22,M001,Smart Watch,Electronics,12,12,31200.00,22464.00,86
2026-07-22,M001,USB-C Cable,Accessories,7,8,2800.00,1624.00,325
2026-07-22,M001,Wireless Earbuds,Electronics,17,20,36000.00,25200.00,139
2026-07-22,M002,Atta 5kg,Grocery,23,28,7280.00,5969.60,66
2026-07-22,M002,Biscuits Pack,Snacks,15,19,1074.73,843.60,231
2026-07-22,M002,Cooking Oil 1L,Grocery,28,40,5800.00,4872.00,141
2026-07-22,M002,Detergent 1kg,Household,9,13,1560.00,1216.80,109
2026-07-22,M002,Milk Powder 500g,Grocery,3,5,1450.00,1160.00,63
2026-07-22,M002,Rice 5kg,Grocery,6,7,2380.00,1975.40,28
2026-07-22,M002,Sugar 1kg,Grocery,19,26,1176.04,1073.28,181
2026-07-22,M002,Tea Powder 500g,Beverages,10,10,2200.00,1650.00,140
2026-07-22,M003,Cold Coffee,Beverages,18,22,2640.00,1003.20,286
2026-07-22,M003,Cookies,Snacks,6,7,420.00,151.20,178
2026-07-22,M003,Filter Coffee,Beverages,8,11,550.00,187.00,279
2026-07-22,M003,Masala Chai,Beverages,10,14,560.00,179.20,266
2026-07-22,M003,Samosa,Food,8,14,350.00,105.00,241
2026-07-22,M003,Veg Sandwich,Food,14,17,1870.00,785.40,186
2026-07-22,M004,Cotton Kurta,Apparel,8,9,8091.00,4207.32,135
2026-07-22,M004,Denim Jeans,Apparel,6,7,8734.46,5582.50,36
2026-07-22,M004,Formal Shirt,Apparel,8,10,11000.00,5940.00,54
2026-07-22,M004,Saree,Ethnic Wear,8,9,19800.00,11484.00,39
2026-07-22,M004,Scarf,Accessories,2,3,1050.00,483.00,151
2026-07-22,M004,T-Shirt,Apparel,9,11,5489.00,2744.50,138
2026-07-23,M001,Bluetooth Speaker,Electronics,3,4,8800.00,6248.00,17
2026-07-23,M001,Phone Case,Accessories,11,14,3500.00,1960.00,157
2026-07-23,M001,Power Bank,Electronics,7,7,10500.00,7350.00,103
2026-07-23,M001,Screen Guard,Accessories,9,15,2250.00,1170.00,365
2026-07-23,M001,Smart Watch,Electronics,14,16,41600.00,29952.00,70
2026-07-23,M001,USB-C Cable,Accessories,10,13,4550.00,2639.00,312
2026-07-23,M001,Wireless Earbuds,Electronics,8,12,21600.00,15120.00,127
2026-07-23,M002,Atta 5kg,Grocery,22,26,6760.00,5543.20,40
2026-07-23,M002,Biscuits Pack,Snacks,23,30,1800.00,1332.00,201
2026-07-23,M002,Cooking Oil 1L,Grocery,28,38,5510.00,4628.40,103
2026-07-23,M002,Detergent 1kg,Household,9,13,1560.00,1216.80,96
2026-07-23,M002,Milk Powder 500g,Grocery,6,6,1740.00,1392.00,57
2026-07-23,M002,Rice 5kg,Grocery,16,21,7140.00,5926.20,7
2026-07-23,M002,Sugar 1kg,Grocery,41,56,2688.00,2311.68,125
2026-07-23,M002,Tea Powder 500g,Beverages,18,25,5500.00,4125.00,115
2026-07-23,M003,Cold Coffee,Beverages,14,20,2400.00,912.00,266
2026-07-23,M003,Cookies,Snacks,7,11,660.00,237.60,167
2026-07-23,M003,Filter Coffee,Beverages,19,26,1300.00,442.00,253
2026-07-23,M003,Masala Chai,Beverages,20,27,1080.00,345.60,239
2026-07-23,M003,Samosa,Food,19,31,775.00,232.50,210
2026-07-23,M003,Veg Sandwich,Food,8,9,990.00,415.80,177
2026-07-23,M004,Cotton Kurta,Apparel,7,9,8091.00,4207.32,126
2026-07-23,M004,Denim Jeans,Apparel,7,7,10150.00,5582.50,29
2026-07-23,M004,Formal Shirt,Apparel,6,6,6600.00,3564.00,48
2026-07-23,M004,Saree,Ethnic Wear,2,2,4400.00,2552.00,37
2026-07-23,M004,Scarf,Accessories,7,10,3500.00,1610.00,141
2026-07-23,M004,T-Shirt,Apparel,7,8,3992.00,1996.00,130
2026-07-24,M001,Bluetooth Speaker,Electronics,4,4,8800.00,6248.00,13
2026-07-24,M001,Phone Case,Accessories,17,27,6750.00,3780.00,130
2026-07-24,M001,Power Bank,Electronics,6,6,9000.00,6300.00,97
2026-07-24,M001,Screen Guard,Accessories,9,11,1650.00,858.00,354
2026-07-24,M001,Smart Watch,Electronics,18,20,52000.00,37440.00,50
2026-07-24,M001,USB-C Cable,Accessories,8,10,3500.00,2030.00,302
2026-07-24,M001,Wireless Earbuds,Electronics,24,32,57600.00,40320.00,95
2026-07-24,M002,Atta 5kg,Grocery,23,29,7540.00,6182.80,11
2026-07-24,M002,Biscuits Pack,Snacks,22,30,1800.00,1332.00,171
2026-07-24,M002,Cooking Oil 1L,Grocery,34,44,6380.00,5359.20,59
2026-07-24,M002,Detergent 1kg,Household,21,27,3240.00,2527.20,69
2026-07-24,M002,Milk Powder 500g,Grocery,5,6,1740.00,1392.00,51
2026-07-24,M002,Rice 5kg,Grocery,16,19,6460.00,5361.80,178
2026-07-24,M002,Sugar 1kg,Grocery,22,31,1488.00,1279.68,94
2026-07-24,M002,Tea Powder 500g,Beverages,24,33,7260.00,5445.00,82
2026-07-24,M003,Cold Coffee,Beverages,8,9,1080.00,410.40,257
2026-07-24,M003,Cookies,Snacks,13,16,960.00,345.60,151
2026-07-24,M003,Filter Coffee,Beverages,13,18,900.00,306.00,235
2026-07-24,M003,Masala Chai,Beverages,29,46,1840.00,588.80,193
2026-07-24,M003,Samosa,Food,19,27,675.00,202.50,183
2026-07-24,M003,Veg Sandwich,Food,17,21,2310.00,970.20,156
2026-07-24,M004,Cotton Kurta,Apparel,13,16,14384.00,7479.68,110
2026-07-24,M004,Denim Jeans,Apparel,10,11,15950.00,8772.50,18
2026-07-24,M004,Formal Shirt,Apparel,5,5,5500.00,2970.00,43
2026-07-24,M004,Saree,Ethnic Wear,12,13,28600.00,16588.00,24
2026-07-24,M004,Scarf,Accessories,5,6,2100.00,966.00,135
2026-07-24,M004,T-Shirt,Apparel,11,14,6986.00,3493.00,116
2026-07-25,M001,Bluetooth Speaker,Electronics,11,12,23008.97,18744.00,1
2026-07-25,M001,Phone Case,Accessories,26,32,8000.00,4480.00,98
2026-07-25,M001,Power Bank,Electronics,6,7,10500.00,7350.00,90
2026-07-25,M001,Screen Guard,Accessories,8,11,1650.00,858.00,343
2026-07-25,M001,Smart Watch,Electronics,13,13,33800.00,24336.00,37
2026-07-25,M001,USB-C Cable,Accessories,7,9,3150.00,1827.00,293
2026-07-25,M001,Wireless Earbuds,Electronics,19,23,41400.00,28980.00,72
2026-07-25,M002,Atta 5kg,Grocery,11,11,2860.00,2345.20,0
2026-07-25,M002,Biscuits Pack,Snacks,32,46,2760.00,2042.40,125
2026-07-25,M002,Cooking Oil 1L,Grocery,17,25,3625.00,3045.00,34
2026-07-25,M002,Detergent 1kg,Household,21,28,3360.00,2620.80,41
2026-07-25,M002,Milk Powder 500g,Grocery,2,2,580.00,464.00,49
2026-07-25,M002,Rice 5kg,Grocery,36,40,13600.00,11288.00,138
2026-07-25,M002,Sugar 1kg,Grocery,12,18,864.00,743.04,76
2026-07-25,M002,Tea Powder 500g,Beverages,7,8,1760.00,1320.00,74
2026-07-25,M003,Cold Coffee,Beverages,16,20,2400.00,912.00,237
2026-07-25,M003,Cookies,Snacks,7,10,600.00,216.00,141
2026-07-25,M003,Filter Coffee,Beverages,25,34,1700.00,578.00,201
2026-07-25,M003,Masala Chai,Beverages,28,44,1760.00,563.20,149
2026-07-25,M003,Samosa,Food,12,19,475.00,142.50,164
2026-07-25,M003,Veg Sandwich,Food,8,10,1100.00,462.00,146
2026-07-25,M004,Cotton Kurta,Apparel,9,11,9889.00,5142.28,99
2026-07-25,M004,Denim Jeans,Apparel,13,15,21750.00,11962.50,3
2026-07-25,M004,Formal Shirt,Apparel,12,14,12957.39,8316.00,29
2026-07-25,M004,Saree,Ethnic Wear,13,14,30800.00,17864.00,10
2026-07-25,M004,Scarf,Accessories,4,6,2100.00,966.00,129
2026-07-25,M004,T-Shirt,Apparel,18,22,10978.00,5489.00,94
2026-07-26,M001,Bluetooth Speaker,Electronics,8,8,17600.00,12496.00,73
2026-07-26,M001,Phone Case,Accessories,8,9,2250.00,1260.00,89
2026-07-26,M001,Power Bank,Electronics,5,6,8267.84,6300.00,84
2026-07-26,M001,Screen Guard,Accessories,14,18,2700.00,1404.00,325
2026-07-26,M001,Smart Watch,Electronics,8,9,23400.00,16848.00,28
2026-07-26,M001,USB-C Cable,Accessories,10,12,4200.00,2436.00,281
2026-07-26,M001,Wireless Earbuds,Electronics,17,20,36000.00,25200.00,52
2026-07-26,M002,Atta 5kg,Grocery,30,38,9880.00,8101.60,202
2026-07-26,M002,Biscuits Pack,Snacks,18,23,1380.00,1021.20,102
2026-07-26,M002,Cooking Oil 1L,Grocery,18,22,3190.00,2679.60,12
2026-07-26,M002,Detergent 1kg,Household,14,17,2040.00,1591.20,24
2026-07-26,M002,Milk Powder 500g,Grocery,2,2,580.00,464.00,47
2026-07-26,M002,Rice 5kg,Grocery,16,23,7820.00,6490.60,115
2026-07-26,M002,Sugar 1kg,Grocery,20,27,1296.00,1114.56,49
2026-07-26,M002,Tea Powder 500g,Beverages,7,9,1980.00,1485.00,65
2026-07-26,M003,Cold Coffee,Beverages,15,16,1920.00,729.60,221
2026-07-26,M003,Cookies,Snacks,9,12,720.00,259.20,129
2026-07-26,M003,Filter Coffee,Beverages,22,32,1600.00,544.00,169
2026-07-26,M003,Masala Chai,Beverages,21,34,1360.00,435.20,115
2026-07-26,M003,Samosa,Food,16,25,625.00,187.50,139
2026-07-26,M003,Veg Sandwich,Food,13,13,1430.00,600.60,133
2026-07-26,M004,Cotton Kurta,Apparel,16,18,16182.00,8414.64,81
2026-07-26,M004,Denim Jeans,Apparel,13,16,23200.00,12760.00,107
2026-07-26,M004,Formal Shirt,Apparel,3,5,5500.00,2970.00,24
2026-07-26,M004,Saree,Ethnic Wear,7,7,15400.00,8932.00,3
2026-07-26,M004,Scarf,Accessories,9,14,4900.00,2254.00,115
2026-07-26,M004,T-Shirt,Apparel,16,20,9980.00,4990.00,74
2026-07-27,M001,Bluetooth Speaker,Electronics,5,5,11000.00,7810.00,68
2026-07-27,M001,Phone Case,Accessories,14,18,4500.00,2520.00,71
2026-07-27,M001,Power Bank,Electronics,2,3,4500.00,3150.00,81
2026-07-27,M001,Screen Guard,Accessories,13,17,2550.00,1326.00,308
2026-07-27,M001,Smart Watch,Electronics,14,16,41600.00,29952.00,12
2026-07-27,M001,USB-C Cable,Accessories,7,9,3150.00,1827.00,272
2026-07-27,M001,Wireless Earbuds,Electronics,6,7,12600.00,8820.00,45
2026-07-27,M002,Atta 5kg,Grocery,32,41,10660.00,8741.20,161
2026-07-27,M002,Biscuits Pack,Snacks,18,25,1500.00,1110.00,77
2026-07-27,M002,Cooking Oil 1L,Grocery,23,30,4350.00,3654.00,182
2026-07-27,M002,Detergent 1kg,Household,11,12,1440.00,1123.20,12
2026-07-27,M002,Milk Powder 500g,Grocery,6,6,1740.00,1392.00,41
2026-07-27,M002,Rice 5kg,Grocery,12,14,4760.00,3950.80,101
2026-07-27,M002,Sugar 1kg,Grocery,27,35,1680.00,1444.80,14
2026-07-27,M002,Tea Powder 500g,Beverages,7,8,1760.00,1320.00,57
2026-07-27,M003,Cold Coffee,Beverages,13,19,2280.00,866.40,202
2026-07-27,M003,Cookies,Snacks,5,10,600.00,216.00,119
2026-07-27,M003,Filter Coffee,Beverages,9,13,650.00,221.00,156
2026-07-27,M003,Masala Chai,Beverages,9,14,560.00,179.20,101
2026-07-27,M003,Samosa,Food,10,15,375.00,112.50,124
2026-07-27,M003,Veg Sandwich,Food,12,16,1760.00,739.20,117
2026-07-27,M004,Cotton Kurta,Apparel,10,13,9558.90,6077.24,68
2026-07-27,M004,Denim Jeans,Apparel,8,9,13050.00,7177.50,98
2026-07-27,M004,Formal Shirt,Apparel,5,5,5500.00,2970.00,19
2026-07-27,M004,Saree,Ethnic Wear,5,6,13200.00,7656.00,97
2026-07-27,M004,Scarf,Accessories,3,4,1400.00,644.00,111
2026-07-27,M004,T-Shirt,Apparel,9,11,5489.00,2744.50,63
2026-07-28,M001,Bluetooth Speaker,Electronics,1,1,2200.00,1562.00,67
2026-07-28,M001,Phone Case,Accessories,13,18,4500.00,2520.00,53
2026-07-28,M001,Power Bank,Electronics,4,4,6000.00,4200.00,77
2026-07-28,M001,Screen Guard,Accessories,19,28,4200.00,2184.00,280
2026-07-28,M001,Smart Watch,Electronics,11,12,31200.00,22464.00,0
2026-07-28,M001,USB-C Cable,Accessories,5,6,2100.00,1218.00,266
2026-07-28,M001,Wireless Earbuds,Electronics,17,22,39600.00,27720.00,23
2026-07-28,M002,Atta 5kg,Grocery,18,23,5980.00,4903.60,138
2026-07-28,M002,Biscuits Pack,Snacks,12,19,1140.00,843.60,58
2026-07-28,M002,Cooking Oil 1L,Grocery,30,39,5655.00,4750.20,143
2026-07-28,M002,Detergent 1kg,Household,11,13,1560.00,1216.80,229
2026-07-28,M002,Milk Powder 500g,Grocery,10,13,3770.00,3016.00,28
2026-07-28,M002,Rice 5kg,Grocery,15,19,5912.28,5361.80,82
2026-07-28,M002,Sugar 1kg,Grocery,15,19,912.00,784.32,255
2026-07-28,M002,Tea Powder 500g,Beverages,13,17,3740.00,2805.00,40
2026-07-28,M003,Cold Coffee,Beverages,11,13,1560.00,592.80,189
2026-07-28,M003,Cookies,Snacks,3,5,300.00,108.00,114
2026-07-28,M003,Filter Coffee,Beverages,7,8,400.00,136.00,148
2026-07-28,M003,Masala Chai,Beverages,31,47,1880.00,601.60,54
2026-07-28,M003,Samosa,Food,7,11,275.00,82.50,113
2026-07-28,M003,Veg Sandwich,Food,12,13,1430.00,600.60,104
2026-07-28,M004,Cotton Kurta,Apparel,11,14,12586.00,6544.72,54
2026-07-28,M004,Denim Jeans,Apparel,6,7,10150.00,5582.50,91
2026-07-28,M004,Formal Shirt,Apparel,2,2,2200.00,1188.00,147
2026-07-28,M004,Saree,Ethnic Wear,8,10,22000.00,12760.00,87
2026-07-28,M004,Scarf,Accessories,6,8,2800.00,1288.00,103
2026-07-28,M004,T-Shirt,Apparel,10,11,5489.00,2744.50,52
2026-07-29,M001,Bluetooth Speaker,Electronics,8,8,17600.00,12496.00,59
2026-07-29,M001,Phone Case,Accessories,17,26,6500.00,3640.00,367
2026-07-29,M001,Power Bank,Electronics,5,5,7500.00,5250.00,72
2026-07-29,M001,Screen Guard,Accessories,5,7,1050.00,546.00,273
2026-07-29,M001,USB-C Cable,Accessories,8,11,3850.00,2233.00,255
2026-07-29,M001,Wireless Earbuds,Electronics,23,23,41400.00,28980.00,0
2026-07-29,M002,Atta 5kg,Grocery,22,23,5980.00,4903.60,115
2026-07-29,M002,Biscuits Pack,Snacks,10,13,780.00,577.20,45
2026-07-29,M002,Cooking Oil 1L,Grocery,27,34,4930.00,4141.20,109
2026-07-29,M002,Detergent 1kg,Household,16,22,2640.00,2059.20,207
2026-07-29,M002,Milk Powder 500g,Grocery,13,18,5220.00,4176.00,10
2026-07-29,M002,Rice 5kg,Grocery,15,18,6120.00,5079.60,64
2026-07-29,M002,Sugar 1kg,Grocery,12,21,1008.00,866.88,234
2026-07-29,M002,Tea Powder 500g,Beverages,8,8,1760.00,1320.00,32
2026-07-29,M003,Cold Coffee,Beverages,16,18,2160.00,820.80,171
2026-07-29,M003,Cookies,Snacks,11,14,840.00,302.40,100
2026-07-29,M003,Filter Coffee,Beverages,13,20,1000.00,340.00,128
2026-07-29,M003,Masala Chai,Beverages,23,34,1360.00,435.20,440
2026-07-29,M003,Samosa,Food,11,18,450.00,135.00,95
2026-07-29,M003,Veg Sandwich,Food,18,20,2200.00,924.00,84
2026-07-29,M004,Cotton Kurta,Apparel,8,10,8990.00,4674.80,44
2026-07-29,M004,Denim Jeans,Apparel,4,4,5800.00,3190.00,87
2026-07-29,M004,Formal Shirt,Apparel,6,7,6110.79,4158.00,140
2026-07-29,M004,Saree,Ethnic Wear,5,5,11000.00,6380.00,82
2026-07-29,M004,Scarf,Accessories,7,9,3150.00,1449.00,94
2026-07-29,M004,T-Shirt,Apparel,3,3,1497.00,748.50,49
2026-07-30,M001,Bluetooth Speaker,Electronics,2,2,4400.00,3124.00,57
2026-07-30,M001,Phone Case,Accessories,10,12,3000.00,1680.00,355
2026-07-30,M001,Power Bank,Electronics,2,2,3000.00,2100.00,70
2026-07-30,M001,Screen Guard,Accessories,5,8,1088.81,624.00,265
2026-07-30,M001,Smart Watch,Electronics,11,14,36400.00,26208.00,96
2026-07-30,M001,USB-C Cable,Accessories,11,14,4900.00,2842.00,241
2026-07-30,M002,Atta 5kg,Grocery,29,34,8840.00,7248.80,81
2026-07-30,M002,Biscuits Pack,Snacks,14,22,1320.00,976.80,343
2026-07-30,M002,Cooking Oil 1L,Grocery,21,33,4785.00,4019.40,76
2026-07-30,M002,Detergent 1kg,Household,18,20,2400.00,1872.00,187
2026-07-30,M002,Milk Powder 500g,Grocery,9,10,2900.00,2320.00,0
2026-07-30,M002,Rice 5kg,Grocery,24,27,9180.00,7619.40,37
2026-07-30,M002,Sugar 1kg,Grocery,11,20,960.00,825.60,214
2026-07-30,M002,Tea Powder 500g,Beverages,8,10,2200.00,1650.00,22
2026-07-30,M003,Cold Coffee,Beverages,5,6,720.00,273.60,165
2026-07-30,M003,Cookies,Snacks,9,13,780.00,280.80,87
2026-07-30,M003,Filter Coffee,Beverages,19,30,1229.39,510.00,98
2026-07-30,M003,Masala Chai,Beverages,28,42,1680.00,537.60,398
2026-07-30,M003,Samosa,Food,10,18,450.00,135.00,77
2026-07-30,M003,Veg Sandwich,Food,15,16,1760.00,739.20,68
2026-07-30,M004,Cotton Kurta,Apparel,5,7,6293.00,3272.36,37
2026-07-30,M004,Denim Jeans,Apparel,11,13,18850.00,10367.50,74
2026-07-30,M004,Formal Shirt,Apparel,2,2,1740.34,1188.00,138
2026-07-30,M004,Saree,Ethnic Wear,8,10,19552.28,12760.00,72
2026-07-30,M004,Scarf,Accessories,7,9,3150.00,1449.00,85
2026-07-30,M004,T-Shirt,Apparel,16,21,10479.00,5239.50,28
2026-07-31,M001,Bluetooth Speaker,Electronics,6,7,15400.00,10934.00,50
2026-07-31,M001,Phone Case,Accessories,9,14,3500.00,1960.00,341
2026-07-31,M001,Power Bank,Electronics,13,14,21000.00,14700.00,56
2026-07-31,M001,Screen Guard,Accessories,10,15,2250.00,1170.00,250
2026-07-31,M001,Smart Watch,Electronics,15,15,39000.00,28080.00,81
2026-07-31,M001,USB-C Cable,Accessories,11,17,5950.00,3451.00,224
2026-07-31,M001,Wireless Earbuds,Electronics,18,20,36000.00,25200.00,160
2026-07-31,M002,Atta 5kg,Grocery,27,34,8840.00,7248.80,47
2026-07-31,M002,Biscuits Pack,Snacks,18,25,1500.00,1110.00,318
2026-07-31,M002,Cooking Oil 1L,Grocery,23,29,4205.00,3532.20,47
2026-07-31,M002,Detergent 1kg,Household,12,14,1680.00,1310.40,173
2026-07-31,M002,Milk Powder 500g,Grocery,6,6,1583.13,1392.00,124
2026-07-31,M002,Rice 5kg,Grocery,18,20,6394.19,5644.00,17
2026-07-31,M002,Sugar 1kg,Grocery,9,11,528.00,454.08,203
2026-07-31,M002,Tea Powder 500g,Beverages,11,15,3300.00,2475.00,177
2026-07-31,M003,Cold Coffee,Beverages,11,15,1800.00,684.00,150
2026-07-31,M003,Cookies,Snacks,3,3,180.00,64.80,84
2026-07-31,M003,Filter Coffee,Beverages,9,13,650.00,221.00,85
2026-07-31,M003,Masala Chai,Beverages,27,40,1600.00,512.00,358
2026-07-31,M003,Samosa,Food,15,23,575.00,172.50,454
2026-07-31,M003,Veg Sandwich,Food,19,23,2530.00,1062.60,45
2026-07-31,M004,Cotton Kurta,Apparel,5,8,7192.00,3739.84,29
2026-07-31,M004,Denim Jeans,Apparel,13,14,20300.00,11165.00,60
2026-07-31,M004,Formal Shirt,Apparel,8,10,11000.00,5940.00,128
2026-07-31,M004,Saree,Ethnic Wear,13,15,33000.00,19140.00,57
2026-07-31,M004,Scarf,Accessories,5,6,2100.00,966.00,79
2026-07-31,M004,T-Shirt,Apparel,14,18,8982.00,4491.00,230
2026-08-01,M001,Bluetooth Speaker,Electronics,7,8,15499.17,12496.00,42
2026-08-01,M001,Phone Case,Accessories,22,32,8000.00,4480.00,309
2026-08-01,M001,Power Bank,Electronics,5,6,9000.00,6300.00,50
2026-08-01,M001,Screen Guard,Accessories,21,29,4350.00,2262.00,221
2026-08-01,M001,Smart Watch,Electronics,14,15,39000.00,28080.00,66
2026-08-01,M001,USB-C Cable,Accessories,12,14,4900.00,2842.00,210
2026-08-01,M001,Wireless Earbuds,Electronics,20,23,41400.00,28980.00,137
2026-08-01,M002,Atta 5kg,Grocery,23,27,7020.00,5756.40,20
2026-08-01,M002,Biscuits Pack,Snacks,28,42,2520.00,1864.80,276
2026-08-01,M002,Cooking Oil 1L,Grocery,26,34,4598.44,4141.20,13
2026-08-01,M002,Detergent 1kg,Household,31,39,4680.00,3650.40,134
2026-08-01,M002,Milk Powder 500g,Grocery,16,18,5220.00,4176.00,106
2026-08-01,M002,Rice 5kg,Grocery,17,17,5780.00,4797.40,0
2026-08-01,M002,Sugar 1kg,Grocery,40,55,2640.00,2270.40,148
2026-08-01,M002,Tea Powder 500g,Beverages,12,17,3740.00,2805.00,160
2026-08-01,M003,Cold Coffee,Beverages,11,13,1560.00,592.80,137
2026-08-01,M003,Cookies,Snacks,7,7,420.00,151.20,77
2026-08-01,M003,Filter Coffee,Beverages,15,18,900.00,306.00,67
2026-08-01,M003,Masala Chai,Beverages,32,46,1840.00,588.80,312
2026-08-01,M003,Samosa,Food,19,31,775.00,232.50,423
2026-08-01,M003,Veg Sandwich,Food,14,16,1760.00,739.20,29
2026-08-01,M004,Cotton Kurta,Apparel,29,29,26071.00,13556.92,0
2026-08-01,M004,Denim Jeans,Apparel,18,20,29000.00,15950.00,40
2026-08-01,M004,Formal Shirt,Apparel,10,10,11000.00,5940.00,118
2026-08-01,M004,Saree,Ethnic Wear,16,16,35200.00,20416.00,41
2026-08-01,M004,Scarf,Accessories,6,10,3056.48,1610.00,69
2026-08-01,M004,T-Shirt,Apparel,11,15,7485.00,3742.50,215
2026-08-02,M001,Bluetooth Speaker,Electronics,7,8,17600.00,12496.00,34
2026-08-02,M001,Phone Case,Accessories,29,37,9250.00,5180.00,272
2026-08-02,M001,Power Bank,Electronics,4,5,7500.00,5250.00,45
2026-08-02,M001,Screen Guard,Accessories,11,14,2100.00,1092.00,207
2026-08-02,M001,Smart Watch,Electronics,21,21,54600.00,39312.00,45
2026-08-02,M001,USB-C Cable,Accessories,2,2,700.00,406.00,208
2026-08-02,M001,Wireless Earbuds,Electronics,19,25,45000.00,31500.00,112
2026-08-02,M002,Atta 5kg,Grocery,20,20,4743.02,4264.00,0
2026-08-02,M002,Biscuits Pack,Snacks,39,54,3240.00,2397.60,222
2026-08-02,M002,Cooking Oil 1L,Grocery,13,13,1885.00,1583.40,0
2026-08-02,M002,Detergent 1kg,Household,23,27,3240.00,2527.20,107
2026-08-02,M002,Milk Powder 500g,Grocery,10,13,3770.00,3016.00,93
2026-08-02,M002,Rice 5kg,Grocery,23,28,9520.00,7901.60,162
2026-08-02,M002,Sugar 1kg,Grocery,18,27,1296.00,1114.56,121
2026-08-02,M002,Tea Powder 500g,Beverages,21,29,6380.00,4785.00,131
2026-08-02,M003,Cold Coffee,Beverages,15,16,1920.00,729.60,121
2026-08-02,M003,Cookies,Snacks,13,19,1140.00,410.40,58
2026-08-02,M003,Filter Coffee,Beverages,15,21,1050.00,357.00,386
2026-08-02,M003,Masala Chai,Beverages,31,45,1800.00,576.00,267
2026-08-02,M003,Samosa,Food,18,26,602.62,195.00,397
2026-08-02,M003,Veg Sandwich,Food,16,21,2310.00,970.20,8
2026-08-02,M004,Cotton Kurta,Apparel,16,20,17980.00,9349.60,140
2026-08-02,M004,Denim Jeans,Apparel,13,15,21750.00,11962.50,25
2026-08-02,M004,Formal Shirt,Apparel,15,15,16500.00,8910.00,103
2026-08-02,M004,Saree,Ethnic Wear,15,16,35200.00,20416.00,25
2026-08-02,M004,Scarf,Accessories,2,3,802.00,483.00,66
2026-08-02,M004,T-Shirt,Apparel,15,19,9481.00,4740.50,196
2026-08-03,M001,Bluetooth Speaker,Electronics,6,6,13200.00,9372.00,28
2026-08-03,M001,Phone Case,Accessories,19,28,6447.23,3920.00,244
2026-08-03,M001,Power Bank,Electronics,5,5,7500.00,5250.00,40
2026-08-03,M001,Screen Guard,Accessories,20,26,3900.00,2028.00,181
2026-08-03,M001,Smart Watch,Electronics,23,23,59800.00,43056.00,22
2026-08-03,M001,USB-C Cable,Accessories,7,8,2800.00,1624.00,200
2026-08-03,M001,Wireless Earbuds,Electronics,12,14,25200.00,17640.00,98
2026-08-03,M002,Atta 5kg,Grocery,23,30,7800.00,6396.00,210
2026-08-03,M002,Biscuits Pack,Snacks,18,26,1560.00,1154.40,196
2026-08-03,M002,Cooking Oil 1L,Grocery,44,57,8265.00,6942.60,143
2026-08-03,M002,Detergent 1kg,Household,14,16,1920.00,1497.60,91
2026-08-03,M002,Milk Powder 500g,Grocery,4,5,1450.00,1160.00,88
2026-08-03,M002,Rice 5kg,Grocery,18,23,7820.00,6490.60,139
2026-08-03,M002,Sugar 1kg,Grocery,15,19,912.00,784.32,102
2026-08-03,M002,Tea Powder 500g,Beverages,12,15,3300.00,2475.00,116
2026-08-03,M003,Cold Coffee,Beverages,10,12,1440.00,547.20,109
2026-08-03,M003,Cookies,Snacks,3,3,180.00,64.80,55
2026-08-03,M003,Filter Coffee,Beverages,13,17,756.18,289.00,369
2026-08-03,M003,Masala Chai,Beverages,20,27,1080.00,345.60,240
2026-08-03,M003,Samosa,Food,12,20,500.00,150.00,377
2026-08-03,M003,Veg Sandwich,Food,16,21,2310.00,970.20,197
2026-08-03,M004,Cotton Kurta,Apparel,10,11,9889.00,5142.28,129
2026-08-03,M004,Denim Jeans,Apparel,9,9,13050.00,7177.50,16
2026-08-03,M004,Formal Shirt,Apparel,7,9,9900.00,5346.00,94
2026-08-03,M004,Saree,Ethnic Wear,6,7,15400.00,8932.00,18
2026-08-03,M004,Scarf,Accessories,3,4,1305.53,644.00,62
2026-08-03,M004,T-Shirt,Apparel,10,14,6986.00,3493.00,182
2026-08-04,M001,Bluetooth Speaker,Electronics,2,2,3804.78,3124.00,26
2026-08-04,M001,Phone Case,Accessories,14,20,5000.00,2800.00,224
2026-08-04,M001,Power Bank,Electronics,5,5,7500.00,5250.00,35
2026-08-04,M001,Screen Guard,Accessories,14,20,3000.00,1560.00,161
2026-08-04,M001,Smart Watch,Electronics,12,12,31200.00,22464.00,10
2026-08-04,M001,USB-C Cable,Accessories,6,7,2450.00,1421.00,193
2026-08-04,M001,Wireless Earbuds,Electronics,20,23,35496.95,28980.00,75
2026-08-04,M002,Atta 5kg,Grocery,33,39,10140.00,8314.80,171
2026-08-04,M002,Biscuits Pack,Snacks,14,16,960.00,710.40,180
2026-08-04,M002,Cooking Oil 1L,Grocery,32,42,6090.00,5115.60,101
2026-08-04,M002,Detergent 1kg,Household,14,18,2160.00,1684.80,73
2026-08-04,M002,Milk Powder 500g,Grocery,8,12,3480.00,2784.00,76
2026-08-04,M002,Rice 5kg,Grocery,10,11,3740.00,3104.20,128
2026-08-04,M002,Sugar 1kg,Grocery,36,48,2304.00,1981.44,54
2026-08-04,M002,Tea Powder 500g,Beverages,21,27,5940.00,4455.00,89
2026-08-04,M003,Cold Coffee,Beverages,7,7,840.00,319.20,102
2026-08-04,M003,Cookies,Snacks,5,6,360.00,129.60,49
2026-08-04,M003,Filter Coffee,Beverages,17,21,1050.00,357.00,348
2026-08-04,M003,Masala Chai,Beverages,24,33,931.68,422.40,207
2026-08-04,M003,Samosa,Food,10,12,300.00,90.00,365
2026-08-04,M003,Veg Sandwich,Food,16,19,2090.00,877.80,178
2026-08-04,M004,Cotton Kurta,Apparel,16,20,17980.00,9349.60,109
2026-08-04,M004,Denim Jeans,Apparel,5,5,7250.00,3987.50,11
2026-08-04,M004,Formal Shirt,Apparel,4,5,5500.00,2970.00,89
2026-08-04,M004,Saree,Ethnic Wear,4,4,8800.00,5104.00,14
2026-08-04,M004,Scarf,Accessories,4,4,1400.00,644.00,58
2026-08-04,M004,T-Shirt,Apparel,8,10,4990.00,2495.00,172
2026-08-05,M001,Bluetooth Speaker,Electronics,4,4,8800.00,6248.00,22
2026-08-05,M001,Phone Case,Accessories,12,16,4000.00,2240.00,208
2026-08-05,M001,Power Bank,Electronics,7,9,13500.00,9450.00,26
2026-08-05,M001,Screen Guard,Accessories,4,6,900.00,468.00,155
2026-08-05,M001,Smart Watch,Electronics,10,10,26000.00,18720.00,0
2026-08-05,M001,USB-C Cable,Accessories,7,12,4200.00,2436.00,181
2026-08-05,M001,Wireless Earbuds,Electronics,7,9,16200.00,11340.00,66
2026-08-05,M002,Atta 5kg,Grocery,31,35,9100.00,7462.00,136
2026-08-05,M002,Biscuits Pack,Snacks,25,38,2280.00,1687.20,142
2026-08-05,M002,Cooking Oil 1L,Grocery,48,63,9135.00,7673.40,38
2026-08-05,M002,Detergent 1kg,Household,11,12,1440.00,1123.20,61
2026-08-05,M002,Milk Powder 500g,Grocery,6,6,1740.00,1392.00,70
2026-08-05,M002,Rice 5kg,Grocery,17,20,6800.00,5644.00,108
2026-08-05,M002,Sugar 1kg,Grocery,15,21,1008.00,866.88,33
2026-08-05,M002,Tea Powder 500g,Beverages,14,20,4400.00,3300.00,69
2026-08-05,M003,Cold Coffee,Beverages,10,12,1440.00,547.20,90
2026-08-05,M003,Cookies,Snacks,7,9,540.00,194.40,270
2026-08-05,M003,Filter Coffee,Beverages,12,16,800.00,272.00,332
2026-08-05,M003,Masala Chai,Beverages,9,13,520.00,166.40,194
2026-08-05,M003,Samosa,Food,17,31,775.00,232.50,334
2026-08-05,M003,Veg Sandwich,Food,8,11,1210.00,508.20,167
2026-08-05,M004,Cotton Kurta,Apparel,8,10,8990.00,4674.80,99
2026-08-05,M004,Denim Jeans,Apparel,7,7,10150.00,5582.50,124
2026-08-05,M004,Formal Shirt,Apparel,5,7,7700.00,4158.00,82
2026-08-05,M004,Saree,Ethnic Wear,8,11,24200.00,14036.00,103
2026-08-05,M004,Scarf,Accessories,4,6,2100.00,966.00,52
2026-08-05,M004,T-Shirt,Apparel,12,19,9481.00,4740.50,153
2026-08-06,M001,Bluetooth Speaker,Electronics,4,4,8800.00,6248.00,18
2026-08-06,M001,Phone Case,Accessories,23,32,8000.00,4480.00,176
2026-08-06,M001,Power Bank,Electronics,4,4,6000.00,4200.00,22
2026-08-06,M001,Screen Guard,Accessories,12,18,2700.00,1404.00,137
2026-08-06,M001,Smart Watch,Electronics,11,12,31200.00,22464.00,98
2026-08-06,M001,USB-C Cable,Accessories,8,10,3500.00,2030.00,171
2026-08-06,M001,Wireless Earbuds,Electronics,14,16,28800.00,20160.00,50
2026-08-06,M002,Atta 5kg,Grocery,14,18,4316.15,3837.60,118
2026-08-06,M002,Biscuits Pack,Snacks,20,29,1740.00,1287.60,113
2026-08-06,M002,Cooking Oil 1L,Grocery,35,38,5510.00,4628.40,0
2026-08-06,M002,Detergent 1kg,Household,17,21,2520.00,1965.60,40
2026-08-06,M002,Milk Powder 500g,Grocery,3,5,1450.00,1160.00,65
2026-08-06,M002,Rice 5kg,Grocery,13,18,6120.00,5079.60,90
2026-08-06,M002,Sugar 1kg,Grocery,11,14,672.00,577.92,19
2026-08-06,M002,Tea Powder 500g,Beverages,12,16,3520.00,2640.00,53
2026-08-06,M003,Cold Coffee,Beverages,8,10,1200.00,456.00,80
2026-08-06,M003,Cookies,Snacks,10,13,780.00,280.80,257
2026-08-06,M003,Filter Coffee,Beverages,12,18,900.00,306.00,314
2026-08-06,M003,Masala Chai,Beverages,20,29,1160.00,371.20,165
2026-08-06,M003,Samosa,Food,15,25,625.00,187.50,309
2026-08-06,M003,Veg Sandwich,Food,17,24,2640.00,1108.80,143
2026-08-06,M004,Cotton Kurta,Apparel,13,17,15283.00,7947.16,82
2026-08-06,M004,Denim Jeans,Apparel,7,7,10150.00,5582.50,117
2026-08-06,M004,Formal Shirt,Apparel,6,6,6600.00,3564.00,76
2026-08-06,M004,Saree,Ethnic Wear,6,7,15400.00,8932.00,96
2026-08-06,M004,Scarf,Accessories,3,4,1400.00,644.00,48
2026-08-06,M004,T-Shirt,Apparel,8,9,4491.00,2245.50,144
2026-08-07,M001,Bluetooth Speaker,Electronics,7,8,17600.00,12496.00,10
2026-08-07,M001,Phone Case,Accessories,17,21,5250.00,2940.00,155
2026-08-07,M001,Power Bank,Electronics,6,6,9000.00,6300.00,16
2026-08-07,M001,Screen Guard,Accessories,7,11,1650.00,858.00,126
2026-08-07,M001,Smart Watch,Electronics,9,10,26000.00,18720.00,88
2026-08-07,M001,USB-C Cable,Accessories,12,15,5250.00,3045.00,156
2026-08-07,M001,Wireless Earbuds,Electronics,20,21,37800.00,26460.00,29
2026-08-07,M002,Atta 5kg,Grocery,17,21,5460.00,4477.20,97
2026-08-07,M002,Biscuits Pack,Snacks,19,24,1440.00,1065.60,89
2026-08-07,M002,Detergent 1kg,Household,14,18,2160.00,1684.80,22
2026-08-07,M002,Milk Powder 500g,Grocery,10,13,3770.00,3016.00,52
2026-08-07,M002,Rice 5kg,Grocery,17,22,7480.00,6208.40,68
2026-08-07,M002,Sugar 1kg,Grocery,19,26,1248.00,1073.28,253
2026-08-07,M002,Tea Powder 500g,Beverages,12,14,3080.00,2310.00,39
2026-08-07,M003,Cold Coffee,Beverages,16,18,2160.00,820.80,62
2026-08-07,M003,Cookies,Snacks,7,9,540.00,194.40,248
2026-08-07,M003,Filter Coffee,Beverages,15,23,1150.00,391.00,291
2026-08-07,M003,Masala Chai,Beverages,11,15,600.00,192.00,150
2026-08-07,M003,Samosa,Food,12,14,350.00,105.00,295
2026-08-07,M003,Veg Sandwich,Food,12,13,1430.00,600.60,130
2026-08-07,M004,Cotton Kurta,Apparel,10,10,8990.00,4674.80,72
2026-08-07,M004,Denim Jeans,Apparel,12,13,18850.00,10367.50,104
2026-08-07,M004,Formal Shirt,Apparel,4,6,6600.00,3564.00,70
2026-08-07,M004,Saree,Ethnic Wear,7,7,15400.00,8932.00,89
2026-08-07,M004,Scarf,Accessories,5,8,2525.29,1288.00,40
2026-08-07,M004,T-Shirt,Apparel,22,31,15469.00,7734.50,113
2026-08-08,M001,Bluetooth Speaker,Electronics,10,10,22000.00,15620.00,0
2026-08-08,M001,Phone Case,Accessories,17,23,5750.00,3220.00,132
2026-08-08,M001,Power Bank,Electronics,7,8,12000.00,8400.00,108
2026-08-08,M001,Screen Guard,Accessories,9,13,1950.00,1014.00,113
2026-08-08,M001,Smart Watch,Electronics,14,14,36400.00,26208.00,74
2026-08-08,M001,USB-C Cable,Accessories,7,9,3150.00,1827.00,147
2026-08-08,M001,Wireless Earbuds,Electronics,28,29,52200.00,36540.00,0
2026-08-08,M002,Atta 5kg,Grocery,16,18,4680.00,3837.60,79
2026-08-08,M002,Biscuits Pack,Snacks,28,37,2220.00,1642.80,52
2026-08-08,M002,Cooking Oil 1L,Grocery,38,48,6960.00,5846.40,152
2026-08-08,M002,Detergent 1kg,Household,14,18,2160.00,1684.80,234
2026-08-08,M002,Milk Powder 500g,Grocery,8,9,2610.00,2088.00,43
2026-08-08,M002,Rice 5kg,Grocery,34,41,13940.00,11570.20,27
2026-08-08,M002,Sugar 1kg,Grocery,19,26,1248.00,1073.28,227
2026-08-08,M002,Tea Powder 500g,Beverages,17,23,5060.00,3795.00,16
2026-08-08,M003,Cold Coffee,Beverages,15,17,2040.00,775.20,45
2026-08-08,M003,Cookies,Snacks,5,8,480.00,172.80,240
2026-08-08,M003,Filter Coffee,Beverages,18,23,1150.00,391.00,268
2026-08-08,M003,Masala Chai,Beverages,19,29,1160.00,371.20,121
2026-08-08,M003,Samosa,Food,21,33,825.00,247.50,262
2026-08-08,M003,Veg Sandwich,Food,11,13,1430.00,600.60,117
2026-08-08,M004,Cotton Kurta,Apparel,22,26,23374.00,12154.48,46
2026-08-08,M004,Denim Jeans,Apparel,15,17,24650.00,13557.50,87
2026-08-08,M004,Formal Shirt,Apparel,13,17,18700.00,10098.00,53
2026-08-08,M004,Saree,Ethnic Wear,8,9,19800.00,11484.00,80
2026-08-08,M004,Scarf,Accessories,9,14,4900.00,2254.00,26
2026-08-08,M004,T-Shirt,Apparel,15,21,10479.00,5239.50,92
2026-08-09,M001,Bluetooth Speaker,Electronics,6,8,17600.00,12496.00,72
2026-08-09,M001,Phone Case,Accessories,21,30,7500.00,4200.00,102
2026-08-09,M001,Power Bank,Electronics,4,4,6000.00,4200.00,104
2026-08-09,M001,Screen Guard,Accessories,13,17,2550.00,1326.00,96
2026-08-09,M001,Smart Watch,Electronics,12,14,36400.00,26208.00,60
2026-08-09,M001,USB-C Cable,Accessories,1,1,350.00,203.00,146
2026-08-09,M002,Atta 5kg,Grocery,26,30,7800.00,6396.00,49
2026-08-09,M002,Biscuits Pack,Snacks,22,34,2040.00,1509.60,18
2026-08-09,M002,Cooking Oil 1L,Grocery,25,34,4930.00,4141.20,118
2026-08-09,M002,Detergent 1kg,Household,15,19,2280.00,1778.40,215
2026-08-09,M002,Milk Powder 500g,Grocery,3,4,1056.71,928.00,39
2026-08-09,M002,Rice 5kg,Grocery,13,15,5100.00,4233.00,12
2026-08-09,M002,Sugar 1kg,Grocery,7,9,432.00,371.52,218
2026-08-09,M002,Tea Powder 500g,Beverages,16,16,3520.00,2640.00,0
2026-08-09,M003,Cold Coffee,Beverages,20,25,3000.00,1140.00,280
2026-08-09,M003,Cookies,Snacks,7,8,480.00,172.80,232
2026-08-09,M003,Filter Coffee,Beverages,22,30,1159.24,510.00,238
2026-08-09,M003,Masala Chai,Beverages,22,33,1320.00,422.40,88
2026-08-09,M003,Samosa,Food,28,44,954.04,330.00,218
2026-08-09,M003,Veg Sandwich,Food,14,14,1540.00,646.80,103
2026-08-09,M004,Cotton Kurta,Apparel,26,33,29667.00,15426.84,13
2026-08-09,M004,Denim Jeans,Apparel,14,17,24650.00,13557.50,70
2026-08-09,M004,Formal Shirt,Apparel,4,5,5500.00,2970.00,48
2026-08-09,M004,Saree,Ethnic Wear,9,10,22000.00,12760.00,70
2026-08-09,M004,Scarf,Accessories,7,10,3500.00,1610.00,186
2026-08-09,M004,T-Shirt,Apparel,22,28,13972.00,6986.00,64
2026-08-10,M001,Bluetooth Speaker,Electronics,1,1,2200.00,1562.00,71
2026-08-10,M001,Phone Case,Accessories,16,23,5750.00,3220.00,79
2026-08-10,M001,Power Bank,Electronics,7,7,10500.00,7350.00,97
2026-08-10,M001,Screen Guard,Accessories,9,14,2100.00,1092.00,82
2026-08-10,M001,Smart Watch,Electronics,4,4,10400.00,7488.00,56
2026-08-10,M001,USB-C Cable,Accessories,5,5,1750.00,1015.00,141
2026-08-10,M001,Wireless Earbuds,Electronics,12,15,27000.00,18900.00,165
2026-08-10,M002,Atta 5kg,Grocery,33,40,10400.00,8528.00,9
2026-08-10,M002,Biscuits Pack,Snacks,22,30,1800.00,1332.00,308
2026-08-10,M002,Cooking Oil 1L,Grocery,27,37,5365.00,4506.60,81
2026-08-10,M002,Detergent 1kg,Household,13,15,1800.00,1404.00,200
2026-08-10,M002,Milk Powder 500g,Grocery,7,8,2320.00,1856.00,31
2026-08-10,M002,Rice 5kg,Grocery,12,12,4080.00,3386.40,0
2026-08-10,M002,Sugar 1kg,Grocery,9,14,672.00,577.92,204
2026-08-10,M002,Tea Powder 500g,Beverages,12,17,3740.00,2805.00,153
2026-08-10,M003,Cold Coffee,Beverages,14,15,1800.00,684.00,265
2026-08-10,M003,Cookies,Snacks,2,2,120.00,43.20,230
2026-08-10,M003,Filter Coffee,Beverages,15,24,1200.00,408.00,214
2026-08-10,M003,Masala Chai,Beverages,19,28,1120.00,358.40,60
2026-08-10,M003,Samosa,Food,7,12,300.00,90.00,206
2026-08-10,M003,Veg Sandwich,Food,7,8,765.49,369.60,95
2026-08-10,M004,Cotton Kurta,Apparel,13,13,11687.00,6077.24,0
2026-08-10,M004,Denim Jeans,Apparel,3,3,4350.00,2392.50,67
2026-08-10,M004,Formal Shirt,Apparel,4,5,5500.00,2970.00,43
2026-08-10,M004,Saree,Ethnic Wear,5,6,13200.00,7656.00,64
2026-08-10,M004,Scarf,Accessories,3,5,1750.00,805.00,181
2026-08-10,M004,T-Shirt,Apparel,10,13,5278.35,3243.50,51
2026-08-11,M001,Bluetooth Speaker,Electronics,8,9,19800.00,14058.00,62
2026-08-11,M001,Phone Case,Accessories,8,12,3000.00,1680.00,67
2026-08-11,M001,Power Bank,Electronics,2,2,3000.00,2100.00,95
2026-08-11,M001,Screen Guard,Accessories,5,8,1200.00,624.00,74
2026-08-11,M001,Smart Watch,Electronics,13,14,36400.00,26208.00,42
2026-08-11,M001,USB-C Cable,Accessories,7,9,3150.00,1827.00,132
2026-08-11,M001,Wireless Earbuds,Electronics,10,10,18000.00,12600.00,155
2026-08-11,M002,Atta 5kg,Grocery,9,9,2340.00,1918.80,0
2026-08-11,M002,Biscuits Pack,Snacks,13,22,1320.00,976.80,286
2026-08-11,M002,Cooking Oil 1L,Grocery,26,34,4930.00,4141.20,47
2026-08-11,M002,Detergent 1kg,Household,8,11,1320.00,1029.60,189
2026-08-11,M002,Milk Powder 500g,Grocery,4,5,1450.00,1160.00,26
2026-08-11,M002,Rice 5kg,Grocery,20,24,8160.00,6772.80,166
2026-08-11,M002,Sugar 1kg,Grocery,15,20,960.00,825.60,184
2026-08-11,M002,Tea Powder 500g,Beverages,6,10,2200.00,1650.00,143
2026-08-11,M003,Cold Coffee,Beverages,7,10,1200.00,456.00,255
2026-08-11,M003,Cookies,Snacks,6,7,420.00,151.20,223
2026-08-11,M003,Filter Coffee,Beverages,12,17,776.95,289.00,197
2026-08-11,M003,Masala Chai,Beverages,15,25,1000.00,320.00,35
2026-08-11,M003,Samosa,Food,13,18,450.00,135.00,188
2026-08-11,M003,Veg Sandwich,Food,6,8,880.00,369.60,87
2026-08-11,M004,Denim Jeans,Apparel,6,8,11600.00,6380.00,59
2026-08-11,M004,Formal Shirt,Apparel,4,5,5500.00,2970.00,38
2026-08-11,M004,Saree,Ethnic Wear,7,8,17600.00,10208.00,56
2026-08-11,M004,Scarf,Accessories,6,8,2800.00,1288.00,173
2026-08-11,M004,T-Shirt,Apparel,9,11,5489.00,2744.50,40
2026-08-12,M001,Bluetooth Speaker,Electronics,3,3,6600.00,4686.00,59
2026-08-12,M001,Phone Case,Accessories,16,22,5500.00,3080.00,45
2026-08-12,M001,Power Bank,Electronics,3,3,4500.00,3150.00,92
2026-08-12,M001,Screen Guard,Accessories,12,17,2550.00,1326.00,457
2026-08-12,M001,Smart Watch,Electronics,11,11,28600.00,20592.00,31
2026-08-12,M001,USB-C Cable,Accessories,2,2,700.00,406.00,130
2026-08-12,M001,Wireless Earbuds,Electronics,16,19,34200.00,23940.00,136
2026-08-12,M002,Atta 5kg,Grocery,32,40,10400.00,8528.00,200
2026-08-12,M002,Biscuits Pack,Snacks,21,33,1980.00,1465.20,253
2026-08-12,M002,Cooking Oil 1L,Grocery,23,31,4495.00,3775.80,16
2026-08-12,M002,Detergent 1kg,Household,14,17,2040.00,1591.20,172
2026-08-12,M002,Milk Powder 500g,Grocery,4,5,1450.00,1160.00,21
2026-08-12,M002,Rice 5kg,Grocery,22,26,8840.00,7337.20,140
2026-08-12,M002,Sugar 1kg,Grocery,13,17,816.00,701.76,167
2026-08-12,M002,Tea Powder 500g,Beverages,10,14,3080.00,2310.00,129
2026-08-12,M003,Cold Coffee,Beverages,17,20,2400.00,912.00,235
2026-08-12,M003,Cookies,Snacks,6,9,540.00,194.40,214
2026-08-12,M003,Filter Coffee,Beverages,13,18,900.00,306.00,179
2026-08-12,M003,Masala Chai,Beverages,25,37,1480.00,473.60,418
2026-08-12,M003,Samosa,Food,16,27,675.00,202.50,161
2026-08-12,M003,Veg Sandwich,Food,14,17,1870.00,785.40,70
2026-08-12,M004,Cotton Kurta,Apparel,17,17,15283.00,7947.16,143
2026-08-12,M004,Denim Jeans,Apparel,8,10,14500.00,7975.00,49
2026-08-12,M004,Formal Shirt,Apparel,13,16,15079.72,9504.00,22
2026-08-12,M004,Saree,Ethnic Wear,3,3,6600.00,3828.00,53
2026-08-12,M004,Scarf,Accessories,8,9,3150.00,1449.00,164
2026-08-12,M004,T-Shirt,Apparel,8,10,4990.00,2495.00,30
2026-08-13,M001,Bluetooth Speaker,Electronics,10,11,24200.00,17182.00,48
2026-08-13,M001,Phone Case,Accessories,8,10,2500.00,1400.00,375
2026-08-13,M001,Power Bank,Electronics,12,12,18000.00,12600.00,80
2026-08-13,M001,Screen Guard,Accessories,5,8,1200.00,624.00,449
2026-08-13,M001,Smart Watch,Electronics,7,8,20800.00,14976.00,23
2026-08-13,M001,USB-C Cable,Accessories,7,9,3150.00,1827.00,121
2026-08-13,M001,Wireless Earbuds,Electronics,6,8,14400.00,10080.00,128
2026-08-13,M002,Atta 5kg,Grocery,24,27,7020.00,5756.40,173
2026-08-13,M002,Biscuits Pack,Snacks,16,25,1500.00,1110.00,228
2026-08-13,M002,Cooking Oil 1L,Grocery,16,16,2320.00,1948.80,0
2026-08-13,M002,Detergent 1kg,Household,13,14,1680.00,1310.40,158
2026-08-13,M002,Milk Powder 500g,Grocery,7,8,2320.00,1856.00,143
2026-08-13,M002,Rice 5kg,Grocery,8,10,3400.00,2822.00,130
2026-08-13,M002,Sugar 1kg,Grocery,14,18,864.00,743.04,149
2026-08-13,M002,Tea Powder 500g,Beverages,12,16,3520.00,2640.00,113
2026-08-13,M003,Cold Coffee,Beverages,6,7,840.00,319.20,228
2026-08-13,M003,Cookies,Snacks,8,9,540.00,194.40,205
2026-08-13,M003,Filter Coffee,Beverages,16,24,1200.00,408.00,155
2026-08-13,M003,Masala Chai,Beverages,20,30,1200.00,384.00,388
2026-08-13,M003,Samosa,Food,11,20,500.00,150.00,141
2026-08-13,M003,Veg Sandwich,Food,12,13,1430.00,600.60,57
2026-08-13,M004,Cotton Kurta,Apparel,10,15,13485.00,7012.20,128
2026-08-13,M004,Denim Jeans,Apparel,8,9,13050.00,7177.50,40
2026-08-13,M004,Formal Shirt,Apparel,4,4,4400.00,2376.00,18
2026-08-13,M004,Saree,Ethnic Wear,4,5,11000.00,6380.00,48
2026-08-13,M004,Scarf,Accessories,6,10,3500.00,1610.00,154
2026-08-13,M004,T-Shirt,Apparel,11,15,7485.00,3742.50,235
2026-08-14,M001,Bluetooth Speaker,Electronics,6,6,13200.00,9372.00,42
2026-08-14,M001,Phone Case,Accessories,14,19,4750.00,2660.00,356
2026-08-14,M001,Power Bank,Electronics,3,3,4500.00,3150.00,77
2026-08-14,M001,Screen Guard,Accessories,14,19,2850.00,1482.00,430
2026-08-14,M001,Smart Watch,Electronics,17,20,52000.00,37440.00,3
2026-08-14,M001,USB-C Cable,Accessories,12,18,5209.64,3654.00,103
2026-08-14,M001,Wireless Earbuds,Electronics,13,16,28800.00,20160.00,112
2026-08-14,M002,Atta 5kg,Grocery,35,39,10140.00,8314.80,134
2026-08-14,M002,Biscuits Pack,Snacks,19,29,1740.00,1287.60,199
2026-08-14,M002,Cooking Oil 1L,Grocery,30,36,5220.00,4384.80,164
2026-08-14,M002,Detergent 1kg,Household,10,13,1560.00,1216.80,145
2026-08-14,M002,Milk Powder 500g,Grocery,5,7,2030.00,1624.00,136
2026-08-14,M002,Rice 5kg,Grocery,25,28,9520.00,7901.60,102
2026-08-14,M002,Sugar 1kg,Grocery,18,23,1104.00,949.44,126
2026-08-14,M002,Tea Powder 500g,Beverages,19,22,4840.00,3630.00,91
2026-08-14,M003,Cold Coffee,Beverages,9,11,1320.00,501.60,217
2026-08-14,M003,Cookies,Snacks,4,6,360.00,129.60,199
2026-08-14,M003,Filter Coffee,Beverages,31,39,1950.00,663.00,116
2026-08-14,M003,Masala Chai,Beverages,33,44,1760.00,563.20,344
2026-08-14,M003,Samosa,Food,12,21,525.00,157.50,120
2026-08-14,M003,Veg Sandwich,Food,19,23,2530.00,1062.60,34
2026-08-14,M004,Cotton Kurta,Apparel,9,11,9889.00,5142.28,117
2026-08-14,M004,Denim Jeans,Apparel,14,15,21750.00,11962.50,25
2026-08-14,M004,Formal Shirt,Apparel,6,6,6600.00,3564.00,12
2026-08-14,M004,Saree,Ethnic Wear,12,14,30800.00,17864.00,34
2026-08-14,M004,Scarf,Accessories,5,6,2100.00,966.00,148
2026-08-14,M004,T-Shirt,Apparel,14,19,9481.00,4740.50,216
2026-08-15,M001,Bluetooth Speaker,Electronics,10,11,24200.00,17182.00,31
2026-08-15,M001,Phone Case,Accessories,20,25,6250.00,3500.00,331
2026-08-15,M001,Power Bank,Electronics,7,8,12000.00,8400.00,69
2026-08-15,M001,Screen Guard,Accessories,13,17,2550.00,1326.00,413
2026-08-15,M001,Smart Watch,Electronics,3,3,7800.00,5616.00,0
2026-08-15,M001,USB-C Cable,Accessories,12,17,5950.00,3451.00,86
2026-08-15,M001,Wireless Earbuds,Electronics,15,19,34200.00,23940.00,93
2026-08-15,M002,Atta 5kg,Grocery,26,29,6876.91,6182.80,105
2026-08-15,M002,Biscuits Pack,Snacks,17,23,1380.00,1021.20,176
2026-08-15,M002,Cooking Oil 1L,Grocery,25,33,4785.00,4019.40,131
2026-08-15,M002,Detergent 1kg,Household,13,15,1800.00,1404.00,130
2026-08-15,M002,Milk Powder 500g,Grocery,13,16,4640.00,3712.00,120
2026-08-15,M002,Rice 5kg,Grocery,28,36,11346.36,10159.20,66
2026-08-15,M002,Sugar 1kg,Grocery,14,20,960.00,825.60,106
2026-08-15,M002,Tea Powder 500g,Beverages,17,21,4620.00,3465.00,70
2026-08-15,M003,Cold Coffee,Beverages,15,20,2400.00,912.00,197
2026-08-15,M003,Cookies,Snacks,8,10,600.00,216.00,189
2026-08-15,M003,Filter Coffee,Beverages,21,28,1400.00,476.00,88
2026-08-15,M003,Masala Chai,Beverages,36,50,2000.00,640.00,294
2026-08-15,M003,Samosa,Food,20,30,750.00,225.00,90
2026-08-15,M003,Veg Sandwich,Food,11,13,1430.00,600.60,21
2026-08-15,M004,Cotton Kurta,Apparel,18,19,17081.00,8882.12,98
2026-08-15,M004,Denim Jeans,Apparel,8,8,11600.00,6380.00,17
2026-08-15,M004,Formal Shirt,Apparel,15,15,16500.00,8910.00,127
2026-08-15,M004,Saree,Ethnic Wear,17,17,37400.00,21692.00,17
2026-08-15,M004,Scarf,Accessories,8,12,4200.00,1932.00,136
2026-08-15,M004,T-Shirt,Apparel,16,20,9980.00,4990.00,196
2026-08-16,M001,Bluetooth Speaker,Electronics,7,7,14366.92,10934.00,24
2026-08-16,M001,Phone Case,Accessories,21,30,7500.00,4200.00,301
2026-08-16,M001,Power Bank,Electronics,8,8,12000.00,8400.00,61
2026-08-16,M001,Screen Guard,Accessories,15,21,3150.00,1638.00,392
2026-08-16,M001,Smart Watch,Electronics,11,13,33800.00,24336.00,97
2026-08-16,M001,USB-C Cable,Accessories,10,14,4900.00,2842.00,72
2026-08-16,M001,Wireless Earbuds,Electronics,14,15,27000.00,18900.00,78
2026-08-16,M002,Atta 5kg,Grocery,30,35,9100.00,7462.00,70
2026-08-16,M002,Biscuits Pack,Snacks,28,46,2760.00,2042.40,130
2026-08-16,M002,Cooking Oil 1L,Grocery,37,50,6718.41,6090.00,81
2026-08-16,M002,Detergent 1kg,Household,24,29,3480.00,2714.40,101
2026-08-16,M002,Milk Powder 500g,Grocery,9,11,3190.00,2552.00,109
2026-08-16,M002,Rice 5kg,Grocery,23,29,9860.00,8183.80,37
2026-08-16,M002,Sugar 1kg,Grocery,5,5,240.00,206.40,101
2026-08-16,M002,Tea Powder 500g,Beverages,9,13,2860.00,2145.00,57
2026-08-16,M003,Cold Coffee,Beverages,23,25,3000.00,1140.00,172
2026-08-16,M003,Cookies,Snacks,7,10,531.72,216.00,179
2026-08-16,M003,Filter Coffee,Beverages,16,28,1400.00,476.00,60
2026-08-16,M003,Masala Chai,Beverages,25,35,1400.00,448.00,259
2026-08-16,M003,Samosa,Food,26,45,1125.00,337.50,45
2026-08-16,M003,Veg Sandwich,Food,12,12,1320.00,554.40,219
2026-08-16,M004,Cotton Kurta,Apparel,15,19,17081.00,8882.12,79
2026-08-16,M004,Denim Jeans,Apparel,17,17,24650.00,13557.50,0
2026-08-16,M004,Formal Shirt,Apparel,8,10,11000.00,5940.00,117
2026-08-16,M004,Saree,Ethnic Wear,6,6,13200.00,7656.00,11
2026-08-16,M004,Scarf,Accessories,4,6,2100.00,966.00,130
2026-08-16,M004,T-Shirt,Apparel,12,17,8483.00,4241.50,179
2026-08-17,M001,Bluetooth Speaker,Electronics,5,6,13200.00,9372.00,18
2026-08-17,M001,Phone Case,Accessories,11,16,4000.00,2240.00,285
2026-08-17,M001,Power Bank,Electronics,4,4,5598.32,4200.00,57
2026-08-17,M001,Screen Guard,Accessories,7,9,1350.00,702.00,383
2026-08-17,M001,Smart Watch,Electronics,18,20,52000.00,37440.00,77
2026-08-17,M001,USB-C Cable,Accessories,11,13,4550.00,2639.00,59
2026-08-17,M001,Wireless Earbuds,Electronics,9,13,23400.00,16380.00,65
2026-08-17,M002,Atta 5kg,Grocery,21,29,7540.00,6182.80,41
2026-08-17,M002,Biscuits Pack,Snacks,11,18,1080.00,799.20,112
2026-08-17,M002,Cooking Oil 1L,Grocery,36,44,6380.00,5359.20,37
2026-08-17,M002,Detergent 1kg,Household,21,29,3480.00,2714.40,72
2026-08-17,M002,Milk Powder 500g,Grocery,3,3,870.00,696.00,106
2026-08-17,M002,Rice 5kg,Grocery,17,22,7480.00,6208.40,15
2026-08-17,M002,Sugar 1kg,Grocery,11,17,816.00,701.76,84
2026-08-17,M002,Tea Powder 500g,Beverages,15,16,3520.00,2640.00,41
2026-08-17,M003,Cold Coffee,Beverages,7,9,1080.00,410.40,163
2026-08-17,M003,Cookies,Snacks,3,4,240.00,86.40,175
2026-08-17,M003,Filter Coffee,Beverages,16,22,1100.00,374.00,38
2026-08-17,M003,Masala Chai,Beverages,17,25,1000.00,320.00,234
2026-08-17,M003,Samosa,Food,16,29,725.00,217.50,416
2026-08-17,M003,Veg Sandwich,Food,12,13,1078.57,600.60,206
2026-08-17,M004,Cotton Kurta,Apparel,5,6,5394.00,2804.88,73
2026-08-17,M004,Denim Jeans,Apparel,9,11,15950.00,8772.50,109
2026-08-17,M004,Formal Shirt,Apparel,7,7,7700.00,4158.00,110
2026-08-17,M004,Saree,Ethnic Wear,8,8,17600.00,10208.00,3
2026-08-17,M004,Scarf,Accessories,4,5,1750.00,805.00,125
2026-08-17,M004,T-Shirt,Apparel,15,19,9481.00,4740.50,160
2026-08-18,M001,Bluetooth Speaker,Electronics,2,2,4400.00,3124.00,16
2026-08-18,M001,Phone Case,Accessories,10,13,3250.00,1820.00,272
2026-08-18,M001,Power Bank,Electronics,3,3,4500.00,3150.00,54
2026-08-18,M001,Screen Guard,Accessories,7,9,1350.00,702.00,374
2026-08-18,M001,Smart Watch,Electronics,11,11,28600.00,20592.00,66
2026-08-18,M001,USB-C Cable,Accessories,4,6,2100.00,1218.00,53
2026-08-18,M001,Wireless Earbuds,Electronics,14,17,30600.00,21420.00,48
2026-08-18,M002,Atta 5kg,Grocery,21,25,6500.00,5330.00,16
2026-08-18,M002,Biscuits Pack,Snacks,12,18,1080.00,799.20,94
2026-08-18,M002,Cooking Oil 1L,Grocery,22,30,4350.00,3654.00,7
2026-08-18,M002,Detergent 1kg,Household,9,10,1200.00,936.00,62
2026-08-18,M002,Milk Powder 500g,Grocery,3,3,870.00,696.00,103
2026-08-18,M002,Rice 5kg,Grocery,6,6,2040.00,1693.20,9
2026-08-18,M002,Sugar 1kg,Grocery,9,11,528.00,454.08,73
2026-08-18,M002,Tea Powder 500g,Beverages,10,12,2640.00,1980.00,29
2026-08-18,M003,Cold Coffee,Beverages,7,7,710.94,319.20,156
2026-08-18,M003,Cookies,Snacks,9,12,578.09,259.20,163
2026-08-18,M003,Filter Coffee,Beverages,8,8,400.00,136.00,370
2026-08-18,M003,Masala Chai,Beverages,9,13,520.00,166.40,221
2026-08-18,M003,Samosa,Food,16,24,523.06,180.00,392
2026-08-18,M003,Veg Sandwich,Food,6,6,660.00,277.20,200
2026-08-18,M004,Cotton Kurta,Apparel,8,10,8990.00,4674.80,63
2026-08-18,M004,Denim Jeans,Apparel,3,3,4350.00,2392.50,106
2026-08-18,M004,Formal Shirt,Apparel,9,10,11000.00,5940.00,100
2026-08-18,M004,Saree,Ethnic Wear,4,4,8800.00,5104.00,99
2026-08-18,M004,Scarf,Accessories,6,8,2800.00,1288.00,117
2026-08-18,M004,T-Shirt,Apparel,6,6,2994.00,1497.00,154
2026-08-19,M001,Bluetooth Speaker,Electronics,5,5,11000.00,7810.00,11
2026-08-19,M001,Phone Case,Accessories,9,14,3500.00,1960.00,258
2026-08-19,M001,Power Bank,Electronics,6,6,9000.00,6300.00,48
2026-08-19,M001,Screen Guard,Accessories,7,8,1200.00,624.00,366
2026-08-19,M001,Smart Watch,Electronics,11,12,31200.00,22464.00,54
2026-08-19,M001,USB-C Cable,Accessories,4,6,2100.00,1218.00,47
2026-08-19,M001,Wireless Earbuds,Electronics,12,15,27000.00,18900.00,33
2026-08-19,M002,Atta 5kg,Grocery,16,16,3929.00,3411.20,0
2026-08-19,M002,Biscuits Pack,Snacks,17,24,1440.00,1065.60,70
2026-08-19,M002,Cooking Oil 1L,Grocery,7,7,934.72,852.60,0
2026-08-19,M002,Detergent 1kg,Household,23,25,2684.49,2340.00,37
2026-08-19,M002,Milk Powder 500g,Grocery,12,13,3770.00,3016.00,90
2026-08-19,M002,Rice 5kg,Grocery,16,19,6460.00,5361.80,180
2026-08-19,M002,Sugar 1kg,Grocery,10,12,576.00,495.36,61
2026-08-19,M002,Tea Powder 500g,Beverages,12,16,3520.00,2640.00,13
2026-08-19,M003,Cold Coffee,Beverages,14,14,1680.00,638.40,142
2026-08-19,M003,Cookies,Snacks,2,2,120.00,43.20,161
2026-08-19,M003,Filter Coffee,Beverages,12,17,850.00,289.00,353
2026-08-19,M003,Masala Chai,Beverages,14,24,960.00,307.20,197
2026-08-19,M003,Samosa,Food,24,35,875.00,262.50,357
2026-08-19,M003,Veg Sandwich,Food,11,15,1650.00,693.00,185
2026-08-19,M004,Cotton Kurta,Apparel,14,15,13485.00,7012.20,48
2026-08-19,M004,Denim Jeans,Apparel,12,15,21750.00,11962.50,91
2026-08-19,M004,Formal Shirt,Apparel,8,8,8800.00,4752.00,92
2026-08-19,M004,Saree,Ethnic Wear,9,10,22000.00,12760.00,89
2026-08-19,M004,Scarf,Accessories,1,2,700.00,322.00,115
2026-08-19,M004,T-Shirt,Apparel,8,9,4491.00,2245.50,145
2026-08-20,M001,Bluetooth Speaker,Electronics,12,14,30800.00,21868.00,77
2026-08-20,M001,Phone Case,Accessories,20,32,8000.00,4480.00,226
2026-08-20,M001,Power Bank,Electronics,8,10,15000.00,10500.00,38
2026-08-20,M001,Screen Guard,Accessories,12,17,2550.00,1326.00,349
2026-08-20,M001,Smart Watch,Electronics,15,16,41600.00,29952.00,38
2026-08-20,M001,USB-C Cable,Accessories,5,5,1750.00,1015.00,322
2026-08-20,M001,Wireless Earbuds,Electronics,33,33,59400.00,41580.00,0
2026-08-20,M002,Atta 5kg,Grocery,26,31,8060.00,6609.20,209
2026-08-20,M002,Biscuits Pack,Snacks,26,40,2400.00,1776.00,30
2026-08-20,M002,Cooking Oil 1L,Grocery,36,50,7250.00,6090.00,150
2026-08-20,M002,Detergent 1kg,Household,20,27,3240.00,2527.20,10
2026-08-20,M002,Milk Powder 500g,Grocery,4,4,1160.00,928.00,86
2026-08-20,M002,Rice 5kg,Grocery,16,21,7140.00,5926.20,159
2026-08-20,M002,Sugar 1kg,Grocery,15,19,912.00,784.32,42
2026-08-20,M002,Tea Powder 500g,Beverages,7,9,1762.43,1485.00,174
2026-08-20,M003,Cold Coffee,Beverages,6,8,960.00,364.80,134
2026-08-20,M003,Cookies,Snacks,9,13,780.00,280.80,148
2026-08-20,M003,Filter Coffee,Beverages,9,12,600.00,204.00,341
2026-08-20,M003,Masala Chai,Beverages,24,35,1400.00,448.00,162
2026-08-20,M003,Samosa,Food,13,21,525.00,157.50,336
2026-08-20,M003,Veg Sandwich,Food,12,14,1540.00,646.80,171
2026-08-20,M004,Cotton Kurta,Apparel,13,13,11687.00,6077.24,35
2026-08-20,M004,Denim Jeans,Apparel,13,13,15193.18,10367.50,78
2026-08-20,M004,Formal Shirt,Apparel,4,5,5500.00,2970.00,87
2026-08-20,M004,Saree,Ethnic Wear,4,5,11000.00,6380.00,84
2026-08-20,M004,Scarf,Accessories,3,3,1050.00,483.00,112
2026-08-20,M004,T-Shirt,Apparel,16,21,10479.00,5239.50,124
2026-08-21,M001,Bluetooth Speaker,Electronics,8,10,22000.00,15620.00,67
2026-08-21,M001,Phone Case,Accessories,20,30,7500.00,4200.00,196
2026-08-21,M001,Power Bank,Electronics,10,13,19500.00,13650.00,25
2026-08-21,M001,Screen Guard,Accessories,11,15,2250.00,1170.00,334
2026-08-21,M001,Smart Watch,Electronics,19,23,59800.00,43056.00,15
2026-08-21,M001,USB-C Cable,Accessories,7,8,2800.00,1624.00,314
2026-08-21,M002,Atta 5kg,Grocery,20,23,5980.00,4903.60,186
2026-08-21,M002,Biscuits Pack,Snacks,24,36,2160.00,1598.40,314
2026-08-21,M002,Cooking Oil 1L,Grocery,30,36,5220.00,4384.80,114
2026-08-21,M002,Detergent 1kg,Household,22,30,3600.00,2808.00,210
2026-08-21,M002,Milk Powder 500g,Grocery,5,5,1450.00,1160.00,81
2026-08-21,M002,Rice 5kg,Grocery,17,20,6800.00,5644.00,139
2026-08-21,M002,Sugar 1kg,Grocery,18,23,1104.00,949.44,279
2026-08-21,M002,Tea Powder 500g,Beverages,12,14,3080.00,2310.00,160
2026-08-21,M003,Cold Coffee,Beverages,16,18,2160.00,820.80,116
2026-08-21,M003,Cookies,Snacks,13,14,840.00,302.40,134
2026-08-21,M003,Filter Coffee,Beverages,22,30,1500.00,510.00,311
2026-08-21,M003,Masala Chai,Beverages,25,36,1440.00,460.80,126
2026-08-21,M003,Samosa,Food,17,29,725.00,217.50,307
2026-08-21,M003,Veg Sandwich,Food,9,11,1210.00,508.20,160
2026-08-21,M004,Cotton Kurta,Apparel,33,35,31465.00,16361.80,0
2026-08-21,M004,Denim Jeans,Apparel,5,5,7250.00,3987.50,73
2026-08-21,M004,Formal Shirt,Apparel,15,16,16323.91,9504.00,71
2026-08-21,M004,Saree,Ethnic Wear,23,27,59400.00,34452.00,57
2026-08-21,M004,Scarf,Accessories,9,15,5250.00,2415.00,97
2026-08-21,M004,T-Shirt,Apparel,10,13,6487.00,3243.50,111
2026-08-22,M001,Bluetooth Speaker,Electronics,10,11,24200.00,17182.00,56
2026-08-22,M001,Phone Case,Accessories,11,15,3750.00,2100.00,181
2026-08-22,M001,Power Bank,Electronics,13,14,21000.00,14700.00,11
2026-08-22,M001,Screen Guard,Accessories,13,18,2700.00,1404.00,316
2026-08-22,M001,Smart Watch,Electronics,15,15,39000.00,28080.00,0
2026-08-22,M001,USB-C Cable,Accessories,10,16,5600.00,3248.00,298
2026-08-22,M001,Wireless Earbuds,Electronics,19,26,46800.00,32760.00,154
2026-08-22,M002,Atta 5kg,Grocery,37,47,12220.00,10020.40,139
2026-08-22,M002,Biscuits Pack,Snacks,26,36,2160.00,1598.40,278
2026-08-22,M002,Cooking Oil 1L,Grocery,24,29,4205.00,3532.20,85
2026-08-22,M002,Detergent 1kg,Household,16,18,2160.00,1684.80,192
2026-08-22,M002,Milk Powder 500g,Grocery,9,11,3190.00,2552.00,70
2026-08-22,M002,Rice 5kg,Grocery,23,25,8500.00,7055.00,114
2026-08-22,M002,Sugar 1kg,Grocery,12,14,672.00,577.92,265
2026-08-22,M002,Tea Powder 500g,Beverages,6,7,1540.00,1155.00,153
2026-08-22,M003,Cold Coffee,Beverages,15,19,2280.00,866.40,97
2026-08-22,M003,Cookies,Snacks,11,15,900.00,324.00,119
2026-08-22,M003,Filter Coffee,Beverages,12,16,800.00,272.00,295
2026-08-22,M003,Masala Chai,Beverages,17,26,1040.00,332.80,100
2026-08-22,M003,Samosa,Food,17,24,600.00,180.00,283
2026-08-22,M003,Veg Sandwich,Food,6,6,660.00,277.20,154
2026-08-22,M004,Denim Jeans,Apparel,12,12,17400.00,9570.00,61
2026-08-22,M004,Formal Shirt,Apparel,11,12,13200.00,7128.00,59
2026-08-22,M004,Saree,Ethnic Wear,30,36,79200.00,45936.00,21
2026-08-22,M004,Scarf,Accessories,5,7,2450.00,1127.00,90
2026-08-22,M004,T-Shirt,Apparel,29,39,19461.00,9730.50,72
2026-08-23,M001,Bluetooth Speaker,Electronics,4,5,11000.00,7810.00,51
2026-08-23,M001,Phone Case,Accessories,10,12,3000.00,1680.00,169
2026-08-23,M001,Power Bank,Electronics,3,3,4500.00,3150.00,8
2026-08-23,M001,Screen Guard,Accessories,9,12,1800.00,936.00,304
2026-08-23,M001,USB-C Cable,Accessories,8,11,3850.00,2233.00,287
2026-08-23,M001,Wireless Earbuds,Electronics,9,10,18000.00,12600.00,144
2026-08-23,M002,Atta 5kg,Grocery,28,33,8580.00,7035.60,106
2026-08-23,M002,Biscuits Pack,Snacks,27,38,2280.00,1687.20,240
2026-08-23,M002,Cooking Oil 1L,Grocery,21,29,4205.00,3532.20,56
2026-08-23,M002,Detergent 1kg,Household,15,17,2040.00,1591.20,175
2026-08-23,M002,Milk Powder 500g,Grocery,7,7,2030.00,1624.00,63
2026-08-23,M002,Rice 5kg,Grocery,19,22,7078.43,6208.40,92
2026-08-23,M002,Sugar 1kg,Grocery,18,24,1152.00,990.72,241
2026-08-23,M002,Tea Powder 500g,Beverages,9,10,2200.00,1650.00,143
2026-08-23,M003,Cold Coffee,Beverages,19,24,2880.00,1094.40,73
2026-08-23,M003,Cookies,Snacks,6,8,480.00,172.80,111
2026-08-23,M003,Filter Coffee,Beverages,17,26,1300.00,442.00,269
2026-08-23,M003,Masala Chai,Beverages,24,37,1480.00,473.60,63
2026-08-23,M003,Samosa,Food,21,31,775.00,232.50,252
2026-08-23,M003,Veg Sandwich,Food,17,24,2640.00,1108.80,130
2026-08-23,M004,Cotton Kurta,Apparel,35,38,34162.00,17764.24,122
2026-08-23,M004,Denim Jeans,Apparel,8,8,11600.00,6380.00,53
2026-08-23,M004,Formal Shirt,Apparel,11,13,14300.00,7722.00,46
2026-08-23,M004,Saree,Ethnic Wear,21,21,46200.00,26796.00,0
2026-08-23,M004,Scarf,Accessories,6,8,2800.00,1288.00,82
2026-08-23,M004,T-Shirt,Apparel,26,37,18463.00,9231.50,35
2026-08-24,M001,Bluetooth Speaker,Electronics,4,4,8800.00,6248.00,47
2026-08-24,M001,Phone Case,Accessories,18,25,6250.00,3500.00,144
2026-08-24,M001,Power Bank,Electronics,5,5,7500.00,5250.00,103
2026-08-24,M001,Screen Guard,Accessories,11,16,2400.00,1248.00,288
2026-08-24,M001,Smart Watch,Electronics,25,28,68016.92,52416.00,82
2026-08-24,M001,USB-C Cable,Accessories,15,20,7000.00,4060.00,267
2026-08-24,M001,Wireless Earbuds,Electronics,17,19,34200.00,23940.00,125
2026-08-24,M002,Atta 5kg,Grocery,35,45,11700.00,9594.00,61
2026-08-24,M002,Biscuits Pack,Snacks,21,33,1980.00,1465.20,207
2026-08-24,M002,Cooking Oil 1L,Grocery,36,48,6960.00,5846.40,8
2026-08-24,M002,Detergent 1kg,Household,15,18,2160.00,1684.80,157
2026-08-24,M002,Milk Powder 500g,Grocery,3,4,1160.00,928.00,59
2026-08-24,M002,Rice 5kg,Grocery,12,19,6460.00,5361.80,73
2026-08-24,M002,Sugar 1kg,Grocery,15,19,912.00,784.32,222
2026-08-24,M002,Tea Powder 500g,Beverages,12,15,3300.00,2475.00,128
2026-08-24,M003,Cold Coffee,Beverages,10,12,1440.00,547.20,61
2026-08-24,M003,Cookies,Snacks,8,11,660.00,237.60,100
2026-08-24,M003,Filter Coffee,Beverages,9,13,650.00,221.00,256
2026-08-24,M003,Masala Chai,Beverages,31,44,1760.00,563.20,19
2026-08-24,M003,Samosa,Food,24,38,950.00,285.00,214
2026-08-24,M003,Veg Sandwich,Food,9,12,1320.00,554.40,118
2026-08-24,M004,Cotton Kurta,Apparel,20,26,23374.00,12154.48,96
2026-08-24,M004,Denim Jeans,Apparel,6,6,8700.00,4785.00,47
2026-08-24,M004,Formal Shirt,Apparel,4,5,4798.67,2970.00,41
2026-08-24,M004,Scarf,Accessories,5,7,2450.00,1127.00,75
2026-08-24,M004,T-Shirt,Apparel,14,19,9481.00,4740.50,16
2026-08-25,M001,Bluetooth Speaker,Electronics,5,5,11000.00,7810.00,42
2026-08-25,M001,Phone Case,Accessories,13,18,4500.00,2520.00,126
2026-08-25,M001,Power Bank,Electronics,8,8,12000.00,8400.00,95
2026-08-25,M001,Screen Guard,Accessories,14,20,3000.00,1560.00,268
2026-08-25,M001,Smart Watch,Electronics,21,22,57200.00,41184.00,60
2026-08-25,M001,USB-C Cable,Accessories,6,8,2800.00,1624.00,259
2026-08-25,M001,Wireless Earbuds,Electronics,20,22,39600.00,27720.00,103
2026-08-25,M002,Atta 5kg,Grocery,21,26,6760.00,5543.20,35
2026-08-25,M002,Biscuits Pack,Snacks,24,35,2100.00,1554.00,172
2026-08-25,M002,Cooking Oil 1L,Grocery,8,8,1160.00,974.40,0
2026-08-25,M002,Detergent 1kg,Household,16,21,2520.00,1965.60,136
2026-08-25,M002,Milk Powder 500g,Grocery,9,12,3480.00,2784.00,47
2026-08-25,M002,Rice 5kg,Grocery,15,19,6460.00,5361.80,54
2026-08-25,M002,Sugar 1kg,Grocery,12,18,864.00,743.04,204
2026-08-25,M002,Tea Powder 500g,Beverages,14,18,3960.00,2970.00,110
2026-08-25,M003,Cold Coffee,Beverages,10,12,1440.00,547.20,49
2026-08-25,M003,Cookies,Snacks,3,3,180.00,64.80,97
2026-08-25,M003,Filter Coffee,Beverages,10,14,700.00,238.00,242
2026-08-25,M003,Masala Chai,Beverages,13,19,760.00,243.20,420
2026-08-25,M003,Samosa,Food,22,36,900.00,270.00,178
2026-08-25,M003,Veg Sandwich,Food,9,10,1100.00,462.00,108
2026-08-25,M004,Cotton Kurta,Apparel,23,28,25172.00,13089.44,68
2026-08-25,M004,Denim Jeans,Apparel,5,5,7250.00,3987.50,42
2026-08-25,M004,Formal Shirt,Apparel,5,6,6600.00,3564.00,35
2026-08-25,M004,Saree,Ethnic Wear,22,23,50600.00,29348.00,77
2026-08-25,M004,Scarf,Accessories,12,17,5950.00,2737.00,58
2026-08-25,M004,T-Shirt,Apparel,9,14,6986.00,3493.00,2
2026-08-26,M001,Bluetooth Speaker,Electronics,10,11,24200.00,17182.00,31
2026-08-26,M001,Phone Case,Accessories,6,8,2000.00,1120.00,118
2026-08-26,M001,Power Bank,Electronics,19,21,31500.00,22050.00,74
2026-08-26,M001,Screen Guard,Accessories,9,14,2100.00,1092.00,254
2026-08-26,M001,Smart Watch,Electronics,38,39,101400.00,73008.00,21
2026-08-26,M001,USB-C Cable,Accessories,10,11,3850.00,2233.00,248
2026-08-26,M001,Wireless Earbuds,Electronics,19,22,39600.00,27720.00,81
2026-08-26,M002,Atta 5kg,Grocery,27,32,8320.00,6822.40,3
2026-08-26,M002,Biscuits Pack,Snacks,29,39,2340.00,1731.60,133
2026-08-26,M002,Cooking Oil 1L,Grocery,26,33,4785.00,4019.40,167
2026-08-26,M002,Detergent 1kg,Household,18,23,2760.00,2152.80,113
2026-08-26,M002,Milk Powder 500g,Grocery,9,11,3190.00,2552.00,36
2026-08-26,M002,Rice 5kg,Grocery,12,13,4420.00,3668.60,41
2026-08-26,M002,Sugar 1kg,Grocery,12,14,672.00,577.92,190
2026-08-26,M002,Tea Powder 500g,Beverages,15,19,4180.00,3135.00,91
2026-08-26,M003,Cold Coffee,Beverages,4,6,720.00,273.60,303
2026-08-26,M003,Cookies,Snacks,6,6,360.00,129.60,91
2026-08-26,M003,Filter Coffee,Beverages,9,15,750.00,255.00,227
2026-08-26,M003,Masala Chai,Beverages,29,46,1840.00,588.80,374
2026-08-26,M003,Samosa,Food,10,14,350.00,105.00,164
2026-08-26,M003,Veg Sandwich,Food,6,7,770.00,323.40,101
2026-08-26,M004,Cotton Kurta,Apparel,19,20,17980.00,9349.60,48
2026-08-26,M004,Denim Jeans,Apparel,13,15,21750.00,11962.50,27
2026-08-26,M004,Formal Shirt,Apparel,17,17,18700.00,10098.00,18
2026-08-26,M004,Saree,Ethnic Wear,16,17,37400.00,21692.00,60
2026-08-26,M004,Scarf,Accessories,9,12,4200.00,1932.00,46
2026-08-26,M004,T-Shirt,Apparel,19,23,11477.00,5738.50,199
2026-08-27,M001,Bluetooth Speaker,Electronics,10,12,26400.00,18744.00,19
2026-08-27,M001,Phone Case,Accessories,31,38,9500.00,5320.00,80
2026-08-27,M001,Power Bank,Electronics,9,9,13500.00,9450.00,65
2026-08-27,M001,Screen Guard,Accessories,7,9,1350.00,702.00,245
2026-08-27,M001,Smart Watch,Electronics,21,21,54600.00,39312.00,0
2026-08-27,M001,USB-C Cable,Accessories,8,10,3167.60,2030.00,238
2026-08-27,M001,Wireless Earbuds,Electronics,14,17,30600.00,21420.00,64
2026-08-27,M002,Atta 5kg,Grocery,3,3,780.00,639.60,0
2026-08-27,M002,Biscuits Pack,Snacks,30,44,2465.08,1953.60,89
2026-08-27,M002,Cooking Oil 1L,Grocery,19,26,3770.00,3166.80,141
2026-08-27,M002,Detergent 1kg,Household,11,17,2040.00,1591.20,96
2026-08-27,M002,Milk Powder 500g,Grocery,9,12,3480.00,2784.00,24
2026-08-27,M002,Rice 5kg,Grocery,25,31,10540.00,8748.20,10
2026-08-27,M002,Sugar 1kg,Grocery,27,35,1680.00,1444.80,155
2026-08-27,M002,Tea Powder 500g,Beverages,17,23,5060.00,3795.00,68
2026-08-27,M003,Cold Coffee,Beverages,7,7,735.82,319.20,296
2026-08-27,M003,Cookies,Snacks,4,5,300.00,108.00,86
2026-08-27,M003,Filter Coffee,Beverages,15,20,1000.00,340.00,207
2026-08-27,M003,Masala Chai,Beverages,17,25,1000.00,320.00,349
2026-08-27,M003,Samosa,Food,20,30,750.00,225.00,134
2026-08-27,M003,Veg Sandwich,Food,11,14,1540.00,646.80,87
2026-08-27,M004,Cotton Kurta,Apparel,31,33,29667.00,15426.84,15
2026-08-27,M004,Denim Jeans,Apparel,13,14,20300.00,11165.00,13
2026-08-27,M004,Formal Shirt,Apparel,8,10,11000.00,5940.00,8
2026-08-27,M004,Saree,Ethnic Wear,26,31,68200.00,39556.00,29
2026-08-27,M004,Scarf,Accessories,3,5,1750.00,805.00,41
2026-08-27,M004,T-Shirt,Apparel,18,23,11477.00,5738.50,176
2026-08-28,M001,Bluetooth Speaker,Electronics,19,19,41800.00,29678.00,0
2026-08-28,M001,Phone Case,Accessories,24,34,8500.00,4760.00,46
2026-08-28,M001,Power Bank,Electronics,6,6,9000.00,6300.00,59
2026-08-28,M001,Screen Guard,Accessories,12,16,1829.46,1248.00,229
2026-08-28,M001,USB-C Cable,Accessories,11,14,4900.00,2842.00,224
2026-08-28,M001,Wireless Earbuds,Electronics,24,32,57600.00,40320.00,32
2026-08-28,M002,Atta 5kg,Grocery,49,58,15080.00,12365.60,182
2026-08-28,M002,Biscuits Pack,Snacks,30,38,2280.00,1687.20,51
2026-08-28,M002,Cooking Oil 1L,Grocery,24,29,4205.00,3532.20,112
2026-08-28,M002,Detergent 1kg,Household,22,27,3240.00,2527.20,69
2026-08-28,M002,Milk Powder 500g,Grocery,10,12,3201.59,2784.00,12
2026-08-28,M002,Rice 5kg,Grocery,10,10,3400.00,2822.00,0
2026-08-28,M002,Sugar 1kg,Grocery,19,28,1254.58,1155.84,127
2026-08-28,M002,Tea Powder 500g,Beverages,18,22,4840.00,3630.00,46
2026-08-28,M003,Cold Coffee,Beverages,8,9,1080.00,410.40,287
2026-08-28,M003,Cookies,Snacks,13,16,960.00,345.60,70
2026-08-28,M003,Filter Coffee,Beverages,7,11,508.88,187.00,196
2026-08-28,M003,Masala Chai,Beverages,36,56,2240.00,716.80,293
2026-08-28,M003,Samosa,Food,21,28,700.00,210.00,106
2026-08-28,M003,Veg Sandwich,Food,17,19,2090.00,877.80,68
2026-08-28,M004,Cotton Kurta,Apparel,15,15,13485.00,7012.20,0
2026-08-28,M004,Denim Jeans,Apparel,13,13,18850.00,10367.50,0
2026-08-28,M004,Formal Shirt,Apparel,20,23,25300.00,13662.00,115
2026-08-28,M004,Saree,Ethnic Wear,29,29,63800.00,37004.00,0
2026-08-28,M004,Scarf,Accessories,5,7,2450.00,1127.00,34
2026-08-28,M004,T-Shirt,Apparel,40,55,27445.00,13722.50,121
2026-08-29,M001,Phone Case,Accessories,17,23,5750.00,3220.00,23
2026-08-29,M001,Power Bank,Electronics,7,8,12000.00,8400.00,51
2026-08-29,M001,Screen Guard,Accessories,24,36,5400.00,2808.00,193
2026-08-29,M001,Smart Watch,Electronics,44,45,117000.00,84240.00,65
2026-08-29,M001,USB-C Cable,Accessories,12,15,5250.00,3045.00,209
2026-08-29,M001,Wireless Earbuds,Electronics,18,21,37800.00,26460.00,11
2026-08-29,M002,Atta 5kg,Grocery,31,36,9360.00,7675.20,146
2026-08-29,M002,Biscuits Pack,Snacks,29,44,2640.00,1953.60,7
2026-08-29,M002,Cooking Oil 1L,Grocery,42,52,7540.00,6333.60,60
2026-08-29,M002,Detergent 1kg,Household,17,22,2454.39,2059.20,47
2026-08-29,M002,Milk Powder 500g,Grocery,6,7,2030.00,1624.00,5
2026-08-29,M002,Rice 5kg,Grocery,18,25,8500.00,7055.00,165
2026-08-29,M002,Sugar 1kg,Grocery,12,15,720.00,619.20,112
2026-08-29,M002,Tea Powder 500g,Beverages,18,22,4840.00,3630.00,24
2026-08-29,M003,Cold Coffee,Beverages,17,21,2520.00,957.60,266
2026-08-29,M003,Cookies,Snacks,10,13,780.00,280.80,57
2026-08-29,M003,Filter Coffee,Beverages,12,18,900.00,306.00,178
2026-08-29,M003,Masala Chai,Beverages,23,34,1360.00,435.20,259
2026-08-29,M003,Samosa,Food,19,25,625.00,187.50,81
2026-08-29,M003,Veg Sandwich,Food,24,28,3080.00,1293.60,40
2026-08-29,M004,Denim Jeans,Apparel,29,33,47850.00,26317.50,87
2026-08-29,M004,Formal Shirt,Apparel,20,21,23100.00,12474.00,94
2026-08-29,M004,Scarf,Accessories,14,19,5902.11,3059.00,185
2026-08-29,M004,T-Shirt,Apparel,37,48,23952.00,11976.00,73
2026-08-30,M001,Bluetooth Speaker,Electronics,9,10,22000.00,15620.00,70
2026-08-30,M001,Phone Case,Accessories,9,11,2750.00,1540.00,352
2026-08-30,M001,Power Bank,Electronics,6,8,12000.00,8400.00,43
2026-08-30,M001,Screen Guard,Accessories,9,12,1800.00,936.00,181
2026-08-30,M001,Smart Watch,Electronics,33,37,96200.00,69264.00,28
2026-08-30,M001,USB-C Cable,Accessories,11,14,4900.00,2842.00,195
2026-08-30,M001,Wireless Earbuds,Electronics,11,11,18148.37,13860.00,0
2026-08-30,M002,Atta 5kg,Grocery,43,52,13520.00,11086.40,94
2026-08-30,M002,Biscuits Pack,Snacks,17,25,1500.00,1110.00,302
2026-08-30,M002,Cooking Oil 1L,Grocery,30,40,5380.87,4872.00,20
2026-08-30,M002,Detergent 1kg,Household,32,39,4680.00,3650.40,8
2026-08-30,M002,Milk Powder 500g,Grocery,6,6,1740.00,1392.00,129
2026-08-30,M002,Rice 5kg,Grocery,26,31,10540.00,8748.20,134
2026-08-30,M002,Sugar 1kg,Grocery,24,31,1488.00,1279.68,81
2026-08-30,M002,Tea Powder 500g,Beverages,17,24,5280.00,3960.00,0
2026-08-30,M003,Cold Coffee,Beverages,11,14,1680.00,638.40,252
2026-08-30,M003,Cookies,Snacks,10,14,840.00,302.40,43
2026-08-30,M003,Filter Coffee,Beverages,18,25,1250.00,425.00,153
2026-08-30,M003,Masala Chai,Beverages,28,38,1520.00,486.40,221
2026-08-30,M003,Samosa,Food,17,24,539.79,180.00,57
2026-08-30,M003,Veg Sandwich,Food,11,12,1320.00,554.40,28
2026-08-30,M004,Cotton Kurta,Apparel,45,51,45849.00,23841.48,109
2026-08-30,M004,Denim Jeans,Apparel,20,22,31900.00,17545.00,65
2026-08-30,M004,Formal Shirt,Apparel,11,15,16500.00,8910.00,79
2026-08-30,M004,Scarf,Accessories,10,15,5250.00,2415.00,170
2026-08-30,M004,T-Shirt,Apparel,31,42,20958.00,10479.00,31
2026-08-31,M001,Bluetooth Speaker,Electronics,11,11,24200.00,17182.00,59
2026-08-31,M001,Phone Case,Accessories,18,24,6000.00,3360.00,328
2026-08-31,M001,Power Bank,Electronics,4,7,10500.00,7350.00,36
2026-08-31,M001,Screen Guard,Accessories,8,10,1500.00,780.00,171
2026-08-31,M001,Smart Watch,Electronics,17,18,46800.00,33696.00,10
2026-08-31,M001,USB-C Cable,Accessories,9,11,3850.00,2233.00,184
2026-08-31,M001,Wireless Earbuds,Electronics,12,14,25200.00,17640.00,166
2026-08-31,M002,Atta 5kg,Grocery,26,32,8320.00,6822.40,62
2026-08-31,M002,Biscuits Pack,Snacks,19,28,1680.00,1243.20,274
2026-08-31,M002,Cooking Oil 1L,Grocery,20,20,2900.00,2436.00,0
2026-08-31,M002,Detergent 1kg,Household,8,8,960.00,748.80,0
2026-08-31,M002,Milk Powder 500g,Grocery,4,4,1160.00,928.00,125
2026-08-31,M002,Rice 5kg,Grocery,22,26,8840.00,7337.20,108
2026-08-31,M002,Sugar 1kg,Grocery,15,21,1008.00,866.88,60
2026-08-31,M003,Cold Coffee,Beverages,10,13,1560.00,592.80,239
2026-08-31,M003,Cookies,Snacks,6,7,382.22,151.20,266
2026-08-31,M003,Filter Coffee,Beverages,9,10,500.00,170.00,143
2026-08-31,M003,Masala Chai,Beverages,15,18,720.00,230.40,203
2026-08-31,M003,Samosa,Food,24,37,925.00,277.50,420
2026-08-31,M003,Veg Sandwich,Food,8,8,880.00,369.60,20
2026-08-31,M004,Cotton Kurta,Apparel,30,39,35061.00,18231.72,70
2026-08-31,M004,Denim Jeans,Apparel,16,20,29000.00,15950.00,45
2026-08-31,M004,Formal Shirt,Apparel,12,14,15400.00,8316.00,65
2026-08-31,M004,Saree,Ethnic Wear,20,22,48400.00,28072.00,78
2026-08-31,M004,Scarf,Accessories,4,6,1850.45,966.00,164
2026-08-31,M004,T-Shirt,Apparel,18,23,11477.00,5738.50,8
2026-09-01,M001,Bluetooth Speaker,Electronics,12,13,26767.23,20306.00,46
2026-09-01,M001,Phone Case,Accessories,16,18,4500.00,2520.00,310
2026-09-01,M001,Power Bank,Electronics,15,16,24000.00,16800.00,20
2026-09-01,M001,Screen Guard,Accessories,10,13,1851.92,1014.00,158
2026-09-01,M001,Smart Watch,Electronics,10,10,24578.08,18720.00,0
2026-09-01,M001,USB-C Cable,Accessories,21,27,9450.00,5481.00,157
2026-09-01,M001,Wireless Earbuds,Electronics,13,17,30600.00,21420.00,149
2026-09-01,M002,Atta 5kg,Grocery,33,39,10140.00,8314.80,23
2026-09-01,M002,Biscuits Pack,Snacks,26,34,2040.00,1509.60,240
2026-09-01,M002,Cooking Oil 1L,Grocery,62,79,11455.00,9622.20,121
2026-09-01,M002,Detergent 1kg,Household,16,20,2400.00,1872.00,210
2026-09-01,M002,Milk Powder 500g,Grocery,11,13,3770.00,3016.00,112
2026-09-01,M002,Rice 5kg,Grocery,26,34,11560.00,9594.80,74
2026-09-01,M002,Sugar 1kg,Grocery,21,27,1296.00,1114.56,33
2026-09-01,M002,Tea Powder 500g,Beverages,21,22,4840.00,3630.00,148
2026-09-01,M003,Cold Coffee,Beverages,5,7,840.00,319.20,232
2026-09-01,M003,Cookies,Snacks,4,5,300.00,108.00,261
2026-09-01,M003,Filter Coffee,Beverages,8,12,600.00,204.00,131
2026-09-01,M003,Masala Chai,Beverages,27,41,1640.00,524.80,162
2026-09-01,M003,Samosa,Food,11,14,350.00,105.00,406
2026-09-01,M003,Veg Sandwich,Food,6,7,770.00,323.40,223
2026-09-01,M004,Cotton Kurta,Apparel,22,27,24273.00,12621.96,43
2026-09-01,M004,Denim Jeans,Apparel,21,23,33350.00,18342.50,22
2026-09-01,M004,Formal Shirt,Apparel,10,12,13200.00,7128.00,53
2026-09-01,M004,Saree,Ethnic Wear,24,27,59400.00,34452.00,51
2026-09-01,M004,Scarf,Accessories,9,11,3850.00,1771.00,153
2026-09-01,M004,T-Shirt,Apparel,8,8,3992.00,1996.00,0
2026-09-02,M001,Bluetooth Speaker,Electronics,14,16,35200.00,24992.00,30
2026-09-02,M001,Phone Case,Accessories,10,12,3000.00,1680.00,298
2026-09-02,M001,Power Bank,Electronics,16,17,23068.94,17850.00,3
2026-09-02,M001,Screen Guard,Accessories,15,22,2562.25,1716.00,136
2026-09-02,M001,USB-C Cable,Accessories,11,14,4900.00,2842.00,143
2026-09-02,M001,Wireless Earbuds,Electronics,11,13,23400.00,16380.00,136
2026-09-02,M002,Atta 5kg,Grocery,23,23,5980.00,4903.60,0
2026-09-02,M002,Biscuits Pack,Snacks,15,22,1320.00,976.80,218
2026-09-02,M002,Cooking Oil 1L,Grocery,38,50,7250.00,6090.00,71
2026-09-02,M002,Detergent 1kg,Household,16,18,2160.00,1684.80,192
2026-09-02,M002,Milk Powder 500g,Grocery,15,18,5220.00,4176.00,94
2026-09-02,M002,Rice 5kg,Grocery,25,32,10880.00,9030.40,42
2026-09-02,M002,Sugar 1kg,Grocery,25,33,1584.00,1362.24,0
2026-09-02,M002,Tea Powder 500g,Beverages,8,10,2200.00,1650.00,138
2026-09-02,M003,Cold Coffee,Beverages,4,4,480.00,182.40,228
2026-09-02,M003,Cookies,Snacks,10,12,720.00,259.20,249
2026-09-02,M003,Filter Coffee,Beverages,11,18,900.00,306.00,113
2026-09-02,M003,Masala Chai,Beverages,24,37,1480.00,473.60,125
2026-09-02,M003,Samosa,Food,16,24,600.00,180.00,382
2026-09-02,M003,Veg Sandwich,Food,11,14,1540.00,646.80,209
2026-09-02,M004,Cotton Kurta,Apparel,24,26,23374.00,12154.48,17
2026-09-02,M004,Denim Jeans,Apparel,10,11,15950.00,8772.50,11
2026-09-02,M004,Formal Shirt,Apparel,10,13,14300.00,7722.00,40
2026-09-02,M004,Saree,Ethnic Wear,30,32,70400.00,40832.00,19
2026-09-02,M004,Scarf,Accessories,6,10,3500.00,1610.00,143
2026-09-02,M004,T-Shirt,Apparel,14,19,9481.00,4740.50,201
2026-09-03,M001,Bluetooth Speaker,Electronics,9,10,22000.00,15620.00,20
2026-09-03,M001,Phone Case,Accessories,9,13,2997.02,1820.00,285
2026-09-03,M001,Power Bank,Electronics,3,3,4500.00,3150.00,0
2026-09-03,M001,Screen Guard,Accessories,9,12,1800.00,936.00,124
2026-09-03,M001,Smart Watch,Electronics,13,14,36400.00,26208.00,96
2026-09-03,M001,USB-C Cable,Accessories,20,27,9450.00,5481.00,116
2026-09-03,M001,Wireless Earbuds,Electronics,14,16,28800.00,20160.00,120
2026-09-03,M002,Biscuits Pack,Snacks,24,34,2040.00,1509.60,184
2026-09-03,M002,Cooking Oil 1L,Grocery,29,35,5075.00,4263.00,36
2026-09-03,M002,Detergent 1kg,Household,20,22,2640.00,2059.20,170
2026-09-03,M002,Milk Powder 500g,Grocery,8,8,2320.00,1856.00,86
2026-09-03,M002,Rice 5kg,Grocery,31,36,12240.00,10159.20,6
2026-09-03,M002,Sugar 1kg,Grocery,25,36,1728.00,1486.08,224
2026-09-03,M002,Tea Powder 500g,Beverages,31,39,8580.00,6435.00,99
2026-09-03,M003,Cold Coffee,Beverages,12,13,1560.00,592.80,215
2026-09-03,M003,Cookies,Snacks,5,6,360.00,129.60,243
2026-09-03,M003,Filter Coffee,Beverages,12,18,900.00,306.00,95
2026-09-03,M003,Masala Chai,Beverages,31,47,1880.00,601.60,78
2026-09-03,M003,Samosa,Food,11,16,400.00,120.00,366
2026-09-03,M003,Veg Sandwich,Food,5,5,550.00,231.00,204
2026-09-03,M004,Cotton Kurta,Apparel,17,17,15283.00,7947.16,0
2026-09-03,M004,Denim Jeans,Apparel,10,11,15950.00,8772.50,0
2026-09-03,M004,Formal Shirt,Apparel,13,14,15400.00,8316.00,26
2026-09-03,M004,Saree,Ethnic Wear,19,19,41800.00,24244.00,0
2026-09-03,M004,Scarf,Accessories,10,14,4900.00,2254.00,129
2026-09-03,M004,T-Shirt,Apparel,13,18,8982.00,4491.00,183
2026-09-04,M001,Bluetooth Speaker,Electronics,9,9,19800.00,14058.00,11
2026-09-04,M001,Phone Case,Accessories,12,16,4000.00,2240.00,269
2026-09-04,M001,Power Bank,Electronics,9,10,15000.00,10500.00,90
2026-09-04,M001,Screen Guard,Accessories,13,16,2400.00,1248.00,108
2026-09-04,M001,Smart Watch,Electronics,31,32,83200.00,59904.00,64
2026-09-04,M001,USB-C Cable,Accessories,8,11,3850.00,2233.00,105
2026-09-04,M001,Wireless Earbuds,Electronics,17,20,36000.00,25200.00,100
2026-09-04,M002,Atta 5kg,Grocery,33,40,10400.00,8528.00,200
2026-09-04,M002,Biscuits Pack,Snacks,29,36,2160.00,1598.40,148
2026-09-04,M002,Cooking Oil 1L,Grocery,36,36,5220.00,4384.80,0
2026-09-04,M002,Detergent 1kg,Household,24,34,4080.00,3182.40,136
2026-09-04,M002,Milk Powder 500g,Grocery,12,14,4060.00,3248.00,72
2026-09-04,M002,Rice 5kg,Grocery,6,6,2040.00,1693.20,0
2026-09-04,M002,Sugar 1kg,Grocery,21,31,1488.00,1279.68,193
2026-09-04,M002,Tea Powder 500g,Beverages,12,15,3300.00,2475.00,84
2026-09-04,M003,Cold Coffee,Beverages,13,16,1920.00,729.60,199
2026-09-04,M003,Cookies,Snacks,8,10,600.00,216.00,233
2026-09-04,M003,Filter Coffee,Beverages,13,17,850.00,289.00,78
2026-09-04,M003,Masala Chai,Beverages,16,22,880.00,281.60,56
2026-09-04,M003,Samosa,Food,22,32,800.00,240.00,334
2026-09-04,M003,Veg Sandwich,Food,8,9,990.00,415.80,195
2026-09-04,M004,Denim Jeans,Apparel,22,22,31900.00,17545.00,98
2026-09-04,M004,Formal Shirt,Apparel,9,10,11000.00,5940.00,16
2026-09-04,M004,Scarf,Accessories,9,12,4200.00,1932.00,117
2026-09-04,M004,T-Shirt,Apparel,8,12,5988.00,2994.00,171
2026-09-05,M001,Bluetooth Speaker,Electronics,8,9,19800.00,14058.00,2
2026-09-05,M001,Phone Case,Accessories,21,28,7000.00,3920.00,241
2026-09-05,M001,Power Bank,Electronics,8,8,12000.00,8400.00,82
2026-09-05,M001,Screen Guard,Accessories,7,10,1500.00,780.00,98
2026-09-05,M001,Smart Watch,Electronics,8,8,20800.00,14976.00,56
2026-09-05,M001,USB-C Cable,Accessories,11,15,5250.00,3045.00,90
2026-09-05,M001,Wireless Earbuds,Electronics,15,20,36000.00,25200.00,80
2026-09-05,M002,Atta 5kg,Grocery,32,39,10140.00,8314.80,161
2026-09-05,M002,Biscuits Pack,Snacks,31,42,2520.00,1864.80,106
2026-09-05,M002,Detergent 1kg,Household,16,17,2040.00,1591.20,119
2026-09-05,M002,Milk Powder 500g,Grocery,7,7,2030.00,1624.00,65
2026-09-05,M002,Rice 5kg,Grocery,19,22,7480.00,6208.40,168
2026-09-05,M002,Sugar 1kg,Grocery,21,31,1488.00,1279.68,162
2026-09-05,M002,Tea Powder 500g,Beverages,13,16,3520.00,2640.00,68
2026-09-05,M003,Cold Coffee,Beverages,19,22,2640.00,1003.20,177
2026-09-05,M003,Cookies,Snacks,8,10,600.00,216.00,223
2026-09-05,M003,Filter Coffee,Beverages,21,30,1500.00,510.00,48
2026-09-05,M003,Masala Chai,Beverages,31,43,1720.00,550.40,13
2026-09-05,M003,Samosa,Food,35,54,1350.00,405.00,280
2026-09-05,M003,Veg Sandwich,Food,24,30,3300.00,1386.00,165
2026-09-05,M004,Cotton Kurta,Apparel,16,17,15283.00,7947.16,143
2026-09-05,M004,Denim Jeans,Apparel,7,8,11600.00,6380.00,90
2026-09-05,M004,Formal Shirt,Apparel,9,10,11000.00,5940.00,6
2026-09-05,M004,Saree,Ethnic Wear,8,8,17600.00,10208.00,92
2026-09-05,M004,Scarf,Accessories,5,6,2100.00,966.00,111
2026-09-05,M004,T-Shirt,Apparel,39,51,25449.00,12724.50,120
2026-09-06,M001,Bluetooth Speaker,Electronics,7,7,15400.00,10934.00,75
2026-09-06,M001,Phone Case,Accessories,8,13,3250.00,1820.00,228
2026-09-06,M001,Power Bank,Electronics,5,6,9000.00,6300.00,76
2026-09-06,M001,Screen Guard,Accessories,15,23,3450.00,1794.00,75
2026-09-06,M001,Smart Watch,Electronics,13,13,33800.00,24336.00,43
2026-09-06,M001,USB-C Cable,Accessories,11,12,4200.00,2436.00,78
2026-09-06,M001,Wireless Earbuds,Electronics,6,8,14400.00,10080.00,72
2026-09-06,M002,Atta 5kg,Grocery,21,25,6500.00,5330.00,136
2026-09-06,M002,Biscuits Pack,Snacks,19,29,1740.00,1287.60,77
2026-09-06,M002,Cooking Oil 1L,Grocery,29,38,5219.59,4628.40,162
2026-09-06,M002,Detergent 1kg,Household,12,16,1920.00,1497.60,103
2026-09-06,M002,Milk Powder 500g,Grocery,5,7,2030.00,1624.00,58
2026-09-06,M002,Rice 5kg,Grocery,12,15,5100.00,4233.00,153
2026-09-06,M002,Sugar 1kg,Grocery,20,26,1248.00,1073.28,136
2026-09-06,M002,Tea Powder 500g,Beverages,6,8,1760.00,1320.00,60
2026-09-06,M003,Cold Coffee,Beverages,11,13,1560.00,592.80,164
2026-09-06,M003,Cookies,Snacks,6,8,480.00,172.80,215
2026-09-06,M003,Filter Coffee,Beverages,13,19,950.00,323.00,369
2026-09-06,M003,Masala Chai,Beverages,29,43,1720.00,550.40,390
2026-09-06,M003,Samosa,Food,13,22,550.00,165.00,258
2026-09-06,M003,Veg Sandwich,Food,7,9,990.00,415.80,156
2026-09-06,M004,Cotton Kurta,Apparel,13,17,15283.00,7947.16,126
2026-09-06,M004,Denim Jeans,Apparel,9,11,15950.00,8772.50,79
2026-09-06,M004,Formal Shirt,Apparel,8,8,8800.00,4752.00,128
2026-09-06,M004,Saree,Ethnic Wear,13,17,37400.00,21692.00,75
2026-09-06,M004,Scarf,Accessories,3,4,1400.00,644.00,107
2026-09-06,M004,T-Shirt,Apparel,18,21,8766.82,5239.50,99
2026-09-07,M001,Bluetooth Speaker,Electronics,3,3,6600.00,4686.00,72
2026-09-07,M001,Phone Case,Accessories,4,4,1000.00,560.00,224
2026-09-07,M001,Power Bank,Electronics,10,11,16500.00,11550.00,65
2026-09-07,M001,Screen Guard,Accessories,11,16,2400.00,1248.00,459
2026-09-07,M001,Smart Watch,Electronics,11,11,28600.00,20592.00,32
2026-09-07,M001,USB-C Cable,Accessories,8,9,2735.56,1827.00,69
2026-09-07,M001,Wireless Earbuds,Electronics,21,26,46800.00,32760.00,46
2026-09-07,M002,Atta 5kg,Grocery,20,23,5980.00,4903.60,113
2026-09-07,M002,Biscuits Pack,Snacks,15,21,1260.00,932.40,56
2026-09-07,M002,Cooking Oil 1L,Grocery,24,30,4350.00,3654.00,132
2026-09-07,M002,Detergent 1kg,Household,20,23,2760.00,2152.80,80
2026-09-07,M002,Milk Powder 500g,Grocery,5,6,1632.51,1392.00,52
2026-09-07,M002,Rice 5kg,Grocery,14,18,6120.00,5079.60,135
2026-09-07,M002,Sugar 1kg,Grocery,20,28,1344.00,1155.84,108
2026-09-07,M002,Tea Powder 500g,Beverages,14,16,3520.00,2640.00,44
2026-09-07,M003,Cold Coffee,Beverages,7,9,1080.00,410.40,155
2026-09-07,M003,Cookies,Snacks,3,4,240.00,86.40,211
2026-09-07,M003,Filter Coffee,Beverages,13,19,950.00,323.00,350
2026-09-07,M003,Masala Chai,Beverages,21,29,1160.00,371.20,361
2026-09-07,M003,Samosa,Food,5,7,175.00,52.50,251
2026-09-07,M003,Veg Sandwich,Food,3,3,330.00,138.60,153
2026-09-07,M004,Cotton Kurta,Apparel,10,15,13485.00,7012.20,111
2026-09-07,M004,Denim Jeans,Apparel,1,1,1450.00,797.50,78
2026-09-07,M004,Formal Shirt,Apparel,3,3,3300.00,1782.00,125
2026-09-07,M004,Saree,Ethnic Wear,6,6,13200.00,7656.00,69
2026-09-07,M004,Scarf,Accessories,4,5,1750.00,805.00,102
2026-09-07,M004,T-Shirt,Apparel,10,12,5988.00,2994.00,87
2026-09-08,M001,Bluetooth Speaker,Electronics,3,4,8800.00,6248.00,68
2026-09-08,M001,Phone Case,Accessories,5,6,1500.00,840.00,218
2026-09-08,M001,Power Bank,Electronics,5,5,7500.00,5250.00,60
2026-09-08,M001,Screen Guard,Accessories,7,12,1800.00,936.00,447
2026-09-08,M001,Smart Watch,Electronics,17,18,46800.00,33696.00,14
2026-09-08,M001,USB-C Cable,Accessories,9,13,4550.00,2639.00,56
2026-09-08,M001,Wireless Earbuds,Electronics,25,27,48600.00,34020.00,19
2026-09-08,M002,Atta 5kg,Grocery,18,23,5980.00,4903.60,90
2026-09-08,M002,Biscuits Pack,Snacks,13,19,1140.00,843.60,37
2026-09-08,M002,Cooking Oil 1L,Grocery,22,30,4350.00,3654.00,102
2026-09-08,M002,Detergent 1kg,Household,19,25,3000.00,2340.00,55
2026-09-08,M002,Milk Powder 500g,Grocery,4,5,1450.00,1160.00,47
2026-09-08,M002,Rice 5kg,Grocery,23,30,10200.00,8466.00,105
2026-09-08,M002,Sugar 1kg,Grocery,19,27,1296.00,1114.56,81
2026-09-08,M002,Tea Powder 500g,Beverages,14,15,3300.00,2475.00,29
2026-09-08,M003,Cold Coffee,Beverages,14,16,1920.00,729.60,139
2026-09-08,M003,Cookies,Snacks,7,9,540.00,194.40,202
2026-09-08,M003,Filter Coffee,Beverages,9,13,609.30,221.00,337
2026-09-08,M003,Masala Chai,Beverages,17,25,1000.00,320.00,336
2026-09-08,M003,Samosa,Food,8,15,375.00,112.50,236
2026-09-08,M003,Veg Sandwich,Food,3,3,271.74,138.60,150
2026-09-08,M004,Cotton Kurta,Apparel,6,8,7192.00,3739.84,103
2026-09-08,M004,Denim Jeans,Apparel,6,6,8700.00,4785.00,72
2026-09-08,M004,Formal Shirt,Apparel,2,2,2200.00,1188.00,123
2026-09-08,M004,Saree,Ethnic Wear,5,5,11000.00,6380.00,64
2026-09-08,M004,Scarf,Accessories,2,3,1050.00,483.00,99
2026-09-08,M004,T-Shirt,Apparel,5,6,2994.00,1497.00,81
2026-09-09,M001,Bluetooth Speaker,Electronics,4,4,8800.00,6248.00,64
2026-09-09,M001,Phone Case,Accessories,15,18,4500.00,2520.00,200
2026-09-09,M001,Power Bank,Electronics,6,8,12000.00,8400.00,52
2026-09-09,M001,Screen Guard,Accessories,8,10,1500.00,780.00,437
2026-09-09,M001,Smart Watch,Electronics,12,13,33800.00,24336.00,1
2026-09-09,M001,USB-C Cable,Accessories,6,9,3150.00,1827.00,47
2026-09-09,M001,Wireless Earbuds,Electronics,7,9,16200.00,11340.00,10
2026-09-09,M002,Atta 5kg,Grocery,27,31,8060.00,6609.20,59
2026-09-09,M002,Biscuits Pack,Snacks,20,28,1680.00,1243.20,329
2026-09-09,M002,Cooking Oil 1L,Grocery,24,35,5075.00,4263.00,67
2026-09-09,M002,Detergent 1kg,Household,15,24,2880.00,2246.40,31
2026-09-09,M002,Milk Powder 500g,Grocery,3,3,870.00,696.00,44
2026-09-09,M002,Rice 5kg,Grocery,14,18,6120.00,5079.60,87
2026-09-09,M002,Sugar 1kg,Grocery,8,11,528.00,454.08,70
2026-09-09,M002,Tea Powder 500g,Beverages,6,9,1980.00,1485.00,20
2026-09-09,M003,Cold Coffee,Beverages,7,8,960.00,364.80,131
2026-09-09,M003,Cookies,Snacks,2,2,120.00,43.20,200
2026-09-09,M003,Filter Coffee,Beverages,12,15,750.00,255.00,322
2026-09-09,M003,Masala Chai,Beverages,19,29,1160.00,371.20,307
2026-09-09,M003,Samosa,Food,20,33,825.00,247.50,203
2026-09-09,M003,Veg Sandwich,Food,12,14,1540.00,646.80,136
2026-09-09,M004,Cotton Kurta,Apparel,12,15,13485.00,7012.20,88
2026-09-09,M004,Denim Jeans,Apparel,8,9,13050.00,7177.50,63
2026-09-09,M004,Formal Shirt,Apparel,2,2,2200.00,1188.00,121
2026-09-09,M004,Saree,Ethnic Wear,3,3,6600.00,3828.00,61
2026-09-09,M004,Scarf,Accessories,2,2,700.00,322.00,97
2026-09-09,M004,T-Shirt,Apparel,8,11,5489.00,2744.50,70
2026-09-10,M001,Bluetooth Speaker,Electronics,2,2,4400.00,3124.00,62
2026-09-10,M001,Phone Case,Accessories,23,32,8000.00,4480.00,168
2026-09-10,M001,Power Bank,Electronics,6,7,10500.00,7350.00,45
2026-09-10,M001,Screen Guard,Accessories,11,16,2400.00,1248.00,421
2026-09-10,M001,Smart Watch,Electronics,1,1,2600.00,1872.00,0
2026-09-10,M001,USB-C Cable,Accessories,3,4,1400.00,812.00,323
2026-09-10,M001,Wireless Earbuds,Electronics,10,10,18000.00,12600.00,0
2026-09-10,M002,Atta 5kg,Grocery,22,26,6760.00,5543.20,33
2026-09-10,M002,Biscuits Pack,Snacks,19,25,1500.00,1110.00,304
2026-09-10,M002,Cooking Oil 1L,Grocery,26,38,5510.00,4628.40,29
2026-09-10,M002,Detergent 1kg,Household,12,17,1854.77,1591.20,14
2026-09-10,M002,Milk Powder 500g,Grocery,4,5,1450.00,1160.00,39
2026-09-10,M002,Rice 5kg,Grocery,12,14,4760.00,3950.80,73
2026-09-10,M002,Sugar 1kg,Grocery,21,27,1296.00,1114.56,43
2026-09-10,M002,Tea Powder 500g,Beverages,12,15,3300.00,2475.00,175
2026-09-10,M003,Cookies,Snacks,9,13,780.00,280.80,187
2026-09-10,M003,Filter Coffee,Beverages,7,10,500.00,170.00,312
2026-09-10,M003,Masala Chai,Beverages,19,25,1000.00,320.00,282
2026-09-10,M003,Samosa,Food,13,21,525.00,157.50,182
2026-09-10,M003,Veg Sandwich,Food,8,11,1210.00,508.20,125
2026-09-10,M004,Cotton Kurta,Apparel,14,18,16182.00,8414.64,70
2026-09-10,M004,Denim Jeans,Apparel,8,8,11600.00,6380.00,55
2026-09-10,M004,Formal Shirt,Apparel,15,15,16500.00,8910.00,106
2026-09-10,M004,Saree,Ethnic Wear,11,11,24200.00,14036.00,50
2026-09-10,M004,Scarf,Accessories,10,12,4200.00,1932.00,85
2026-09-10,M004,T-Shirt,Apparel,14,15,7485.00,3742.50,55
2026-09-11,M001,Bluetooth Speaker,Electronics,6,6,13200.00,9372.00,56
2026-09-11,M001,Phone Case,Accessories,10,12,3000.00,1680.00,156
2026-09-11,M001,Power Bank,Electronics,5,6,9000.00,6300.00,39
2026-09-11,M001,Screen Guard,Accessories,7,11,1650.00,858.00,410
2026-09-11,M001,Smart Watch,Electronics,15,17,44200.00,31824.00,93
2026-09-11,M001,USB-C Cable,Accessories,6,7,2450.00,1421.00,316
2026-09-11,M001,Wireless Earbuds,Electronics,24,32,57600.00,40320.00,148
2026-09-11,M002,Atta 5kg,Grocery,27,32,8320.00,6822.40,1
2026-09-11,M002,Biscuits Pack,Snacks,17,24,1440.00,1065.60,280
2026-09-11,M002,Cooking Oil 1L,Grocery,29,29,4205.00,3532.20,0
2026-09-11,M002,Detergent 1kg,Household,14,16,1920.00,1497.60,228
2026-09-11,M002,Milk Powder 500g,Grocery,8,9,2610.00,2088.00,30
2026-09-11,M002,Rice 5kg,Grocery,15,15,5100.00,4233.00,58
2026-09-11,M002,Sugar 1kg,Grocery,11,13,624.00,536.64,30
2026-09-11,M002,Tea Powder 500g,Beverages,11,15,3300.00,2475.00,160
2026-09-11,M003,Cold Coffee,Beverages,5,5,482.31,228.00,126
2026-09-11,M003,Cookies,Snacks,5,7,420.00,151.20,180
2026-09-11,M003,Filter Coffee,Beverages,11,17,574.28,289.00,295
2026-09-11,M003,Masala Chai,Beverages,19,32,1280.00,409.60,250
2026-09-11,M003,Samosa,Food,18,28,700.00,210.00,154
2026-09-11,M003,Veg Sandwich,Food,13,16,1760.00,739.20,109
2026-09-11,M004,Cotton Kurta,Apparel,27,33,29667.00,15426.84,37
2026-09-11,M004,Denim Jeans,Apparel,16,17,24650.00,13557.50,38
2026-09-11,M004,Formal Shirt,Apparel,4,4,4400.00,2376.00,102
2026-09-11,M004,Saree,Ethnic Wear,11,13,28600.00,16588.00,37
2026-09-11,M004,Scarf,Accessories,2,2,700.00,322.00,83
2026-09-11,M004,T-Shirt,Apparel,16,24,11976.00,5988.00,31
2026-09-12,M001,Bluetooth Speaker,Electronics,7,8,17600.00,12496.00,48
2026-09-12,M001,Phone Case,Accessories,23,29,7250.00,4060.00,127
2026-09-12,M001,Power Bank,Electronics,2,2,3000.00,2100.00,37
2026-09-12,M001,Screen Guard,Accessories,10,16,2400.00,1248.00,394
2026-09-12,M001,Smart Watch,Electronics,10,11,25357.25,20592.00,82
2026-09-12,M001,USB-C Cable,Accessories,5,6,2100.00,1218.00,310
2026-09-12,M001,Wireless Earbuds,Electronics,17,19,34200.00,23940.00,129
2026-09-12,M002,Atta 5kg,Grocery,30,35,9100.00,7462.00,206
2026-09-12,M002,Biscuits Pack,Snacks,17,26,1560.00,1154.40,254
2026-09-12,M002,Cooking Oil 1L,Grocery,42,58,8410.00,7064.40,142
2026-09-12,M002,Detergent 1kg,Household,15,19,2280.00,1778.40,209
2026-09-12,M002,Milk Powder 500g,Grocery,5,6,1740.00,1392.00,24
2026-09-12,M002,Rice 5kg,Grocery,21,26,8840.00,7337.20,32
2026-09-12,M002,Sugar 1kg,Grocery,10,17,816.00,701.76,273
2026-09-12,M002,Tea Powder 500g,Beverages,17,19,4180.00,3135.00,141
2026-09-12,M003,Cold Coffee,Beverages,6,7,840.00,319.20,119
2026-09-12,M003,Cookies,Snacks,11,13,682.68,280.80,167
2026-09-12,M003,Filter Coffee,Beverages,23,32,1600.00,544.00,263
2026-09-12,M003,Masala Chai,Beverages,14,19,760.00,243.20,231
2026-09-12,M003,Samosa,Food,15,19,475.00,142.50,135
2026-09-12,M003,Veg Sandwich,Food,13,17,1870.00,785.40,92
2026-09-12,M004,Cotton Kurta,Apparel,20,24,21576.00,11219.52,13
2026-09-12,M004,Denim Jeans,Apparel,10,12,17400.00,9570.00,26
2026-09-12,M004,Formal Shirt,Apparel,9,9,9900.00,5346.00,93
2026-09-12,M004,Saree,Ethnic Wear,14,16,35200.00,20416.00,21
2026-09-12,M004,Scarf,Accessories,11,14,4900.00,2254.00,69
2026-09-12,M004,T-Shirt,Apparel,14,19,9481.00,4740.50,12
2026-09-13,M001,Bluetooth Speaker,Electronics,8,8,17600.00,12496.00,40
2026-09-13,M001,Phone Case,Accessories,12,16,4000.00,2240.00,111
2026-09-13,M001,Power Bank,Electronics,6,9,13500.00,9450.00,28
2026-09-13,M001,Screen Guard,Accessories,9,14,2100.00,1092.00,380
2026-09-13,M001,Smart Watch,Electronics,14,15,39000.00,28080.00,67
2026-09-13,M001,USB-C Cable,Accessories,12,14,4900.00,2842.00,296
2026-09-13,M001,Wireless Earbuds,Electronics,15,17,30600.00,21420.00,112
2026-09-13,M002,Atta 5kg,Grocery,16,22,5720.00,4690.40,184
2026-09-13,M002,Biscuits Pack,Snacks,14,22,1320.00,976.80,232
2026-09-13,M002,Cooking Oil 1L,Grocery,29,30,4350.00,3654.00,112
2026-09-13,M002,Detergent 1kg,Household,13,19,2280.00,1778.40,190
2026-09-13,M002,Milk Powder 500g,Grocery,8,9,2610.00,2088.00,15
2026-09-13,M002,Rice 5kg,Grocery,10,13,4420.00,3668.60,19
2026-09-13,M002,Sugar 1kg,Grocery,19,25,1200.00,1032.00,248
2026-09-13,M002,Tea Powder 500g,Beverages,1,1,206.08,165.00,140
2026-09-13,M003,Cold Coffee,Beverages,16,18,2160.00,820.80,101
2026-09-13,M003,Cookies,Snacks,4,4,240.00,86.40,163
2026-09-13,M003,Filter Coffee,Beverages,9,13,650.00,221.00,250
2026-09-13,M003,Masala Chai,Beverages,18,28,1120.00,358.40,203
2026-09-13,M003,Samosa,Food,12,18,450.00,135.00,117
2026-09-13,M003,Veg Sandwich,Food,15,16,1760.00,739.20,76
2026-09-13,M004,Cotton Kurta,Apparel,13,13,11687.00,6077.24,0
2026-09-13,M004,Denim Jeans,Apparel,9,11,15950.00,8772.50,15
2026-09-13,M004,Formal Shirt,Apparel,7,8,8800.00,4752.00,85
2026-09-13,M004,Saree,Ethnic Wear,9,11,24200.00,14036.00,10
2026-09-13,M004,Scarf,Accessories,5,6,2100.00,966.00,63
2026-09-13,M004,T-Shirt,Apparel,18,23,9926.29,5738.50,209
2026-09-14,M001,Bluetooth Speaker,Electronics,5,5,11000.00,7810.00,35
2026-09-14,M001,Phone Case,Accessories,15,21,5250.00,2940.00,90
2026-09-14,M001,Power Bank,Electronics,5,6,9000.00,6300.00,22
2026-09-14,M001,Screen Guard,Accessories,11,17,2550.00,1326.00,363
2026-09-14,M001,Smart Watch,Electronics,16,17,44200.00,31824.00,50
2026-09-14,M001,USB-C Cable,Accessories,4,4,1400.00,812.00,292
2026-09-14,M001,Wireless Earbuds,Electronics,11,16,28800.00,20160.00,96
2026-09-14,M002,Atta 5kg,Grocery,17,19,4940.00,4050.80,165
2026-09-14,M002,Biscuits Pack,Snacks,18,26,1560.00,1154.40,206
2026-09-14,M002,Cooking Oil 1L,Grocery,37,48,6960.00,5846.40,64
2026-09-14,M002,Detergent 1kg,Household,22,30,3600.00,2808.00,160
2026-09-14,M002,Milk Powder 500g,Grocery,4,5,1450.00,1160.00,140
2026-09-14,M002,Rice 5kg,Grocery,19,19,6460.00,5361.80,0
2026-09-14,M002,Sugar 1kg,Grocery,11,16,768.00,660.48,232
2026-09-14,M002,Tea Powder 500g,Beverages,5,5,1100.00,825.00,135
2026-09-14,M003,Cold Coffee,Beverages,7,8,960.00,364.80,93
2026-09-14,M003,Cookies,Snacks,4,4,240.00,86.40,159
2026-09-14,M003,Filter Coffee,Beverages,9,15,750.00,255.00,235
2026-09-14,M003,Masala Chai,Beverages,20,28,1120.00,358.40,175
2026-09-14,M003,Samosa,Food,6,10,250.00,75.00,107
2026-09-14,M003,Veg Sandwich,Food,6,9,990.00,415.80,67
2026-09-14,M004,Cotton Kurta,Apparel,16,19,17081.00,8882.12,141
2026-09-14,M004,Denim Jeans,Apparel,6,6,8700.00,4785.00,9
2026-09-14,M004,Formal Shirt,Apparel,4,4,4400.00,2376.00,81
2026-09-14,M004,Saree,Ethnic Wear,9,10,22000.00,12760.00,0
2026-09-14,M004,Scarf,Accessories,3,4,1400.00,644.00,59
2026-09-14,M004,T-Shirt,Apparel,8,9,4491.00,2245.50,200
2026-09-15,M001,Bluetooth Speaker,Electronics,4,4,8800.00,6248.00,31
2026-09-15,M001,Phone Case,Accessories,11,12,3000.00,1680.00,78
2026-09-15,M001,Power Bank,Electronics,11,11,16500.00,11550.00,11
2026-09-15,M001,Screen Guard,Accessories,10,16,2400.00,1248.00,347
2026-09-15,M001,Smart Watch,Electronics,14,15,39000.00,28080.00,35
2026-09-15,M001,USB-C Cable,Accessories,4,6,2100.00,1218.00,286
2026-09-15,M001,Wireless Earbuds,Electronics,10,12,21600.00,15120.00,84
2026-09-15,M002,Atta 5kg,Grocery,28,39,10140.00,8314.80,126
2026-09-15,M002,Biscuits Pack,Snacks,23,31,1860.00,1376.40,175
2026-09-15,M002,Cooking Oil 1L,Grocery,26,34,4930.00,4141.20,30
2026-09-15,M002,Detergent 1kg,Household,10,11,1320.00,1029.60,149
2026-09-15,M002,Milk Powder 500g,Grocery,10,11,3190.00,2552.00,129
2026-09-15,M002,Rice 5kg,Grocery,12,15,5100.00,4233.00,175
2026-09-15,M002,Sugar 1kg,Grocery,19,26,1248.00,1073.28,206
2026-09-15,M002,Tea Powder 500g,Beverages,13,15,3300.00,2475.00,120
2026-09-15,M003,Cold Coffee,Beverages,4,4,480.00,182.40,89
2026-09-15,M003,Cookies,Snacks,8,11,660.00,237.60,148
2026-09-15,M003,Filter Coffee,Beverages,13,17,850.00,289.00,218
2026-09-15,M003,Masala Chai,Beverages,12,18,720.00,230.40,157
2026-09-15,M003,Samosa,Food,15,27,675.00,202.50,80
2026-09-15,M003,Veg Sandwich,Food,8,8,880.00,369.60,59
2026-09-15,M004,Cotton Kurta,Apparel,12,17,15283.00,7947.16,124
2026-09-15,M004,Denim Jeans,Apparel,5,5,7250.00,3987.50,124
2026-09-15,M004,Formal Shirt,Apparel,2,2,2200.00,1188.00,79
2026-09-15,M004,Saree,Ethnic Wear,12,16,31987.50,20416.00,84
2026-09-15,M004,Scarf,Accessories,4,4,1400.00,644.00,55
2026-09-15,M004,T-Shirt,Apparel,9,11,5489.00,2744.50,189
